﻿<?xml version="1.0" encoding="utf-8"?>
<?xml-stylesheet type="text/xsl" href="..\html\lab.xslt"?>
<Lab Title="Batch File Upload">
	<Time>45 Minutes</Time>
	<SnippetCategory>Day 1 - Document Management/Batch File Upload</SnippetCategory>
	<Overview>
		In this lab, you will create a console application that uploads files into one or more SharePoint document libraries
		in a batch operation.  Using your solution, an enterprise content administrator can create an XML content manifest
		that specifies the source files and folders as well as the target sites and document libraries into which the files
		should be copied.  Your solution will also include the option of creating the target document libraries if they
		do not already exist.
	</Overview>
	<Exercise Title="Create the Visual Studio Project">
		<p>
			Start by creating a <b>Console Application</b> project named <b>ECM401.BatchFileUpload</b> in Visual Studio.
		</p>
		<p>
			Add a reference to the <b>Microsoft.SharePoint</b> assembly.
		</p>
		<p>
			Open the <b>Program.cs</b> file and import the System.Reflection namespace at the top of the file.
			<code><![CDATA[using System.Reflection;]]></code>
			Your program will require a single argument, which will be the path to a file containing
			file upload instructions.  Insert the highlighted code into the static Main method, as follows:
			<code>
				<![CDATA[        
static void Main(string[] args)
{]]>
				<highlight>
					<![CDATA[
	if (args.Length > 0)
	{
		ProcessUploadSpecification(args[0]);
	}
	else
	{
		Console.WriteLine("No specification file provided.\n");
		Console.WriteLine("Usage:");
		Console.WriteLine("\t{0} <filename>",Assembly.GetExecutingAssembly().GetName().Name);
	}
	Console.Write("\nPress any key...");
	Console.ReadKey();
			]]>
				</highlight>
				<![CDATA[
}]]>
			</code>
		</p>
		<p>
			Create a placeholder for the main processing method as follows:
			<code><![CDATA[static void ProcessUploadSpecification(string specificationFile){}]]></code>
		</p>
		<p>
			Save and close the <b>Program.cs</b> file.  Build the project.
		</p>
	</Exercise>
	<Exercise Title="Define the BatchFileProcessor schema">
		<p>
			Before writing the code to upload files, you will need a way for administrators to describe the source files, their locations and the target libraries into which they will be copied.
			Since they will be creating an XML file to describe the files, the best way to ensure they construct the file properly is to use an XML schema.
		</p>
		<p>
			To add an XML Schema to your solution, right-click the project name in the Solution Explorer and select <b>Add New Item...</b>
		</p>
		<p>
			On the <b>Add New Item</b> dialog, choose the <b>XML Schema</b> item type and give it the name "_BatchFileProcessor.xsd" as shown below.
		</p>
		<Note>
			When working with XSD files, we will use the convention of prefixing the filename with a single underscore.  This will make it easier to
			extend the classes in subsequent steps.
		</Note>
		<img>Day1_BatchFileProcessor_xsd.png</img>
		<p>Add the following highlighted code to the _BatchFileProcessor.xsd file.</p>
		<Note>You can either cut and paste, re-type or use the supplied code snippet.</Note>
		<code snippet="Batch File Processor Schema">
			<![CDATA[
<xs:schema id="_BatchFileProcessor"
    targetNamespace="http://tempuri.org/_BatchFileProcessor.xsd"
    elementFormDefault="qualified"
    xmlns="http://tempuri.org/_BatchFileProcessor.xsd"
    xmlns:mstns="http://tempuri.org/_BatchFileProcessor.xsd"
    xmlns:xs="http://www.w3.org/2001/XMLSchema"
>]]>
			<highlight>
				<![CDATA[
	<xs:element name="BatchFileProcessor" type="BatchFileProcessor"/>
	<xs:complexType name="BatchFileProcessor">
		<xs:sequence>
			<xs:element name="Batch" type="BatchDefinition" minOccurs="0" maxOccurs="unbounded"/>
		</xs:sequence>
	</xs:complexType>

	<xs:complexType name="BatchDefinition">
		<xs:sequence>
			<xs:element name="Sources" type="SourceSpecificationList" minOccurs="1" maxOccurs="1"/>
			<xs:element name="Targets" type="TargetSpecificationList" minOccurs="1" maxOccurs="1"/>
		</xs:sequence>
		<xs:attribute name="Name" type="xs:string"/>
	</xs:complexType>

	<xs:complexType name="SourceSpecificationList">
		<xs:sequence>
			<xs:element name="FileMask" type="FileSpecification" minOccurs="1" maxOccurs="unbounded"/>
		</xs:sequence>
	</xs:complexType>

	<xs:complexType name="TargetSpecificationList">
		<xs:sequence>
			<xs:element name="Library" type="LibrarySpecification" minOccurs="1" maxOccurs="unbounded"/>
		</xs:sequence>
	</xs:complexType>

	<xs:complexType name="FileSpecification">
		<xs:simpleContent>
			<xs:extension base="xs:string"/>
		</xs:simpleContent>
	</xs:complexType>

	<xs:complexType name="LibrarySpecification">
		<xs:sequence>
			<xs:element name="Web" type="xs:string"/>
		</xs:sequence>
		<xs:attribute name="Name" type="xs:string" use="required"/>
		<xs:attribute name="Create" type="xs:boolean" default="false"/>
	</xs:complexType>
	]]>
			</highlight><![CDATA[
</xs:schema>
            ]]>
		</code>
	</Exercise>
	<Exercise Title="Generate wrapper classes">
		<Intro>
			There are a number of tools available that facilitate serializing and de-serializing XML files to and from Visual Basic and C# classes.
			One such tool is called XSD.EXE and is part of the standard Visual Studio product.  To make it easier to work with XSD files from within the IDE,
			the ECM401 <b>Student\Resources</b> folder contains a DLL named XsdClassGenerator.  This DLL provides a wrapper for XSD.EXE which allows it to be
			called from a <b>custom tool</b>.

			<p>
				In this exercise, you will use the XsdClassGenerator custom tool to convert your BatchFileProcessor schema
				into C# classes. <b>You will be using this same technique in subsequent labs to create custom classes for your other SharePoint solutions.</b>
			</p>
		</Intro>
		<p>
			From the Visual Studio <b>Solution Explorer</b>, click the <b>_BatchFileProcessor.xsd</b> file to select it.  In the properties pane,
			enter <b>ECM401.BatchFileUpload</b> into the <b>Custom Tool Namespace</b> property.  Enter <b>XsdClassGenerator</b> into the <b>Custom Tool</b>
			property and press <b>Enter</b>.  Visual Studio responds by generating the file <b>BatchFileProcessor.cs</b> as
			a link underneath the xsd file. <br/>Double-click it to examine the generated code.
		</p>
		<Note>
			Notice that the classes are generated as <u>partial</u> classes.  This allows you to extend them easily using <u>code-beside</u> files.
		</Note>
		<p>
			Next, you will extend the generated classes with a <b>factory method</b> that handles the de-serialization of data.
		</p>
		<p>
			First, create a code-beside file for the generated BatchFileProcessor class.  Right-click the project node in Solution Explorer, select <b>Add->New Item...</b> and then choose <b>Class</b>
			to create a new empty class file with the name <b>BatchFileProcessor.cs</b>.
		</p>
		<p>
			Open the file and import the required namespaces at the top of the file.
		</p>
		<code>
using System.IO;
using System.Xml;
using System.Xml.Serialization;
		</code>
		<p>
			To support logging to the console, add an event/delegate pair just inside the class declaration block.
			<code snippet="Log Message">
				<![CDATA[
public delegate void LogMessage(string message, params object[] args);
public event LogMessage Log;
		]]>
			</code>
		</p>
		<p>
			Next, add a static factory method to de-serialize an XML upload specification into a BatchFileProcess instance.
			<code snippet="Load Method">
				<![CDATA[
/// <summary>
/// Loads a batch file processor from an XML file.
/// </summary>
/// <param name="fileSpec"></param>
/// <returns></returns>
public static BatchFileProcessor Load(string fileSpec)
{
    BatchFileProcessor processor = null;
    try
    {
        XmlSerializer ser = new XmlSerializer(typeof(BatchFileProcessor), "");
        processor = (BatchFileProcessor)ser.Deserialize(new FileStream(fileSpec, FileMode.Open));
    }
    catch
    {
    }
    return processor;
}
		]]>
			</code>
		</p>
		<p>
			The Execute() method processes each BatchDefinition object in the upload specification, copying
			the source files into the designated document libraries.  Add the following code to implement
			this method.
			<code snippet="Execute Method">
				<![CDATA[
/// <summary>
/// Executes the upload specification to process files.
/// </summary>
public void Execute()
{
    foreach (BatchDefinition batch in this.Batch)
    {
        Log("Processing batch: {0}", batch.Name);

        // construct a list of source files to be processed
        List<FileInfo> files = new List<FileInfo>();
        foreach (FileSpecification fileSpec in batch.Sources)
            files.AddRange(ExpandWildcards(fileSpec.Value));

        // process the list against the target libraries
        foreach (LibrarySpecification library in batch.Targets)
        {
            if (library.Exists)
                library.Upload(files);
        }
    }
}
				]]>
			</code>
		</p>
		<p>
			To handle wildcards, you will need a utility method to get the list of files by
			expanding the wildcard file mask.  Enter the following code to implement this method.
			<code snippet="Expand Wildcards">
				<![CDATA[
/// <summary>
/// Reduces a wildcard mask to an array of FileInfo objects.
/// </summary>
static FileInfo[] ExpandWildcards(string mask)
{
    string folderName = Path.GetDirectoryName(mask);
    if (null == folderName || folderName.Length == 0)
    {
        folderName = Environment.CurrentDirectory;
    }
    DirectoryInfo folder = new DirectoryInfo(Path.GetFullPath(folderName));
    return folder.GetFiles(Path.GetFileName(mask));
}
				]]>
			</code>
		</p>
		<p>
			Add a new <b>code file</b> to the project named "LibrarySpecification.cs".  Within this file, you will
			add code to extend the generated <b>LibrarySpecification</b> object defined in the schema.  First, create
			the class declaration as follows:
			<code>
				<![CDATA[
using System.Collections.Generic;
using System.Text;
using System.Text.RegularExpressions;
using System.IO;
using Microsoft.SharePoint;

namespace ECM401.BatchFileUpload
{
    /// <summary>
    /// This class extends the generated library specification class
    /// to include a file upload method.
    /// </summary>
    public partial class LibrarySpecification
    {
	}
}
				]]>
			</code>
		</p>
		<p>
			The <b>LibrarySpecification</b> schema element is used to declare the name and location of a document
			library into which files can be uploaded.  Here you will declare a data member to hold a reference 
			to the target document library and a boolean variable to keep track of whether the existence of the 
			library has already been determined.
		</p>
		<p>
			Add the following highlighted code just inside the class declaration:
			<code>
				<![CDATA[
public partial class LibrarySpecification
{
				]]>
				<highlight>
					<![CDATA[
    private SPDocumentLibrary m_docLib = null;
    private bool m_existenceChecked = false;
					]]>
				</highlight>
				<![CDATA[
}				
				]]>
			</code>
		</p>
		<p>
			Next, you will need a routine to perform the actual file upload.  This method relies on the SharePoint
			object model to do the work.  Add the following method to the class:
			<code snippet="Library Upload Method">
				<![CDATA[
/// <summary>
/// Uploads a list of files into the library.
/// </summary>
/// <param name="files"></param>
public void Upload(List<FileInfo> files)
{
    foreach (FileInfo info in files)
    {
        try
        {
            // Get the file bits.
            using (FileStream fs = info.Open(FileMode.Open))
            {
                // Add the bits to the document library.
                m_docLib.RootFolder.Files.Add(info.Name, fs);
            }
        }
        catch
        {
        }
    }
    m_docLib.Update();
}				
				]]>
			</code>
		</p>
		<p>
			To convert easily between the absolute website url provided by the administrator and the
			site-relative url expected by the SharePoint API, you will use a simple conversion routine
			that utilizes regular expressions to extract the path.<br/>Add the following method to 
			the <b>LibrarySpecification</b> class:
			<code>
				<![CDATA[
private string SiteRelativeUrl(string absoluteUrl)
{
    Regex r = new Regex(@"(?<protocol>\w+)://[^/]+(?<path>.+)?", RegexOptions.Compiled);
    return r.Match(absoluteUrl).Result("${path}");
}
				]]>
			</code>
		</p>
		<p>
			Finally, you need a property that determines whether the document library exists, and creates it
			if not.  This property can also handle clearing the library if the <b>Clear</b> flag is set for
			the library specification.  Add the following property to the LibrarySpecification class.
			<code snippet="Library Exists Property">
				<![CDATA[
/// <summary>
/// If the library is marked to be created, then this method
/// creates the library if necessary.  Otherwise, it checks to determine
/// whether the library exists.
/// </summary>
public bool Exists
{
    get
    {
        if (m_docLib != null)
            return true;
        if (!m_existenceChecked)
        {
            // first time, try to get the doc lib
            try
            {
                using (SPSite site = new SPSite(this.Web))
                {
                    string url = SiteRelativeUrl(this.Web);
                    using (SPWeb web = site.OpenWeb(url))
                    {
                        try
                        {
                            m_docLib = web.Lists[this.Name] as SPDocumentLibrary;
                        }
                        catch
                        {
                        }
                        // Create the library if it does not exist and the 'create'
                        // flag is on for the target library.
                        if (m_docLib == null && this.Create)
                        {
                            Guid guid = web.Lists.Add(this.Name, "Created by ECM401 Batch File Processor", SPListTemplateType.DocumentLibrary);
                            m_docLib = web.Lists[guid] as SPDocumentLibrary;
                            // turn on the flag to display the library in the quicklaunch bar
                            m_docLib.OnQuickLaunch = true;
                            m_docLib.Update();
                        }
                    }
                }
            }
            catch
            {
            }
            m_existenceChecked = true;
        }
        // Check the 'clear' flag to determine whether to
        // clear the library before files are uploaded.
        if (m_docLib != null && this.Clear)
        {
            try
            {
                foreach (SPListItem item in m_docLib.Items)
                    item.Delete();
            }
            catch
            {
            }
        }
        return m_docLib != null;
    }
}				
				]]>
			</code>
		</p>
		<p>
			Close the file and build the project.
		</p>
	</Exercise>
	<Exercise Title="Create a sample upload specification">
		<p>Next, you will create a sample upload specification file in the same way that a content administrator would.</p>
		<p>
			Start by adding a new XML file to your project.  Right-click on the project node in Solution Explorer and select <b>Add->New Item...</b>.  From
			the <b>Add New Item</b> dialog, select <b>XML File</b> and give it the name <b>Sample.xml</b>.
		</p>
		<p>
			To ensure that you've entered the data correctly, you will attach a schema to the file.  This will tell Visual Studio how to process the
			file, and also enable <i>IntelliSense</i>.
		</p>
		<p>
			Click anywhere within the <b>Sample.xml</b> file, then in the properties pane, select the <b>Schemas</b> property and click the ellipsis to open the <b>XML Schemas</b> dialog.
		</p>
		<p>
			Scroll through the list until you find the <b>BatchFileProcessor.xsd</b> file.  Select <b>Use this schema</b> from the dropdown menu in the <b>Use</b> column and press OK.  Now, your sample data file will be validated as you enter the upload specification.
		</p>
		<p>
			Replace the <b>sample.xml</b> file contents with the following code (cut-and-paste, re-type or use the code snippet provided).
			<code snippet="Sample Upload Specification">
				<![CDATA[
<?xml version="1.0" encoding="utf-8" ?>
<BatchFileProcessor xmlns="http://tempuri.org/_BatchFileProcessor.xsd">
	<Batch Name="Document Templates">
		<Sources>
			<FileMask>C:\ECM401\Student\Resources\Documents\*.docx</FileMask>
			<FileMask>C:\ECM401\Student\Resources\Documents\*.pdf</FileMask>
		</Sources>
		<Targets>
			<Library Name="Shared Documents" Create="true" Clear="true">
				<Web>http://localhost:401/docman/part1</Web>
			</Library>
			<Library Name="Document Templates" Create="true" Clear="true">
				<Web>http://localhost:401/docman/part1</Web>
			</Library>
		</Targets>
	</Batch>
	<Batch Name="Worksheets">
		<Sources>
			<FileMask>C:\ECM401\Student\Resources\Documents\*.xlsx</FileMask>
		</Sources>
		<Targets>
			<Library Name="Worksheets" Create="true" Clear="true">
				<Web>http://localhost:401/docman/part1</Web>
			</Library>
		</Targets>
	</Batch>
	<Batch Name="Presentations">
		<Sources>
			<FileMask>C:\ECM401\Student\Resources\Documents\*.ppt</FileMask>
			<FileMask>C:\ECM401\Student\Resources\Documents\*.pptx</FileMask>
		</Sources>
		<Targets>
			<Library Name="Presentations" Create="true" Clear="true">
				<Web>http://localhost:401/docman/part1</Web>
			</Library>
		</Targets>
	</Batch>
</BatchFileProcessor> 
                ]]>
			</code>
		</p>
	</Exercise>
	<Exercise Title="Write the de-serialization logic">
		<p>
			Now that you have extended the BatchFileProcessor class so that it supports de-serialization, you
			can implement the processing code in the main program.
		</p>
		<p>
			Open the <b>Program.cs</b> file and add the following highlighted code to the ProcessUploadSpecification method.
		</p>
		<code>
			<![CDATA[
static void ProcessUploadSpecification(string specificationFile)
{]]>
			<highlight>
				<![CDATA[
    Console.WriteLine("Processing specification file: {0}", specificationFile);
    BatchFileProcessor processor = BatchFileProcessor.Load(specificationFile);
    if (processor != null)
    {
        processor.Log += new BatchFileProcessor.LogMessage(processor_Log);
        processor.Execute();
    }
			]]>
			</highlight>
			<![CDATA[
}
]]>
		</code>
		<p>
			To handle log messages, add the following method:
			<code>
				<![CDATA[
static void processor_Log(string message, params object[] args)
{
    Console.WriteLine(message, args);
}
]]>
			</code>
		</p>
		<p>
			Save and close all files.
		</p>
	</Exercise>
	<Exercise Title="Test your work">
		<p>
			Open a web browser and navigate to the <b>http://localhost:401/docman/part1</b> website.  Verify that
			there are no document libraries in the site.  Leave the browser open.
		</p>
		<p>
			Now, build and test the program using the sample.xml file you created previously.  Add the <b>sample.xml</b> file
			to the command arguments textbox in the debug settings property page for the project.
			<Note>Make sure you change the startup direcctory to point to the project folder.</Note>
		</p>
		<img>Day1_BatchFileUploadDebugSettings.png</img>
		<p>
			Press Ctrl+F5 to build the project and run the test.  When the program has finished running, you should
			see a screen similar to the following.
		</p>
		<img>Day1_BatchFileUploadRun.png</img>
		<p>
			Go back to the web browser and refresh the page.  You should now see the newly created document libraries.
			Open them to verify that the files were uploaded properly.  Click one or more links to open the document either
			in the browser or in the associated client application.
		</p>
		<img>Day1_BatchFileUploadVerification.png</img>
	</Exercise>
	<Note>This concludes the lab exercises.</Note>

</Lab>