<?xml version="1.0" encoding="utf-8"?>
<?xml-stylesheet type="text/xsl" href="..\html\lab.xslt"?>
<Lab xmlns="http://tempuri.org/LabDefinition.xsd" Sequence="1" Title="Dynamic Document Templates">
  <SnippetCategory></SnippetCategory>
  <Time>50 Minutes</Time>
  <Overview>In this lab, you will create a feature that installs a content type that uses a custom document template based on an ASPX file instead of a typical client-based document template.  Your server-side document template will contain controls for gathering initial metadata that will then drive the creation of the actual document displayed to the user.  Based on the initial metadata, your code will decide which client-side template to apply to the new document and what metadata it will contain.</Overview>
  <Exercises>
    <Exercise Title="Create a SharePoint feature project">
      <p style="Introduction">
        The quickest way to create a new feature project is to use the SharePoint Feature project template provided with the lab materials.  This project template depends on wizards which are implemented in the <b>ECM401</b> project located in the <b>Student\Solution\ECM401</b> folder.  If you have not done so already, open this project in Visual Studio and build it.  The post-build event actions will copy the project feature template into the <b>Visual Studio</b> environment.  After building the project, remember to close and re-open Visual Studio.
      </p>
      <p>
        Start by using the feature wizard to create a <b>new SharePoint Feature project</b> using the template provided. Fill in the properties as shown in the following screenshot.
      </p>
      <image>DynamicDocumentTemplates_FeatureDetails.png</image>
    </Exercise>
  </Exercises>
</Lab>