﻿<Solution SolutionId="{173DC324-BE3B-420a-AB03-4287BEC9B6F3}" xmlns="http://schemas.microsoft.com/sharepoint/" >
	<TemplateFiles>
		<!-- Add all files that make out the U2U Job Definition Configurator feature -->
		<TemplateFile Location="IMAGES\WebExt Configurator\FeatureIcon.jpg" />
		<TemplateFile Location="ADMIN\admin.sitemap.wec.xml" />
    <TemplateFile Location="ADMIN\WebExt Configurator\WebExtConfigurator.aspx" />
    <TemplateFile Location="ADMIN\WebExt Configurator\help\HelpWebExtConfigurator.htm" />
	</TemplateFiles>

	<!-- Add all assemblies that make out the feature -->
	<Assemblies>
		<Assembly DeploymentTarget="GlobalAssemblyCache" Location="GAC\WebExtensionsConfigurator.dll" />
    <Assembly DeploymentTarget="GlobalAssemblyCache" Location="GAC\WCFLibrary.dll" />
  </Assemblies>

	<FeatureManifests>
		<FeatureManifest Location="WebExt Configurator\feature.xml"/>
	</FeatureManifests>
</Solution>
