<?xml version="1.0" encoding="UTF-8" standalone="yes"?><LitwareLetter xmlns:xsi="http://www.w3.org/2001/XMLSchema-instance" xmlns:xsd="http://www.w3.org/2001/XMLSchema" xmlns="http://litware.com/2006/letters">
  <Customer>
    <FirstName>Brian</FirstName>
    <LastName>Cox</LastName>
    <Company>Litware</Company>
    <Address>1000 Madison Ave</Address>
    <City>Las Vegas</City>
    <State>NV</State>
    <Zip>32145</Zip>
  </Customer>
  
  <Date>December 25, 2006</Date>
  
  <Body>We miss you. Please give us a call.</Body>
  
  <Employee>
    <Name>Angela Barbariol</Name>
  </Employee>
  
</LitwareLetter>