<?xml version="1.0" encoding="utf-8" ?>
<!-- _lcid="1033" _version="12.0.3015" _dal="1"   -->
<!-- _LocalBinding   -->

<!-- Insert Workflow.xml Code Snippet here.  To do this:
1) Right click on this page and select "Insert Snippet" (or press Ctrl+K, then X)
2) Select Snippets->SharePoint Workflow->Workflow.xml Code -->
<Elements xmlns="http://schemas.microsoft.com/sharepoint/">
	<Workflow
		 Name="Litware Custom Timesheet Approval C#"
		 Description="This workflow does a whole bunch of great stuff..."
		 Id="{99D44250-C26D-4981-80E4-29FAD4004E9F}"
		 CodeBesideClass="CustomApproval.Workflow1"
		 CodeBesideAssembly="CustomApproval, Version=1.0.0.0, Culture=neutral, PublicKeyToken=6479e6da8b088665"
		 TaskListContentTypeId="0x01080100C9C9515DE4E24001905074F980F93160"
		 AssociationUrl="_layouts/CstWrkflIP.aspx"
		 InstantiationUrl="_layouts/IniWrkflIP.aspx"
		 ModificationUrl="_layouts/ModWrkflIP.aspx"
		 StatusUrl="_layouts/WrkStat.aspx">

		<Categories/>
		<!-- Tags to specify InfoPath forms for the workflow; delete tags for forms that you do not have -->
		<MetaData>
			<Association_FormURN>urn:schemas-microsoft-com:office:infopath:CustomApprovalAssoc:-myXSD-2007-07-13T02-58-42</Association_FormURN>
			<Instantiation_FormURN>urn:schemas-microsoft-com:office:infopath:CustomApprovalInit:-myXSD-2007-07-13T02-58-42</Instantiation_FormURN>
			<Task0_FormURN>urn:schemas-microsoft-com:office:infopath:CustomApprovalTask:-myXSD-2007-07-13T06-48-40</Task0_FormURN>

			<AssociateOnActivation>false</AssociateOnActivation>
		</MetaData>
	</Workflow>
</Elements>



