﻿<Solution 
  SolutionId="AF3A55F6-9D9C-4762-B876-A805547AB63D" 
	xmlns="http://schemas.microsoft.com/sharepoint/">

  <FeatureManifests>
    <FeatureManifest Location="LitwareUserControlWebParts\feature.xml" />
  </FeatureManifests>
 
  <TemplateFiles>
    <TemplateFile Location="CONTROLTEMPLATES\LitwareUserControlWebParts\Hello.ascx"/>
    <TemplateFile Location="CONTROLTEMPLATES\LitwareUserControlWebParts\Hello2.ascx"/>
    <TemplateFile Location="CONTROLTEMPLATES\LitwareUserControlWebParts\Hello3.ascx"/>
    <TemplateFile Location="CONTROLTEMPLATES\LitwareUserControlWebParts\Hello4.ascx"/>
    <TemplateFile Location="CONTROLTEMPLATES\LitwareUserControlWebParts\Hello4Editor.ascx"/>
    <TemplateFile Location="CONTROLTEMPLATES\LitwareUserControlWebParts\Hello5.ascx"/>
    <TemplateFile Location="CONTROLTEMPLATES\LitwareUserControlWebParts\Hello5Editor.ascx"/>
    <TemplateFile Location="CONTROLTEMPLATES\LitwareUserControlWebParts\Hello6.ascx"/>
    <TemplateFile Location="CONTROLTEMPLATES\LitwareUserControlWebParts\Hello7.ascx"/>
    <TemplateFile Location="IMAGES\TPG\PithHelmet.gif"/>
  </TemplateFiles>

  <Assemblies>
    <Assembly DeploymentTarget="GlobalAssemblyCache"   Location="LitwareUserControlWebParts.dll">
      <SafeControls>
        <SafeControl Assembly="LitwareUserControlWebParts, Version=1.0.0.0, Culture=neutral, PublicKeyToken=74bad7277fe0d19e" 
                     Namespace="LitwareUserControlWebParts" TypeName="*" Safe="True"/>
      </SafeControls>
    </Assembly>
	</Assemblies>

</Solution>