<?xml version="1.0" encoding="UTF-8"?><?xml-stylesheet type='text/xsl' href='_UpgradeReport_Files/UpgradeReport.xslt'?><UpgradeLog>
<Properties><Property Name="Solution" Value="HelloWorkflow">
</Property><Property Name="Solution File" Value="C:\Temp\HelloWorkflow\HelloWorkflow.sln">
</Property><Property Name="Date" Value="Friday, January 23, 2009">
</Property><Property Name="Time" Value="5:43 AM">
</Property></Properties><Event ErrorLevel="0" Project="HelloWorkflow" Source="HelloWorkflow.csproj" Description="Project converted successfully">
</Event><Event ErrorLevel="3" Project="HelloWorkflow" Source="HelloWorkflow.csproj" Description="Converted">
</Event><Event ErrorLevel="0" Project="" Source="HelloWorkflow.sln" Description="Solution converted successfully">
</Event><Event ErrorLevel="3" Project="" Source="HelloWorkflow.sln" Description="Converted">
</Event><Event ErrorLevel="0" Project="HelloWorkflow" Source="HelloWorkflow.csproj" Description="Scan complete: Upgrade not required for project files.">
</Event></UpgradeLog>