<?xml version="1.0" encoding="UTF-8" standalone="yes"?>
<w:document xmlns:ve="http://schemas.openxmlformats.org/markup-compatibility/2006" xmlns:o="urn:schemas-microsoft-com:office:office" xmlns:r="http://schemas.openxmlformats.org/officeDocument/2006/relationships" xmlns:m="http://schemas.openxmlformats.org/officeDocument/2006/math" xmlns:v="urn:schemas-microsoft-com:vml" xmlns:wp="http://schemas.openxmlformats.org/drawingml/2006/wordprocessingDrawing" xmlns:w10="urn:schemas-microsoft-com:office:word" xmlns:w="http://schemas.openxmlformats.org/wordprocessingml/2006/main" xmlns:wne="http://schemas.microsoft.com/office/word/2006/wordml"><w:body><w:p w:rsidR="006F30E7" w:rsidRDefault="006E2AFF"><w:r><w:rPr><w:noProof/></w:rPr><w:drawing><wp:anchor distT="0" distB="0" distL="114300" distR="114300" simplePos="0" relativeHeight="251658240" behindDoc="0" locked="0" layoutInCell="1" allowOverlap="1"><wp:simplePos x="0" y="0"/><wp:positionH relativeFrom="margin"><wp:align>center</wp:align></wp:positionH><wp:positionV relativeFrom="margin"><wp:align>top</wp:align></wp:positionV><wp:extent cx="3251173" cy="2552369"/><wp:effectExtent l="19050" t="0" r="6377" b="0"/><wp:wrapTopAndBottom/><wp:docPr id="2" name="camldotnet.png" descr="C:\Documents and Settings\Administrator\My Documents\My Pictures\camldotnet.png"/><wp:cNvGraphicFramePr><a:graphicFrameLocks xmlns:a="http://schemas.openxmlformats.org/drawingml/2006/main" noChangeAspect="1"/></wp:cNvGraphicFramePr><a:graphic xmlns:a="http://schemas.openxmlformats.org/drawingml/2006/main"><a:graphicData uri="http://schemas.openxmlformats.org/drawingml/2006/picture"><pic:pic xmlns:pic="http://schemas.openxmlformats.org/drawingml/2006/picture"><pic:nvPicPr><pic:cNvPr id="0" name="camldotnet.png"/><pic:cNvPicPr/></pic:nvPicPr><pic:blipFill><a:blip r:link="rId4"/><a:stretch><a:fillRect/></a:stretch></pic:blipFill><pic:spPr><a:xfrm><a:off x="0" y="0"/><a:ext cx="3251173" cy="2552369"/></a:xfrm><a:prstGeom prst="rect"><a:avLst/></a:prstGeom></pic:spPr></pic:pic></a:graphicData></a:graphic></wp:anchor></w:drawing></w:r></w:p><w:sectPr w:rsidR="006F30E7" w:rsidSect="006F30E7"><w:pgSz w:w="12240" w:h="15840"/><w:pgMar w:top="1440" w:right="1440" w:bottom="1440" w:left="1440" w:header="720" w:footer="720" w:gutter="0"/><w:cols w:space="720"/><w:docGrid w:linePitch="360"/></w:sectPr></w:body></w:document>