<?xml version="1.0" encoding="UTF-8" standalone="yes"?>
<w:fonts xmlns:r="http://schemas.openxmlformats.org/officeDocument/2006/relationships" xmlns:w="http://schemas.openxmlformats.org/wordprocessingml/2006/main"><w:font w:name="Calibri"><w:panose1 w:val="020F0502020204030204"/><w:charset w:val="00"/><w:family w:val="swiss"/><w:pitch w:val="variable"/><w:sig w:usb0="A00002EF" w:usb1="4000207B" w:usb2="00000000" w:usb3="00000000" w:csb0="0000009F" w:csb1="00000000"/></w:font><w:font w:name="Times New Roman"><w:panose1 w:val="02020603050405020304"/><w:charset w:val="00"/><w:family w:val="roman"/><w:pitch w:val="variable"/><w:sig w:usb0="20002A87" w:usb1="80000000" w:usb2="00000008" w:usb3="00000000" w:csb0="000001FF" w:csb1="00000000"/></w:font><w:font w:name="Tahoma"><w:panose1 w:val="020B0604030504040204"/><w:charset w:val="00"/><w:family w:val="swiss"/><w:pitch w:val="variable"/><w:sig w:usb0="61002A87" w:usb1="80000000" w:usb2="00000008" w:usb3="00000000" w:csb0="000101FF" w:csb1="00000000"/></w:font><w:font w:name="Cambria"><w:panose1 w:val="02040503050406030204"/><w:charset w:val="00"/><w:family w:val="roman"/><w:pitch w:val="variable"/><w:sig w:usb0="A00002EF" w:usb1="4000004B" w:usb2="00000000" w:usb3="00000000" w:csb0="0000009F" w:csb1="00000000"/></w:font></w:fonts>