<?xml version="1.0" encoding="utf-8"?>
<!--Manifest created STSDEV utility at 10/2/2008 2:54:13 PM-->
<Solution SolutionId="56FFA9A7-8E94-4AD4-BE89-A65BD9A7FA95" ResetWebServer="True" xmlns="http://schemas.microsoft.com/sharepoint/">
  <!--Feature Manifest files-->
  <FeatureManifests>
    <FeatureManifest Location="WingtipBranding\feature.xml" />
    <FeatureManifest Location="WingtipBrandingChildSiteInitializer\feature.xml" />
  </FeatureManifests>
  <!--TEMPLATE files-->
  <TemplateFiles>
    <TemplateFile Location="IMAGES\WingtipBranding\AfricanPith32.gif" />
    <TemplateFile Location="IMAGES\WingtipBranding\SiteLogo.gif" />
    <TemplateFile Location="LAYOUTS\1033\styles\WingtipBranding\BreadcrumbTile.gif" />
    <TemplateFile Location="LAYOUTS\1033\styles\WingtipBranding\HeathersCleanCalendarCSS.css" />
    <TemplateFile Location="LAYOUTS\1033\styles\WingtipBranding\Logo.gif" />
    <TemplateFile Location="LAYOUTS\1033\styles\WingtipBranding\main.css" />
    <TemplateFile Location="LAYOUTS\1033\styles\WingtipBranding\print.css" />
    <TemplateFile Location="LAYOUTS\1033\styles\WingtipBranding\spstyles.css" />
    <TemplateFile Location="LAYOUTS\1033\styles\WingtipBranding\styles.css" />
    <TemplateFile Location="LAYOUTS\1033\styles\WingtipBranding\TopBanner.jpg" />
    <TemplateFile Location="LAYOUTS\1033\styles\WingtipBranding\TopBanner.psd" />
    <TemplateFile Location="LAYOUTS\1033\styles\WingtipBranding\TopNavTile.gif" />
    <TemplateFile Location="LAYOUTS\1033\styles\WingtipBranding\images\BarGradation.gif" />
    <TemplateFile Location="LAYOUTS\1033\styles\WingtipBranding\images\BarGradationDark.gif" />
    <TemplateFile Location="LAYOUTS\1033\styles\WingtipBranding\images\BarGradationDark_Horz.gif" />
    <TemplateFile Location="LAYOUTS\1033\styles\WingtipBranding\images\BarGradation_Horz.gif" />
    <TemplateFile Location="LAYOUTS\WingtipBranding\BrandManagement.aspx" />
  </TemplateFiles>
  <!--Assembly files-->
  <Assemblies>
    <Assembly Location="WingtipBranding.dll" DeploymentTarget="GlobalAssemblyCache" />
  </Assemblies>
</Solution>