<?xml version="1.0" encoding="utf-8"?>
<!--Created by STSDEV at 9/28/2008 6:42:58 PM-->
<Solution>
  <SolutionId>56FFA9A7-8E94-4AD4-BE89-A65BD9A7FA95</SolutionId>
  <SolutionName>WingtipBranding</SolutionName>
  <ResetWebServer>True</ResetWebServer>
  <AssemblyDeployment>True</AssemblyDeployment>
  <SafeControlSettings>False</SafeControlSettings>
  <CasPermissions>False</CasPermissions>
  <!--Assembly files-->
  <Assemblies>
    <Assembly Location="WingtipBranding.dll" DeploymentTarget="GlobalAssemblyCache">
      <SafeControls>
        <SafeControl Assembly="WingtipBranding, Version=1.0.0.0, Culture=neutral, PublicKeyToken=743b1c976afe633a" Namespace="WingtipBranding" TypeName="*" Safe="True" />
      </SafeControls>
    </Assembly>
  </Assemblies>
</Solution>