<?xml version="1.0" encoding="UTF-8"?><?xml-stylesheet type='text/xsl' href='_UpgradeReport_Files/UpgradeReport.xslt'?><UpgradeLog>
<Properties><Property Name="Solution" Value="OfficeSpaceFieldTypes">
</Property><Property Name="Solution File" Value="C:\DevProjects\OfficeSpaceFieldTypes\OfficeSpaceFieldTypes.sln">
</Property><Property Name="User Options File" Value="C:\DevProjects\OfficeSpaceFieldTypes\OfficeSpaceFieldTypes.suo">
</Property><Property Name="Date" Value="Wednesday, April 29, 2009">
</Property><Property Name="Time" Value="15:03 PM">
</Property></Properties><Event ErrorLevel="0" Project="" Source="OfficeSpaceFieldTypes.sln" Description="File successfully backed up as C:\DevProjects\OfficeSpaceFieldTypes\Backup\OfficeSpaceFieldTypes.sln">
</Event><Event ErrorLevel="0" Project="" Source="OfficeSpaceFieldTypes.suo" Description="File successfully backed up as C:\DevProjects\OfficeSpaceFieldTypes\Backup\OfficeSpaceFieldTypes.suo">
</Event><Event ErrorLevel="0" Project="OfficeSpaceFieldTypes" Source="OfficeSpaceFieldTypes.csproj" Description="Project file successfully backed up as C:\DevProjects\OfficeSpaceFieldTypes\Backup\OfficeSpaceFieldTypes.csproj">
</Event><Event ErrorLevel="0" Project="OfficeSpaceFieldTypes" Source="FieldEmployeeStatus.cs" Description="File successfully backed up as C:\DevProjects\OfficeSpaceFieldTypes\Backup\FieldEmployeeStatus.cs">
</Event><Event ErrorLevel="0" Project="OfficeSpaceFieldTypes" Source="FieldHelloWorld.cs" Description="File successfully backed up as C:\DevProjects\OfficeSpaceFieldTypes\Backup\FieldHelloWorld.cs">
</Event><Event ErrorLevel="0" Project="OfficeSpaceFieldTypes" Source="Properties\AssemblyInfo.cs" Description="File successfully backed up as C:\DevProjects\OfficeSpaceFieldTypes\Backup\Properties\AssemblyInfo.cs">
</Event><Event ErrorLevel="0" Project="OfficeSpaceFieldTypes" Source="FieldSocialSecurityNumber .cs" Description="File successfully backed up as C:\DevProjects\OfficeSpaceFieldTypes\Backup\FieldSocialSecurityNumber .cs">
</Event><Event ErrorLevel="0" Project="OfficeSpaceFieldTypes" Source="FieldUnitedStatesAddress.cs" Description="File successfully backed up as C:\DevProjects\OfficeSpaceFieldTypes\Backup\FieldUnitedStatesAddress.cs">
</Event><Event ErrorLevel="0" Project="OfficeSpaceFieldTypes" Source="KeyFile.snk" Description="File successfully backed up as C:\DevProjects\OfficeSpaceFieldTypes\Backup\KeyFile.snk">
</Event><Event ErrorLevel="0" Project="OfficeSpaceFieldTypes" Source="DeploymentFiles\SolutionConfig.xml" Description="File successfully backed up as C:\DevProjects\OfficeSpaceFieldTypes\Backup\DeploymentFiles\SolutionConfig.xml">
</Event><Event ErrorLevel="0" Project="OfficeSpaceFieldTypes" Source="DeploymentFiles\Microsoft.SharePoint.targets" Description="File successfully backed up as C:\DevProjects\OfficeSpaceFieldTypes\Backup\DeploymentFiles\Microsoft.SharePoint.targets">
</Event><Event ErrorLevel="0" Project="OfficeSpaceFieldTypes" Source="DeploymentFiles\manifest.xml" Description="File successfully backed up as C:\DevProjects\OfficeSpaceFieldTypes\Backup\DeploymentFiles\manifest.xml">
</Event><Event ErrorLevel="0" Project="OfficeSpaceFieldTypes" Source="DeploymentFiles\SolutionPackage.ddf" Description="File successfully backed up as C:\DevProjects\OfficeSpaceFieldTypes\Backup\DeploymentFiles\SolutionPackage.ddf">
</Event><Event ErrorLevel="0" Project="OfficeSpaceFieldTypes" Source="RootFiles\TEMPLATE\CONTROLTEMPLATES\OfficeSpace.EmployeeStatus.ascx" Description="File successfully backed up as C:\DevProjects\OfficeSpaceFieldTypes\Backup\RootFiles\TEMPLATE\CONTROLTEMPLATES\OfficeSpace.EmployeeStatus.ascx">
</Event><Event ErrorLevel="0" Project="OfficeSpaceFieldTypes" Source="RootFiles\TEMPLATE\CONTROLTEMPLATES\OfficeSpace.HelloWorld.ascx" Description="File successfully backed up as C:\DevProjects\OfficeSpaceFieldTypes\Backup\RootFiles\TEMPLATE\CONTROLTEMPLATES\OfficeSpace.HelloWorld.ascx">
</Event><Event ErrorLevel="0" Project="OfficeSpaceFieldTypes" Source="RootFiles\TEMPLATE\CONTROLTEMPLATES\OfficeSpace.SocialSecurityNumber.ascx" Description="File successfully backed up as C:\DevProjects\OfficeSpaceFieldTypes\Backup\RootFiles\TEMPLATE\CONTROLTEMPLATES\OfficeSpace.SocialSecurityNumber.ascx">
</Event><Event ErrorLevel="0" Project="OfficeSpaceFieldTypes" Source="RootFiles\TEMPLATE\CONTROLTEMPLATES\OfficeSpace.UnitedStatesAddress.ascx" Description="File successfully backed up as C:\DevProjects\OfficeSpaceFieldTypes\Backup\RootFiles\TEMPLATE\CONTROLTEMPLATES\OfficeSpace.UnitedStatesAddress.ascx">
</Event><Event ErrorLevel="0" Project="OfficeSpaceFieldTypes" Source="RootFiles\TEMPLATE\XML\fldtypes_OfficeSpace.xml" Description="File successfully backed up as C:\DevProjects\OfficeSpaceFieldTypes\Backup\RootFiles\TEMPLATE\XML\fldtypes_OfficeSpace.xml">
</Event><Event ErrorLevel="0" Project="OfficeSpaceFieldTypes" Source="OfficeSpaceFieldTypes.csproj" Description="Project converted successfully">
</Event><Event ErrorLevel="3" Project="OfficeSpaceFieldTypes" Source="OfficeSpaceFieldTypes.csproj" Description="Converted">
</Event><Event ErrorLevel="0" Project="" Source="OfficeSpaceFieldTypes.sln" Description="Solution converted successfully">
</Event><Event ErrorLevel="3" Project="" Source="OfficeSpaceFieldTypes.sln" Description="Converted">
</Event><Event ErrorLevel="0" Project="OfficeSpaceFieldTypes" Source="OfficeSpaceFieldTypes.csproj" Description="Scan complete: Upgrade not required for project files.">
</Event></UpgradeLog>