<?xml version="1.0" encoding="utf-8"?>
<!--Manifest created STSDEV utility at 6/22/2009 4:47:25 AM-->
<Solution SolutionId="E19B3769-0228-479E-A43C-8AAD4291C676" ResetWebServer="True" xmlns="http://schemas.microsoft.com/sharepoint/">
  <!--Feature Manifest files-->
  <FeatureManifests>
    <FeatureManifest Location="DelegatesDemo\feature.xml" />
  </FeatureManifests>
  <!--TEMPLATE files-->
  <TemplateFiles>
    <TemplateFile Location="CONTROLTEMPLATES\Litware\AdditionalPageHead.ascx" />
    <TemplateFile Location="CONTROLTEMPLATES\Litware\LitwareSearchArea.ascx" />
    <TemplateFile Location="IMAGES\DelegatesDemo\AfricanPith32.gif" />
  </TemplateFiles>
  <!--Assembly files-->
  <Assemblies>
    <Assembly Location="DelegatesDemo.dll" DeploymentTarget="GlobalAssemblyCache" />
  </Assemblies>
</Solution>