<?xml version="1.0" encoding="utf-8"?>
<!--Created by STSDEV at 6/21/2009 4:41:20 PM-->
<Solution>
  <SolutionId>E19B3769-0228-479E-A43C-8AAD4291C676</SolutionId>
  <SolutionName>DelegatesDemo</SolutionName>
  <ResetWebServer>True</ResetWebServer>
  <AssemblyDeployment>True</AssemblyDeployment>
  <SafeControlSettings>False</SafeControlSettings>
  <CasPermissions>False</CasPermissions>
  <!--Assembly files-->
  <Assemblies>
    <Assembly Location="DelegatesDemo.dll" DeploymentTarget="GlobalAssemblyCache">
      <SafeControls>
        <SafeControl Assembly="DelegatesDemo, Version=1.0.0.0, Culture=neutral, PublicKeyToken=591683509b4efa2a" Namespace="DelegatesDemo" TypeName="*" Safe="True" />
      </SafeControls>
    </Assembly>
  </Assemblies>
</Solution>