<?xml version="1.0" encoding="UTF-8"?>
<?mso-infoPathSolution name="urn:schemas-microsoft-com:office:infopath:SourceFiles:-myXSD-2006-11-19T13-27-23" href="manifest.xsf" solutionVersion="1.0.0.19" productVersion="12.0.0" PIVersion="1.0.0.0" ?>
<?mso-application progid="InfoPath.Document" versionProgid="InfoPath.Document.2"?>
<my:LeadSheet xmlns:xsi="http://www.w3.org/2001/XMLSchema-instance" xmlns:my="http://schemas.microsoft.com/office/infopath/2003/myXSD/2006-11-19T13:27:23" xmlns:xd="http://schemas.microsoft.com/office/infopath/2003">
	<my:Event></my:Event>
	<my:Location></my:Location>
	<my:Date></my:Date>
	<my:Lead>
		<my:Name></my:Name>
		<my:Phone></my:Phone>
		<my:Email></my:Email>
	</my:Lead>
</my:LeadSheet>
