<?xml version="1.0" encoding="UTF-8"?><?xml-stylesheet type='text/xsl' href='_UpgradeReport_Files/UpgradeReport.xslt'?><UpgradeLog>
<Properties><Property Name="Solution" Value="WebPartScratchPad">
</Property><Property Name="Solution File" Value="C:\Student_Gold\Demos\07_AjaxWebParts\WebPartScratchPad\WebPartScratchPad.sln">
</Property><Property Name="User Options File" Value="C:\Student_Gold\Demos\07_AjaxWebParts\WebPartScratchPad\WebPartScratchPad.suo">
</Property><Property Name="Date" Value="Friday, May 01, 2009">
</Property><Property Name="Time" Value="12:17 PM">
</Property></Properties><Event ErrorLevel="0" Project="" Source="WebPartScratchPad.sln" Description="File successfully backed up as C:\Student_Gold\Demos\07_AjaxWebParts\WebPartScratchPad\Backup\WebPartScratchPad.sln">
</Event><Event ErrorLevel="0" Project="" Source="WebPartScratchPad.suo" Description="File successfully backed up as C:\Student_Gold\Demos\07_AjaxWebParts\WebPartScratchPad\Backup\WebPartScratchPad.suo">
</Event><Event ErrorLevel="0" Project="WebPartScratchPad" Source="WebPartScratchPad.csproj" Description="Project file successfully backed up as C:\Student_Gold\Demos\07_AjaxWebParts\WebPartScratchPad\Backup\WebPartScratchPad.csproj">
</Event><Event ErrorLevel="0" Project="WebPartScratchPad" Source="Pad1UserControlBase.cs" Description="File successfully backed up as C:\Student_Gold\Demos\07_AjaxWebParts\WebPartScratchPad\Backup\Pad1UserControlBase.cs">
</Event><Event ErrorLevel="0" Project="WebPartScratchPad" Source="Pad2UserControlBase.cs" Description="File successfully backed up as C:\Student_Gold\Demos\07_AjaxWebParts\WebPartScratchPad\Backup\Pad2UserControlBase.cs">
</Event><Event ErrorLevel="0" Project="WebPartScratchPad" Source="Pad3UserControlBase.cs" Description="File successfully backed up as C:\Student_Gold\Demos\07_AjaxWebParts\WebPartScratchPad\Backup\Pad3UserControlBase.cs">
</Event><Event ErrorLevel="0" Project="WebPartScratchPad" Source="Pad4UserControlBase.cs" Description="File successfully backed up as C:\Student_Gold\Demos\07_AjaxWebParts\WebPartScratchPad\Backup\Pad4UserControlBase.cs">
</Event><Event ErrorLevel="0" Project="WebPartScratchPad" Source="Pad1.cs" Description="File successfully backed up as C:\Student_Gold\Demos\07_AjaxWebParts\WebPartScratchPad\Backup\Pad1.cs">
</Event><Event ErrorLevel="0" Project="WebPartScratchPad" Source="Pad2.cs" Description="File successfully backed up as C:\Student_Gold\Demos\07_AjaxWebParts\WebPartScratchPad\Backup\Pad2.cs">
</Event><Event ErrorLevel="0" Project="WebPartScratchPad" Source="Pad3.cs" Description="File successfully backed up as C:\Student_Gold\Demos\07_AjaxWebParts\WebPartScratchPad\Backup\Pad3.cs">
</Event><Event ErrorLevel="0" Project="WebPartScratchPad" Source="Pad4.cs" Description="File successfully backed up as C:\Student_Gold\Demos\07_AjaxWebParts\WebPartScratchPad\Backup\Pad4.cs">
</Event><Event ErrorLevel="0" Project="WebPartScratchPad" Source="Pad5.cs" Description="File successfully backed up as C:\Student_Gold\Demos\07_AjaxWebParts\WebPartScratchPad\Backup\Pad5.cs">
</Event><Event ErrorLevel="0" Project="WebPartScratchPad" Source="Pad5UserControlBase.cs" Description="File successfully backed up as C:\Student_Gold\Demos\07_AjaxWebParts\WebPartScratchPad\Backup\Pad5UserControlBase.cs">
</Event><Event ErrorLevel="0" Project="WebPartScratchPad" Source="Properties\AssemblyInfo.cs" Description="File successfully backed up as C:\Student_Gold\Demos\07_AjaxWebParts\WebPartScratchPad\Backup\Properties\AssemblyInfo.cs">
</Event><Event ErrorLevel="0" Project="WebPartScratchPad" Source="LitwareKey.snk" Description="File successfully backed up as C:\Student_Gold\Demos\07_AjaxWebParts\WebPartScratchPad\Backup\LitwareKey.snk">
</Event><Event ErrorLevel="0" Project="WebPartScratchPad" Source="Package\CreateSolutionPackage.cmd" Description="File successfully backed up as C:\Student_Gold\Demos\07_AjaxWebParts\WebPartScratchPad\Backup\Package\CreateSolutionPackage.cmd">
</Event><Event ErrorLevel="0" Project="WebPartScratchPad" Source="Package\DeleteSolutionPackage.cmd" Description="File successfully backed up as C:\Student_Gold\Demos\07_AjaxWebParts\WebPartScratchPad\Backup\Package\DeleteSolutionPackage.cmd">
</Event><Event ErrorLevel="0" Project="WebPartScratchPad" Source="Package\DeploySolutionPackage.cmd" Description="File successfully backed up as C:\Student_Gold\Demos\07_AjaxWebParts\WebPartScratchPad\Backup\Package\DeploySolutionPackage.cmd">
</Event><Event ErrorLevel="0" Project="WebPartScratchPad" Source="Package\DevInstall.cmd" Description="File successfully backed up as C:\Student_Gold\Demos\07_AjaxWebParts\WebPartScratchPad\Backup\Package\DevInstall.cmd">
</Event><Event ErrorLevel="0" Project="WebPartScratchPad" Source="Package\InstallSolutionPackage.cmd" Description="File successfully backed up as C:\Student_Gold\Demos\07_AjaxWebParts\WebPartScratchPad\Backup\Package\InstallSolutionPackage.cmd">
</Event><Event ErrorLevel="0" Project="WebPartScratchPad" Source="Solution\Cab.ddf" Description="File successfully backed up as C:\Student_Gold\Demos\07_AjaxWebParts\WebPartScratchPad\Backup\Solution\Cab.ddf">
</Event><Event ErrorLevel="0" Project="WebPartScratchPad" Source="TEMPLATE\FEATURES\WebPartScratchPad\DWP\Pad1.webpart" Description="File successfully backed up as C:\Student_Gold\Demos\07_AjaxWebParts\WebPartScratchPad\Backup\TEMPLATE\FEATURES\WebPartScratchPad\DWP\Pad1.webpart">
</Event><Event ErrorLevel="0" Project="WebPartScratchPad" Source="TEMPLATE\FEATURES\WebPartScratchPad\DWP\Pad2.webpart" Description="File successfully backed up as C:\Student_Gold\Demos\07_AjaxWebParts\WebPartScratchPad\Backup\TEMPLATE\FEATURES\WebPartScratchPad\DWP\Pad2.webpart">
</Event><Event ErrorLevel="0" Project="WebPartScratchPad" Source="TEMPLATE\FEATURES\WebPartScratchPad\DWP\Pad3.webpart" Description="File successfully backed up as C:\Student_Gold\Demos\07_AjaxWebParts\WebPartScratchPad\Backup\TEMPLATE\FEATURES\WebPartScratchPad\DWP\Pad3.webpart">
</Event><Event ErrorLevel="0" Project="WebPartScratchPad" Source="TEMPLATE\FEATURES\WebPartScratchPad\DWP\Pad4.webpart" Description="File successfully backed up as C:\Student_Gold\Demos\07_AjaxWebParts\WebPartScratchPad\Backup\TEMPLATE\FEATURES\WebPartScratchPad\DWP\Pad4.webpart">
</Event><Event ErrorLevel="0" Project="WebPartScratchPad" Source="TEMPLATE\FEATURES\WebPartScratchPad\DWP\Pad5.webpart" Description="File successfully backed up as C:\Student_Gold\Demos\07_AjaxWebParts\WebPartScratchPad\Backup\TEMPLATE\FEATURES\WebPartScratchPad\DWP\Pad5.webpart">
</Event><Event ErrorLevel="0" Project="WebPartScratchPad" Source="Solution\manifest.xml" Description="File successfully backed up as C:\Student_Gold\Demos\07_AjaxWebParts\WebPartScratchPad\Backup\Solution\manifest.xml">
</Event><Event ErrorLevel="0" Project="WebPartScratchPad" Source="TEMPLATE\CONTROLTEMPLATES\WebPartScratchPad\Pad1.ascx" Description="File successfully backed up as C:\Student_Gold\Demos\07_AjaxWebParts\WebPartScratchPad\Backup\TEMPLATE\CONTROLTEMPLATES\WebPartScratchPad\Pad1.ascx">
</Event><Event ErrorLevel="0" Project="WebPartScratchPad" Source="TEMPLATE\CONTROLTEMPLATES\WebPartScratchPad\Pad2.ascx" Description="File successfully backed up as C:\Student_Gold\Demos\07_AjaxWebParts\WebPartScratchPad\Backup\TEMPLATE\CONTROLTEMPLATES\WebPartScratchPad\Pad2.ascx">
</Event><Event ErrorLevel="0" Project="WebPartScratchPad" Source="TEMPLATE\CONTROLTEMPLATES\WebPartScratchPad\Pad3.ascx" Description="File successfully backed up as C:\Student_Gold\Demos\07_AjaxWebParts\WebPartScratchPad\Backup\TEMPLATE\CONTROLTEMPLATES\WebPartScratchPad\Pad3.ascx">
</Event><Event ErrorLevel="0" Project="WebPartScratchPad" Source="TEMPLATE\CONTROLTEMPLATES\WebPartScratchPad\Pad4.ascx" Description="File successfully backed up as C:\Student_Gold\Demos\07_AjaxWebParts\WebPartScratchPad\Backup\TEMPLATE\CONTROLTEMPLATES\WebPartScratchPad\Pad4.ascx">
</Event><Event ErrorLevel="0" Project="WebPartScratchPad" Source="TEMPLATE\CONTROLTEMPLATES\WebPartScratchPad\Pad5.ascx" Description="File successfully backed up as C:\Student_Gold\Demos\07_AjaxWebParts\WebPartScratchPad\Backup\TEMPLATE\CONTROLTEMPLATES\WebPartScratchPad\Pad5.ascx">
</Event><Event ErrorLevel="0" Project="WebPartScratchPad" Source="TEMPLATE\FEATURES\WebPartScratchPad\elements.xml" Description="File successfully backed up as C:\Student_Gold\Demos\07_AjaxWebParts\WebPartScratchPad\Backup\TEMPLATE\FEATURES\WebPartScratchPad\elements.xml">
</Event><Event ErrorLevel="0" Project="WebPartScratchPad" Source="TEMPLATE\FEATURES\WebPartScratchPad\feature.xml" Description="File successfully backed up as C:\Student_Gold\Demos\07_AjaxWebParts\WebPartScratchPad\Backup\TEMPLATE\FEATURES\WebPartScratchPad\feature.xml">
</Event><Event ErrorLevel="0" Project="WebPartScratchPad" Source="TEMPLATE\IMAGES\TPG\PithHelmet.gif" Description="File successfully backed up as C:\Student_Gold\Demos\07_AjaxWebParts\WebPartScratchPad\Backup\TEMPLATE\IMAGES\TPG\PithHelmet.gif">
</Event><Event ErrorLevel="0" Project="WebPartScratchPad" Source="WebPartScratchPad.csproj" Description="Project converted successfully">
</Event><Event ErrorLevel="3" Project="WebPartScratchPad" Source="WebPartScratchPad.csproj" Description="Converted">
</Event><Event ErrorLevel="0" Project="" Source="WebPartScratchPad.sln" Description="Solution converted successfully">
</Event><Event ErrorLevel="3" Project="" Source="WebPartScratchPad.sln" Description="Converted">
</Event><Event ErrorLevel="0" Project="WebPartScratchPad" Source="WebPartScratchPad.csproj" Description="Scan complete: Upgrade not required for project files.">
</Event></UpgradeLog>