﻿<Solution SolutionId="DAE56AC0-97C7-4973-8704-DC3F6C48F4A4" 
		  xmlns="http://schemas.microsoft.com/sharepoint/">

  <FeatureManifests>
    <FeatureManifest Location="Silverlight Wrapper\feature.xml" />
  </FeatureManifests>
 
  <TemplateFiles>
    <TemplateFile Location="LAYOUTS\Silverlight 3 Core\Silverlight.js"/>
    <TemplateFile Location="LAYOUTS\Favorite Books\SL.XAML.BookViewer.xap"/>
  </TemplateFiles>

  <Assemblies>
    <Assembly DeploymentTarget="GlobalAssemblyCache" Location="SilverlightWrapper.dll">
      <SafeControls>
        <SafeControl Assembly="SilverlightWrapper, Version=1.0.0.0, Culture=neutral, PublicKeyToken=9f4da00116c38ec5" 
                     Namespace="SilverlightWrapper" TypeName="*" Safe="True"/>
      </SafeControls>
    </Assembly>
	</Assemblies>

</Solution>