<?xml version="1.0" encoding="utf-8"?>
<!--Manifest created STSDEV utility at 6/30/2008 11:30:42 AM-->
<Solution SolutionId="5C97C8A4-51DB-4A23-BC36-5A942C96AAAE" ResetWebServer="True" xmlns="http://schemas.microsoft.com/sharepoint/">
  <!--Feature Manifest files-->
  <FeatureManifests>
    <FeatureManifest Location="AuditingDemo\feature.xml" />
  </FeatureManifests>
  <!--TEMPLATE files-->
  <TemplateFiles>
    <TemplateFile Location="IMAGES\AuditingDemo\AfricanPith32.gif" />
    <TemplateFile Location="IMAGES\AuditingDemo\Binoculars32.gif" />
    <TemplateFile Location="IMAGES\AuditingDemo\Compass32.gif" />
    <TemplateFile Location="LAYOUTS\AuditingDemo\AuditConfig.aspx" />
    <TemplateFile Location="LAYOUTS\AuditingDemo\AuditLogViewer.aspx" />
    <TemplateFile Location="LAYOUTS\AuditingDemo\ItemAudit.aspx" />
  </TemplateFiles>
  <!--Assembly files-->
  <Assemblies>
    <Assembly Location="AuditingDemo.dll" DeploymentTarget="GlobalAssemblyCache">
      <SafeControls>
        <SafeControl Assembly="AuditingDemo, Version=1.0.0.0, Culture=neutral, PublicKeyToken=79083842436e9188" Namespace="AuditingDemo" TypeName="*" Safe="True" />
      </SafeControls>
    </Assembly>
  </Assemblies>
</Solution>