<?xml version="1.0" encoding="utf-8"?>
<!--Created by STSDEV at 6/16/2008 4:50:20 PM-->
<Solution>
  <SolutionId>5C97C8A4-51DB-4A23-BC36-5A942C96AAAE</SolutionId>
  <SolutionName>AuditingDemo</SolutionName>
  <ResetWebServer>True</ResetWebServer>
  <AssemblyDeployment>True</AssemblyDeployment>
  <SafeControlSettings>True</SafeControlSettings>
  <CasPermissions>False</CasPermissions>
  <!--Assembly files-->
  <Assemblies>
    <Assembly Location="AuditingDemo.dll" DeploymentTarget="GlobalAssemblyCache">
      <SafeControls>
        <SafeControl Assembly="AuditingDemo, Version=1.0.0.0, Culture=neutral, PublicKeyToken=79083842436e9188" Namespace="AuditingDemo" TypeName="*" Safe="True" />
      </SafeControls>
    </Assembly>
  </Assemblies>
</Solution>