﻿<?xml version="1.0" encoding="utf-8" ?>

<!-- Customize the text in square brackets. 
Remove brackets when filling in, e.g. 
Name="[NAME]" ==> Name="MyWorkflow" -->

<Elements xmlns="http://schemas.microsoft.com/sharepoint/">
  <Workflow
     Name="Litware Timesheet Approval Workflow"
     Description="This workflow does a whole bunch of great stuff..."
     Id="7050ca14-a9a5-44c2-b412-569b16e72665"
     CodeBesideClass="CustomApproval.Workflow1"
     CodeBesideAssembly="CustomApproval, Version=1.0.0.0, Culture=neutral, PublicKeyToken=6479e6da8b088665"
     AssociationUrl="_layouts/CstWrkflIP.aspx"
     InstantiationUrl="_layouts/IniWrkflIP.aspx"
     ModificationUrl="_layouts/ModWrkflIP.aspx"
     TaskListContentTypeId="0x01080100C9C9515DE4E24001905074F980F93160">
     
    <Categories/>
    <MetaData>
      <!-- Tags to specify InfoPath forms for the workflow; delete tags for forms that you do not have -->
      <!--<Association_FormURN>[URN FOR ASSOCIATION FORM]</Association_FormURN>
       <Instantiation_FormURN>[URN FOR INSTANTIATION FORM]</Instantiation_FormURN>
      <Task0_FormURN>[URN FOR TASK (type 0) FORM]</Task0_FormURN>
      <Task1_FormURN>[URN FOR TASK (type 1) FORM]</Task1_FormURN>-->
      <!-- Modification forms: create a unique guid for each modification form -->
      <!--<Modification_[UNIQUE GUID]_FormURN>[URN FOR MODIFICATION FORM]</Modification_[UNIQUE GUID]_FormURN>
      <Modification_[UNIQUE GUID]_Name>[NAME OF MODIFICATION TO BE DISPLAYED AS A LINK ON WORKFLOW STATUS PAGE</Modification_[UNIQUE GUID]_Name>
      -->
        <Association_FormURN>urn:schemas-microsoft-com:office:infopath:CustomApprovalAssoc:-myXSD-2007-07-13T02-58-42</Association_FormURN>
        <Instantiation_FormURN>urn:schemas-microsoft-com:office:infopath:CustomApprovalInit:-myXSD-2007-07-13T02-58-42</Instantiation_FormURN>
        <Task0_FormURN>urn:schemas-microsoft-com:office:infopath:CustomApprovalTask:-myXSD-2007-07-13T02-58-42</Task0_FormURN>
        <AssociateOnActivation>false</AssociateOnActivation>
    </MetaData>
  </Workflow>
</Elements>
