﻿<?xml version="1.0" encoding="utf-8" ?>
<Solution SolutionId="cb26c9ca-7785-4031-a13e-4ddf78ee7b69" xmlns="http://schemas.microsoft.com/sharepoint/">
  <FeatureManifests>
    <FeatureManifest Location="DocumentArchiveWorkflowPart4\Feature.xml" />
  </FeatureManifests>
  <Assemblies>
    <Assembly Location="DocumentArchiveWorkflowPart4.dll" DeploymentTarget="GlobalAssemblyCache"/>
  </Assemblies>
  <TemplateFiles>
    <TemplateFile Location="LAYOUTS\DocArchivePart4TaskForm.aspx"/>
    <TemplateFile Location="LAYOUTS\DocArchivePart4AssocForm.aspx"/>
  </TemplateFiles>
</Solution>

