﻿<?xml version="1.0" encoding="utf-8" ?>
<Solution xmlns="http://schemas.microsoft.com/sharepoint/"
          SolutionId="BEED1FA1-CDCF-45C9-9BE4-EA8A211ADE72"
          DeploymentServerType="WebFrontEnd"
          ResetWebServer="FALSE">

  <Assemblies>
    <Assembly DeploymentTarget="GlobalAssemblyCache" Location="AndrewConnell.SitePageWithUserControl.dll">
      <SafeControls>
        <SafeControl Namespace="AndrewConnell.SitePageWithUserControl" TypeName="*" Safe="True" />
      </SafeControls>
    </Assembly>
  </Assemblies>

  <FeatureManifests>
    <FeatureManifest Location="SitePageWithUserControl\feature.xml"/>
  </FeatureManifests>
  
  <TemplateFiles>
    <TemplateFile Location="CONTROLTEMPLATES\WCM401\UselessUserControl.ascx" />
  </TemplateFiles>
  
</Solution>