<?xml version="1.0" encoding="utf-8"?>
<!--Created by STSDEV at 1/28/2008 9:49:27 PM-->
<Solution>
  <SolutionId>A8621029-6C36-428A-9C78-54740D400A00</SolutionId>
  <SolutionName>CustomApplicationPages</SolutionName>
  <ResetWebServer>True</ResetWebServer>
  <AssemblyDeployment>True</AssemblyDeployment>
  <SafeControlSettings>False</SafeControlSettings>
  <CasPermissions>False</CasPermissions>
  <!--Assembly files-->
  <Assemblies>
    <Assembly Location="CustomApplicationPages.dll" DeploymentTarget="GlobalAssemblyCache">
      <SafeControls>
        <SafeControl Assembly="CustomApplicationPages, Version=1.0.0.0, Culture=neutral, PublicKeyToken=c46c100091f72b4a" Namespace="CustomApplicationPages" TypeName="*" Safe="True" />
      </SafeControls>
    </Assembly>
  </Assemblies>
</Solution>