﻿<?xml version="1.0" encoding="utf-8" ?>
<Solution xmlns="http://schemas.microsoft.com/sharepoint/"
          SolutionId="942DF5EA-5BAE-4E2B-8854-8CD8401D6425"
          DeploymentServerType="WebFrontEnd"
          ResetWebServer="TRUE">
  
  <Assemblies>
    <Assembly DeploymentTarget="GlobalAssemblyCache" Location="Lab1Solution.dll">
      <SafeControls>
        <SafeControl Namespace="Lab1Solution" TypeName="*" Safe="True" />
      </SafeControls>
    </Assembly>
  </Assemblies>

  <FeatureManifests>
    <FeatureManifest Location="Lab1Solution\feature.xml" />
  </FeatureManifests>
  
</Solution>