﻿<?xml version="1.0" encoding="utf-8"?>
<?xml-stylesheet type="text/xsl" href="SPTraceView.xslt"?>
<SPTraceViewLog date="03 Dec 2008" computerName="MAHADEV">
  <TraceEntry severity="High" timestamp="128727929426562500" time="09:49:02.62500" processId="3344" exeName="OWSTIMER.EXE" product="Search Server Common" category="MS Search Administration" serverName="localhost"><![CDATA[exception in SearchUpgradeProvisioner Keyword Config System.InvalidOperationException: jobServerSearchServiceInstance is null
   at Microsoft.Office.Server.Search.Administration.SearchUpgradeProvisioner..ctor(SearchServiceInstance searchServiceInstance)
   at Microsoft.Office.Server.Search.Administration.OSSPrimaryGathererProject.ProvisionContentSources()]]></TraceEntry>
  <TraceEntry severity="High" timestamp="128727929425781250" time="09:49:02.54687" processId="3344" exeName="OWSTIMER.EXE" product="Search Server Common" category="MS Search Administration" serverName="localhost"><![CDATA[Resuming default catalog with reason 'GPR_PROPAGATION' for application 'Shared Services'...]]></TraceEntry>
  <TraceEntry severity="High" timestamp="128727929425312500" time="09:49:02.50000" processId="3344" exeName="OWSTIMER.EXE" product="Office Server" category="Setup and Upgrade" serverName="localhost"><![CDATA[Registry key value {SearchThrottled} was not found under registry hive {Software\Microsoft\Office Server\12.0}. Assuming search sku is not throttled.]]></TraceEntry>
  <TraceEntry severity="High" timestamp="128727929425781250" time="09:49:02.15625" processId="3344" exeName="OWSTIMER.EXE" product="Search Server Common" category="MS Search Administration" serverName="localhost"><![CDATA[Resuming anchor text catalog with reason GPR_PROPAGATION' for application 'Shared Services'...]]></TraceEntry>
  <TraceEntry severity="High" timestamp="128727925233281250" time="09:42:02.35937" processId="3344" exeName="OWSTIMER.EXE" product="Search Server Common" category="MS Search Administration" serverName="localhost"><![CDATA[Resuming default catalog with reason 'GPR_PROPAGATION' for application 'Shared Services'...]]></TraceEntry>
  <TraceEntry severity="High" timestamp="128727925234062500" time="09:42:02.89062" processId="3344" exeName="OWSTIMER.EXE" product="Search Server Common" category="MS Search Administration" serverName="localhost"><![CDATA[exception in SearchUpgradeProvisioner Keyword Config System.InvalidOperationException: jobServerSearchServiceInstance is null
   at Microsoft.Office.Server.Search.Administration.SearchUpgradeProvisioner..ctor(SearchServiceInstance searchServiceInstance)
   at Microsoft.Office.Server.Search.Administration.OSSPrimaryGathererProject.ProvisionContentSources()]]></TraceEntry>
  <TraceEntry severity="High" timestamp="128727925233281250" time="09:42:02.81250" processId="3344" exeName="OWSTIMER.EXE" product="Search Server Common" category="MS Search Administration" serverName="localhost"><![CDATA[Resuming anchor text catalog with reason GPR_PROPAGATION' for application 'Shared Services'...]]></TraceEntry>
  <TraceEntry severity="High" timestamp="128727925232812500" time="09:42:02.31250" processId="3344" exeName="OWSTIMER.EXE" product="Office Server" category="Setup and Upgrade" serverName="localhost"><![CDATA[Registry key value {SearchThrottled} was not found under registry hive {Software\Microsoft\Office Server\12.0}. Assuming search sku is not throttled.]]></TraceEntry>
  <TraceEntry severity="CriticalEvent" timestamp="128727925093593750" time="09:41:49.32812" processId="1620" exeName="Microsoft.Office.Server.Convers" product="Document Conversions" category="Launcher Service" serverName="localhost"><![CDATA[LoadBalancer.RegisterLauncher failed:  Unable to connect to the remote server]]></TraceEntry>
  <TraceEntry severity="CriticalEvent" timestamp="128727924773750000" time="09:41:16.96875" processId="1620" exeName="Microsoft.Office.Server.Convers" product="Document Conversions" category="Launcher Service" serverName="localhost"><![CDATA[LoadBalancer.RegisterLauncher failed:  Unable to connect to the remote server]]></TraceEntry>
  <TraceEntry severity="High" timestamp="128727924634843750" time="09:41:03.00000" processId="3344" exeName="OWSTIMER.EXE" product="Search Server Common" category="MS Search Administration" serverName="localhost"><![CDATA[exception in SearchUpgradeProvisioner Keyword Config System.InvalidOperationException: jobServerSearchServiceInstance is null
   at Microsoft.Office.Server.Search.Administration.SearchUpgradeProvisioner..ctor(SearchServiceInstance searchServiceInstance)
   at Microsoft.Office.Server.Search.Administration.OSSPrimaryGathererProject.ProvisionContentSources()]]></TraceEntry>
  <TraceEntry severity="High" timestamp="128727924634062500" time="09:41:02.92187" processId="3344" exeName="OWSTIMER.EXE" product="Search Server Common" category="MS Search Administration" serverName="localhost"><![CDATA[Resuming default catalog with reason 'GPR_PROPAGATION' for application 'Shared Services'...]]></TraceEntry>
  <TraceEntry severity="High" timestamp="128727924633593750" time="09:41:02.87500" processId="3344" exeName="OWSTIMER.EXE" product="Office Server" category="Setup and Upgrade" serverName="localhost"><![CDATA[Registry key value {SearchThrottled} was not found under registry hive {Software\Microsoft\Office Server\12.0}. Assuming search sku is not throttled.]]></TraceEntry>
  <TraceEntry severity="High" timestamp="128727924634062500" time="09:41:02.43750" processId="3344" exeName="OWSTIMER.EXE" product="Search Server Common" category="MS Search Administration" serverName="localhost"><![CDATA[Resuming anchor text catalog with reason GPR_PROPAGATION' for application 'Shared Services'...]]></TraceEntry>
  <TraceEntry severity="CriticalEvent" timestamp="128727924453906250" time="09:40:44.39062" processId="1620" exeName="Microsoft.Office.Server.Convers" product="Document Conversions" category="Launcher Service" serverName="localhost"><![CDATA[LoadBalancer.RegisterLauncher failed:  Unable to connect to the remote server]]></TraceEntry>
  <TraceEntry severity="High" timestamp="128727924221406250" time="09:40:21.68750" processId="7524" exeName="w3wp.exe" product="CMS" category="Publishing" serverName="localhost"><![CDATA[AppDomainUnloadListener.RegisterSelf() entered lock(this=15368010)]]></TraceEntry>
  <TraceEntry severity="CriticalEvent" timestamp="128727924134062500" time="09:40:13.03125" processId="1620" exeName="Microsoft.Office.Server.Convers" product="Document Conversions" category="Launcher Service" serverName="localhost"><![CDATA[LoadBalancer.RegisterLauncher failed:  Unable to connect to the remote server]]></TraceEntry>
  <TraceEntry severity="High" timestamp="128727924034843750" time="09:40:03.03125" processId="3344" exeName="OWSTIMER.EXE" product="Search Server Common" category="MS Search Administration" serverName="localhost"><![CDATA[exception in SearchUpgradeProvisioner Keyword Config System.InvalidOperationException: jobServerSearchServiceInstance is null
   at Microsoft.Office.Server.Search.Administration.SearchUpgradeProvisioner..ctor(SearchServiceInstance searchServiceInstance)
   at Microsoft.Office.Server.Search.Administration.OSSPrimaryGathererProject.ProvisionContentSources()]]></TraceEntry>
  <TraceEntry severity="High" timestamp="128727924034218750" time="09:40:02.96875" processId="3344" exeName="OWSTIMER.EXE" product="Search Server Common" category="MS Search Administration" serverName="localhost"><![CDATA[Resuming anchor text catalog with reason GPR_PROPAGATION' for application 'Shared Services'...]]></TraceEntry>
  <TraceEntry severity="High" timestamp="128727924033593750" time="09:40:02.90625" processId="3344" exeName="OWSTIMER.EXE" product="Office Server" category="Setup and Upgrade" serverName="localhost"><![CDATA[Registry key value {SearchThrottled} was not found under registry hive {Software\Microsoft\Office Server\12.0}. Assuming search sku is not throttled.]]></TraceEntry>
  <TraceEntry severity="High" timestamp="128727924034062500" time="09:40:02.45312" processId="3344" exeName="OWSTIMER.EXE" product="Search Server Common" category="MS Search Administration" serverName="localhost"><![CDATA[Resuming default catalog with reason 'GPR_PROPAGATION' for application 'Shared Services'...]]></TraceEntry>
</SPTraceViewLog>