<?xml version="1.0" encoding="UTF-8"?><?xml-stylesheet type='text/xsl' href='_UpgradeReport_Files/UpgradeReport.xslt'?><UpgradeLog>
<Properties><Property Name="Solution" Value="LitwareWebParts">
</Property><Property Name="Solution File" Value="C:\Student_Gold\Demos\06_WebParts\LitwareWebParts\LitwareWebParts.sln">
</Property><Property Name="User Options File" Value="C:\Student_Gold\Demos\06_WebParts\LitwareWebParts\LitwareWebParts.suo">
</Property><Property Name="Date" Value="Friday, May 01, 2009">
</Property><Property Name="Time" Value="12:12 PM">
</Property></Properties><Event ErrorLevel="0" Project="" Source="LitwareWebParts.sln" Description="File successfully backed up as C:\Student_Gold\Demos\06_WebParts\LitwareWebParts\Backup\LitwareWebParts.sln">
</Event><Event ErrorLevel="0" Project="" Source="LitwareWebParts.suo" Description="File successfully backed up as C:\Student_Gold\Demos\06_WebParts\LitwareWebParts\Backup\LitwareWebParts.suo">
</Event><Event ErrorLevel="0" Project="LitwareWebParts" Source="LitwareWebParts.csproj" Description="Project file successfully backed up as C:\Student_Gold\Demos\06_WebParts\LitwareWebParts\Backup\LitwareWebParts.csproj">
</Event><Event ErrorLevel="0" Project="LitwareWebParts" Source="LitwareWebParts.csproj.user" Description="Project user file successfully backed up as C:\Student_Gold\Demos\06_WebParts\LitwareWebParts\Backup\LitwareWebParts.csproj.user">
</Event><Event ErrorLevel="0" Project="LitwareWebParts" Source="ContactViewer.cs" Description="File successfully backed up as C:\Student_Gold\Demos\06_WebParts\LitwareWebParts\Backup\ContactViewer.cs">
</Event><Event ErrorLevel="0" Project="LitwareWebParts" Source="ConnectionWebParts.cs" Description="File successfully backed up as C:\Student_Gold\Demos\06_WebParts\LitwareWebParts\Backup\ConnectionWebParts.cs">
</Event><Event ErrorLevel="0" Project="LitwareWebParts" Source="FeedListWebPart.cs" Description="File successfully backed up as C:\Student_Gold\Demos\06_WebParts\LitwareWebParts\Backup\FeedListWebPart.cs">
</Event><Event ErrorLevel="0" Project="LitwareWebParts" Source="FeedListWebPart1.cs" Description="File successfully backed up as C:\Student_Gold\Demos\06_WebParts\LitwareWebParts\Backup\FeedListWebPart1.cs">
</Event><Event ErrorLevel="0" Project="LitwareWebParts" Source="HelloWebPart.cs" Description="File successfully backed up as C:\Student_Gold\Demos\06_WebParts\LitwareWebParts\Backup\HelloWebPart.cs">
</Event><Event ErrorLevel="0" Project="LitwareWebParts" Source="LocalizedWebPart.cs" Description="File successfully backed up as C:\Student_Gold\Demos\06_WebParts\LitwareWebParts\Backup\LocalizedWebPart.cs">
</Event><Event ErrorLevel="0" Project="LitwareWebParts" Source="Properties\AssemblyInfo.cs" Description="File successfully backed up as C:\Student_Gold\Demos\06_WebParts\LitwareWebParts\Backup\Properties\AssemblyInfo.cs">
</Event><Event ErrorLevel="0" Project="LitwareWebParts" Source="Resources\LitwareControlStrings.Designer.cs" Description="File successfully backed up as C:\Student_Gold\Demos\06_WebParts\LitwareWebParts\Backup\Resources\LitwareControlStrings.Designer.cs">
</Event><Event ErrorLevel="0" Project="LitwareWebParts" Source="RssViewWebPart.cs" Description="File successfully backed up as C:\Student_Gold\Demos\06_WebParts\LitwareWebParts\Backup\RssViewWebPart.cs">
</Event><Event ErrorLevel="0" Project="LitwareWebParts" Source="RssViewWebPart_BabySteps\RssViewWebPart1.cs" Description="File successfully backed up as C:\Student_Gold\Demos\06_WebParts\LitwareWebParts\Backup\RssViewWebPart_BabySteps\RssViewWebPart1.cs">
</Event><Event ErrorLevel="0" Project="LitwareWebParts" Source="RssViewWebPart_BabySteps\RssViewWebPart2.cs" Description="File successfully backed up as C:\Student_Gold\Demos\06_WebParts\LitwareWebParts\Backup\RssViewWebPart_BabySteps\RssViewWebPart2.cs">
</Event><Event ErrorLevel="0" Project="LitwareWebParts" Source="RssViewEditorPart.cs" Description="File successfully backed up as C:\Student_Gold\Demos\06_WebParts\LitwareWebParts\Backup\RssViewEditorPart.cs">
</Event><Event ErrorLevel="0" Project="LitwareWebParts" Source="RssViewWebPart_BabySteps\RssViewWebPart3.cs" Description="File successfully backed up as C:\Student_Gold\Demos\06_WebParts\LitwareWebParts\Backup\RssViewWebPart_BabySteps\RssViewWebPart3.cs">
</Event><Event ErrorLevel="0" Project="LitwareWebParts" Source="RssViewWebPart_BabySteps\RssViewWebPart4.cs" Description="File successfully backed up as C:\Student_Gold\Demos\06_WebParts\LitwareWebParts\Backup\RssViewWebPart_BabySteps\RssViewWebPart4.cs">
</Event><Event ErrorLevel="0" Project="LitwareWebParts" Source="RssViewWebPart_BabySteps\RssViewWebPart_Verb.cs" Description="File successfully backed up as C:\Student_Gold\Demos\06_WebParts\LitwareWebParts\Backup\RssViewWebPart_BabySteps\RssViewWebPart_Verb.cs">
</Event><Event ErrorLevel="0" Project="LitwareWebParts" Source="UserControlHost.cs" Description="File successfully backed up as C:\Student_Gold\Demos\06_WebParts\LitwareWebParts\Backup\UserControlHost.cs">
</Event><Event ErrorLevel="0" Project="LitwareWebParts" Source="VerbWebPart.cs" Description="File successfully backed up as C:\Student_Gold\Demos\06_WebParts\LitwareWebParts\Backup\VerbWebPart.cs">
</Event><Event ErrorLevel="0" Project="LitwareWebParts" Source="WebPartResources.cs" Description="File successfully backed up as C:\Student_Gold\Demos\06_WebParts\LitwareWebParts\Backup\WebPartResources.cs">
</Event><Event ErrorLevel="0" Project="LitwareWebParts" Source="Install.bat" Description="File successfully backed up as C:\Student_Gold\Demos\06_WebParts\LitwareWebParts\Backup\Install.bat">
</Event><Event ErrorLevel="0" Project="LitwareWebParts" Source="LitwareKey.snk" Description="File successfully backed up as C:\Student_Gold\Demos\06_WebParts\LitwareWebParts\Backup\LitwareKey.snk">
</Event><Event ErrorLevel="0" Project="LitwareWebParts" Source="Package\CreateSolutionPackage.cmd" Description="File successfully backed up as C:\Student_Gold\Demos\06_WebParts\LitwareWebParts\Backup\Package\CreateSolutionPackage.cmd">
</Event><Event ErrorLevel="0" Project="LitwareWebParts" Source="Package\DeleteSolutionPackage.cmd" Description="File successfully backed up as C:\Student_Gold\Demos\06_WebParts\LitwareWebParts\Backup\Package\DeleteSolutionPackage.cmd">
</Event><Event ErrorLevel="0" Project="LitwareWebParts" Source="Package\DeploySolutionPackage.cmd" Description="File successfully backed up as C:\Student_Gold\Demos\06_WebParts\LitwareWebParts\Backup\Package\DeploySolutionPackage.cmd">
</Event><Event ErrorLevel="0" Project="LitwareWebParts" Source="Package\DevInstall.cmd" Description="File successfully backed up as C:\Student_Gold\Demos\06_WebParts\LitwareWebParts\Backup\Package\DevInstall.cmd">
</Event><Event ErrorLevel="0" Project="LitwareWebParts" Source="Package\InstallSolutionPackage.cmd" Description="File successfully backed up as C:\Student_Gold\Demos\06_WebParts\LitwareWebParts\Backup\Package\InstallSolutionPackage.cmd">
</Event><Event ErrorLevel="0" Project="LitwareWebParts" Source="Solution\Cab.ddf" Description="File successfully backed up as C:\Student_Gold\Demos\06_WebParts\LitwareWebParts\Backup\Solution\Cab.ddf">
</Event><Event ErrorLevel="0" Project="LitwareWebParts" Source="TEMPLATE\FEATURES\LitwareWebParts\DWP\ContactViewer.webpart" Description="File successfully backed up as C:\Student_Gold\Demos\06_WebParts\LitwareWebParts\Backup\TEMPLATE\FEATURES\LitwareWebParts\DWP\ContactViewer.webpart">
</Event><Event ErrorLevel="0" Project="LitwareWebParts" Source="TEMPLATE\FEATURES\LitwareWebParts\DWP\FeedListWebPart.webpart" Description="File successfully backed up as C:\Student_Gold\Demos\06_WebParts\LitwareWebParts\Backup\TEMPLATE\FEATURES\LitwareWebParts\DWP\FeedListWebPart.webpart">
</Event><Event ErrorLevel="0" Project="LitwareWebParts" Source="TEMPLATE\FEATURES\LitwareWebParts\DWP\HelloWebPart.webpart" Description="File successfully backed up as C:\Student_Gold\Demos\06_WebParts\LitwareWebParts\Backup\TEMPLATE\FEATURES\LitwareWebParts\DWP\HelloWebPart.webpart">
</Event><Event ErrorLevel="0" Project="LitwareWebParts" Source="TEMPLATE\FEATURES\LitwareWebParts\DWP\RssViewWebPart.webpart" Description="File successfully backed up as C:\Student_Gold\Demos\06_WebParts\LitwareWebParts\Backup\TEMPLATE\FEATURES\LitwareWebParts\DWP\RssViewWebPart.webpart">
</Event><Event ErrorLevel="0" Project="LitwareWebParts" Source="TEMPLATE\FEATURES\LitwareWebParts\DWP\SimpleConsumerExample.webpart" Description="File successfully backed up as C:\Student_Gold\Demos\06_WebParts\LitwareWebParts\Backup\TEMPLATE\FEATURES\LitwareWebParts\DWP\SimpleConsumerExample.webpart">
</Event><Event ErrorLevel="0" Project="LitwareWebParts" Source="TEMPLATE\FEATURES\LitwareWebParts\DWP\SimpleProviderExample.webpart" Description="File successfully backed up as C:\Student_Gold\Demos\06_WebParts\LitwareWebParts\Backup\TEMPLATE\FEATURES\LitwareWebParts\DWP\SimpleProviderExample.webpart">
</Event><Event ErrorLevel="0" Project="LitwareWebParts" Source="TEMPLATE\FEATURES\LitwareWebParts\DWP\UserControlHost.webpart" Description="File successfully backed up as C:\Student_Gold\Demos\06_WebParts\LitwareWebParts\Backup\TEMPLATE\FEATURES\LitwareWebParts\DWP\UserControlHost.webpart">
</Event><Event ErrorLevel="0" Project="LitwareWebParts" Source="TEMPLATE\FEATURES\LitwareWebParts\DWP\VerbWebPart.webpart" Description="File successfully backed up as C:\Student_Gold\Demos\06_WebParts\LitwareWebParts\Backup\TEMPLATE\FEATURES\LitwareWebParts\DWP\VerbWebPart.webpart">
</Event><Event ErrorLevel="0" Project="LitwareWebParts" Source="ReadMe.txt" Description="File successfully backed up as C:\Student_Gold\Demos\06_WebParts\LitwareWebParts\Backup\ReadMe.txt">
</Event><Event ErrorLevel="0" Project="LitwareWebParts" Source="Solution\manifest.xml" Description="File successfully backed up as C:\Student_Gold\Demos\06_WebParts\LitwareWebParts\Backup\Solution\manifest.xml">
</Event><Event ErrorLevel="0" Project="LitwareWebParts" Source="TEMPLATE\CONTROLTEMPLATES\Litware\LitwareUserControl.ascx" Description="File successfully backed up as C:\Student_Gold\Demos\06_WebParts\LitwareWebParts\Backup\TEMPLATE\CONTROLTEMPLATES\Litware\LitwareUserControl.ascx">
</Event><Event ErrorLevel="0" Project="LitwareWebParts" Source="TEMPLATE\FEATURES\LitwareWebParts\elements.xml" Description="File successfully backed up as C:\Student_Gold\Demos\06_WebParts\LitwareWebParts\Backup\TEMPLATE\FEATURES\LitwareWebParts\elements.xml">
</Event><Event ErrorLevel="0" Project="LitwareWebParts" Source="TEMPLATE\FEATURES\LitwareWebParts\feature.xml" Description="File successfully backed up as C:\Student_Gold\Demos\06_WebParts\LitwareWebParts\Backup\TEMPLATE\FEATURES\LitwareWebParts\feature.xml">
</Event><Event ErrorLevel="0" Project="LitwareWebParts" Source="TEMPLATE\IMAGES\Litware\canteen.gif" Description="File successfully backed up as C:\Student_Gold\Demos\06_WebParts\LitwareWebParts\Backup\TEMPLATE\IMAGES\Litware\canteen.gif">
</Event><Event ErrorLevel="0" Project="LitwareWebParts" Source="Resources\help.html" Description="File successfully backed up as C:\Student_Gold\Demos\06_WebParts\LitwareWebParts\Backup\Resources\help.html">
</Event><Event ErrorLevel="0" Project="LitwareWebParts" Source="Resources\LitwareControlStrings.it-IT.resx" Description="File successfully backed up as C:\Student_Gold\Demos\06_WebParts\LitwareWebParts\Backup\Resources\LitwareControlStrings.it-IT.resx">
</Event><Event ErrorLevel="0" Project="LitwareWebParts" Source="Resources\LitwareControlStrings.resx" Description="File successfully backed up as C:\Student_Gold\Demos\06_WebParts\LitwareWebParts\Backup\Resources\LitwareControlStrings.resx">
</Event><Event ErrorLevel="0" Project="LitwareWebParts" Source="Resources\RSS.xslt" Description="File successfully backed up as C:\Student_Gold\Demos\06_WebParts\LitwareWebParts\Backup\Resources\RSS.xslt">
</Event><Event ErrorLevel="0" Project="LitwareWebParts" Source="Resources\Toolbar.html" Description="File successfully backed up as C:\Student_Gold\Demos\06_WebParts\LitwareWebParts\Backup\Resources\Toolbar.html">
</Event><Event ErrorLevel="0" Project="LitwareWebParts" Source="Resources\RssTitles.xslt" Description="File successfully backed up as C:\Student_Gold\Demos\06_WebParts\LitwareWebParts\Backup\Resources\RssTitles.xslt">
</Event><Event ErrorLevel="0" Project="LitwareWebParts" Source="LitwareWebParts.csproj" Description="Project converted successfully">
</Event><Event ErrorLevel="3" Project="LitwareWebParts" Source="LitwareWebParts.csproj" Description="Converted">
</Event><Event ErrorLevel="0" Project="" Source="LitwareWebParts.sln" Description="Solution converted successfully">
</Event><Event ErrorLevel="3" Project="" Source="LitwareWebParts.sln" Description="Converted">
</Event><Event ErrorLevel="0" Project="LitwareWebParts" Source="LitwareWebParts.csproj" Description="Scan complete: Upgrade not required for project files.">
</Event></UpgradeLog>