<?xml version="1.0" encoding="UTF-8" standalone="yes"?>
<w:glossaryDocument xmlns:ve="http://schemas.openxmlformats.org/markup-compatibility/2006" xmlns:o="urn:schemas-microsoft-com:office:office" xmlns:r="http://schemas.openxmlformats.org/officeDocument/2006/relationships" xmlns:m="http://schemas.openxmlformats.org/officeDocument/2006/math" xmlns:v="urn:schemas-microsoft-com:vml" xmlns:wp="http://schemas.openxmlformats.org/drawingml/2006/wordprocessingDrawing" xmlns:w10="urn:schemas-microsoft-com:office:word" xmlns:w="http://schemas.openxmlformats.org/wordprocessingml/2006/main" xmlns:wne="http://schemas.microsoft.com/office/word/2006/wordml"><w:docParts><w:docPart><w:docPartPr><w:name w:val="DefaultPlaceholder_22675703"/><w:category><w:name w:val="General"/><w:gallery w:val="placeholder"/></w:category><w:types><w:type w:val="bbPlcHdr"/></w:types><w:behaviors><w:behavior w:val="content"/></w:behaviors><w:guid w:val="{44477A9B-4D18-4B7B-A0BC-98C04CA2613C}"/></w:docPartPr><w:docPartBody><w:p w:rsidR="00F95206" w:rsidRDefault="00455946"><w:r w:rsidRPr="00263822"><w:rPr><w:rStyle w:val="PlaceholderText"/></w:rPr><w:t>Click here to enter text.</w:t></w:r></w:p></w:docPartBody></w:docPart></w:docParts></w:glossaryDocument>