﻿<?xml version="1.0" encoding="utf-8" ?>
<Solution xmlns="http://schemas.microsoft.com/sharepoint/"
          SolutionId="F1AB3E80-034F-402A-A160-8A1C59C67862"
          DeploymentServerType="WebFrontEnd"
          ResetWebServer="TRUE">

  <Assemblies>
    <Assembly DeploymentTarget="GlobalAssemblyCache" Location="PublishingPageDetailViewer.dll">
      <SafeControls>
        <SafeControl Namespace="PublishingPageDetailViewer" TypeName="*" Safe="True" />
      </SafeControls>
    </Assembly>
  </Assemblies>

  <RootFiles>
    <RootFile Location="TEMPLATE\LAYOUTS\WCM401\PublishingPageDetail.aspx"/>
  </RootFiles>  
</Solution>