<?xml version="1.0" encoding="utf-8"?>
<!--Created by STSDEV at 1/28/2008 9:52:55 PM-->
<Solution>
  <SolutionId>97F99B11-8CFE-4FD1-BBEC-6B0344F76676</SolutionId>
  <SolutionName>CustomSitePages</SolutionName>
  <ResetWebServer>True</ResetWebServer>
  <AssemblyDeployment>True</AssemblyDeployment>
  <SafeControlSettings>True</SafeControlSettings>
  <CasPermissions>False</CasPermissions>
  <!--Assembly files-->
  <Assemblies>
    <Assembly Location="CustomSitePages.dll" DeploymentTarget="GlobalAssemblyCache">
      <SafeControls>
        <SafeControl Assembly="CustomSitePages, Version=1.0.0.0, Culture=neutral, PublicKeyToken=c46c100091f72b4a" Namespace="CustomSitePages" TypeName="*" Safe="True" />
      </SafeControls>
    </Assembly>
  </Assemblies>
</Solution>