<?xml version="1.0" encoding="UTF-8"?><?xml-stylesheet type='text/xsl' href='_UpgradeReport_Files/UpgradeReport.xslt'?><UpgradeLog>
<Properties><Property Name="Solution" Value="LitwareBranding">
</Property><Property Name="Solution File" Value="C:\Student_Gold\Demos\05_Branding\LitwareBranding\LitwareBranding.sln">
</Property><Property Name="User Options File" Value="C:\Student_Gold\Demos\05_Branding\LitwareBranding\LitwareBranding.suo">
</Property><Property Name="Date" Value="Friday, May 01, 2009">
</Property><Property Name="Time" Value="12:12 PM">
</Property></Properties><Event ErrorLevel="0" Project="" Source="LitwareBranding.sln" Description="File successfully backed up as C:\Student_Gold\Demos\05_Branding\LitwareBranding\Backup\LitwareBranding.sln">
</Event><Event ErrorLevel="0" Project="" Source="LitwareBranding.suo" Description="File successfully backed up as C:\Student_Gold\Demos\05_Branding\LitwareBranding\Backup\LitwareBranding.suo">
</Event><Event ErrorLevel="0" Project="LitwareBranding" Source="LitwareBranding.csproj" Description="Project file successfully backed up as C:\Student_Gold\Demos\05_Branding\LitwareBranding\Backup\LitwareBranding.csproj">
</Event><Event ErrorLevel="0" Project="LitwareBranding" Source="LitwareBranding.csproj.user" Description="Project user file successfully backed up as C:\Student_Gold\Demos\05_Branding\LitwareBranding\Backup\LitwareBranding.csproj.user">
</Event><Event ErrorLevel="0" Project="LitwareBranding" Source="BrandManagementPage.cs" Description="File successfully backed up as C:\Student_Gold\Demos\05_Branding\LitwareBranding\Backup\BrandManagementPage.cs">
</Event><Event ErrorLevel="0" Project="LitwareBranding" Source="BrandManager.cs" Description="File successfully backed up as C:\Student_Gold\Demos\05_Branding\LitwareBranding\Backup\BrandManager.cs">
</Event><Event ErrorLevel="0" Project="LitwareBranding" Source="FeatureReceiverWebApplication.cs" Description="File successfully backed up as C:\Student_Gold\Demos\05_Branding\LitwareBranding\Backup\FeatureReceiverWebApplication.cs">
</Event><Event ErrorLevel="0" Project="LitwareBranding" Source="LitwareBrandingHttpModule.cs" Description="File successfully backed up as C:\Student_Gold\Demos\05_Branding\LitwareBranding\Backup\LitwareBrandingHttpModule.cs">
</Event><Event ErrorLevel="0" Project="LitwareBranding" Source="Properties\AssemblyInfo.cs" Description="File successfully backed up as C:\Student_Gold\Demos\05_Branding\LitwareBranding\Backup\Properties\AssemblyInfo.cs">
</Event><Event ErrorLevel="0" Project="LitwareBranding" Source="FeatureReceiverSiteCollection.cs" Description="File successfully backed up as C:\Student_Gold\Demos\05_Branding\LitwareBranding\Backup\FeatureReceiverSiteCollection.cs">
</Event><Event ErrorLevel="0" Project="LitwareBranding" Source="FeatureReceiverChildSite.cs" Description="File successfully backed up as C:\Student_Gold\Demos\05_Branding\LitwareBranding\Backup\FeatureReceiverChildSite.cs">
</Event><Event ErrorLevel="0" Project="LitwareBranding" Source="KeyFile.snk" Description="File successfully backed up as C:\Student_Gold\Demos\05_Branding\LitwareBranding\Backup\KeyFile.snk">
</Event><Event ErrorLevel="0" Project="LitwareBranding" Source="DeploymentFiles\SolutionConfig.xml" Description="File successfully backed up as C:\Student_Gold\Demos\05_Branding\LitwareBranding\Backup\DeploymentFiles\SolutionConfig.xml">
</Event><Event ErrorLevel="0" Project="LitwareBranding" Source="DeploymentFiles\Microsoft.SharePoint.targets" Description="File successfully backed up as C:\Student_Gold\Demos\05_Branding\LitwareBranding\Backup\DeploymentFiles\Microsoft.SharePoint.targets">
</Event><Event ErrorLevel="0" Project="LitwareBranding" Source="DeploymentFiles\manifest.xml" Description="File successfully backed up as C:\Student_Gold\Demos\05_Branding\LitwareBranding\Backup\DeploymentFiles\manifest.xml">
</Event><Event ErrorLevel="0" Project="LitwareBranding" Source="DeploymentFiles\SolutionPackage.ddf" Description="File successfully backed up as C:\Student_Gold\Demos\05_Branding\LitwareBranding\Backup\DeploymentFiles\SolutionPackage.ddf">
</Event><Event ErrorLevel="0" Project="LitwareBranding" Source="RootFiles\TEMPLATE\FEATURES\LitwareBranding\elements.xml" Description="File successfully backed up as C:\Student_Gold\Demos\05_Branding\LitwareBranding\Backup\RootFiles\TEMPLATE\FEATURES\LitwareBranding\elements.xml">
</Event><Event ErrorLevel="0" Project="LitwareBranding" Source="RootFiles\TEMPLATE\FEATURES\LitwareBranding\feature.xml" Description="File successfully backed up as C:\Student_Gold\Demos\05_Branding\LitwareBranding\Backup\RootFiles\TEMPLATE\FEATURES\LitwareBranding\feature.xml">
</Event><Event ErrorLevel="0" Project="LitwareBranding" Source="RootFiles\TEMPLATE\FEATURES\LitwareBranding\LitwareBranding.master" Description="File successfully backed up as C:\Student_Gold\Demos\05_Branding\LitwareBranding\Backup\RootFiles\TEMPLATE\FEATURES\LitwareBranding\LitwareBranding.master">
</Event><Event ErrorLevel="0" Project="LitwareBranding" Source="RootFiles\TEMPLATE\IMAGES\LitwareBranding\SiteLogo.gif" Description="File successfully backed up as C:\Student_Gold\Demos\05_Branding\LitwareBranding\Backup\RootFiles\TEMPLATE\IMAGES\LitwareBranding\SiteLogo.gif">
</Event><Event ErrorLevel="0" Project="LitwareBranding" Source="RootFiles\TEMPLATE\LAYOUTS\LitwareBranding\application.master" Description="File successfully backed up as C:\Student_Gold\Demos\05_Branding\LitwareBranding\Backup\RootFiles\TEMPLATE\LAYOUTS\LitwareBranding\application.master">
</Event><Event ErrorLevel="0" Project="LitwareBranding" Source="RootFiles\TEMPLATE\LAYOUTS\LitwareBranding\dialog.master" Description="File successfully backed up as C:\Student_Gold\Demos\05_Branding\LitwareBranding\Backup\RootFiles\TEMPLATE\LAYOUTS\LitwareBranding\dialog.master">
</Event><Event ErrorLevel="0" Project="LitwareBranding" Source="RootFiles\TEMPLATE\LAYOUTS\LitwareBranding\layouts.master" Description="File successfully backed up as C:\Student_Gold\Demos\05_Branding\LitwareBranding\Backup\RootFiles\TEMPLATE\LAYOUTS\LitwareBranding\layouts.master">
</Event><Event ErrorLevel="0" Project="LitwareBranding" Source="RootFiles\TEMPLATE\LAYOUTS\LitwareBranding\pickerdialog.master" Description="File successfully backed up as C:\Student_Gold\Demos\05_Branding\LitwareBranding\Backup\RootFiles\TEMPLATE\LAYOUTS\LitwareBranding\pickerdialog.master">
</Event><Event ErrorLevel="0" Project="LitwareBranding" Source="RootFiles\TEMPLATE\LAYOUTS\LitwareBranding\simple.master" Description="File successfully backed up as C:\Student_Gold\Demos\05_Branding\LitwareBranding\Backup\RootFiles\TEMPLATE\LAYOUTS\LitwareBranding\simple.master">
</Event><Event ErrorLevel="0" Project="LitwareBranding" Source="RootFiles\TEMPLATE\LAYOUTS\LitwareBranding\sspadmin.master" Description="File successfully backed up as C:\Student_Gold\Demos\05_Branding\LitwareBranding\Backup\RootFiles\TEMPLATE\LAYOUTS\LitwareBranding\sspadmin.master">
</Event><Event ErrorLevel="0" Project="LitwareBranding" Source="RootFiles\TEMPLATE\FEATURES\LitwareBrandingChildSiteInitializer\feature.xml" Description="File successfully backed up as C:\Student_Gold\Demos\05_Branding\LitwareBranding\Backup\RootFiles\TEMPLATE\FEATURES\LitwareBrandingChildSiteInitializer\feature.xml">
</Event><Event ErrorLevel="0" Project="LitwareBranding" Source="RootFiles\TEMPLATE\FEATURES\LitwareBrandingWebApplication\feature.xml" Description="File successfully backed up as C:\Student_Gold\Demos\05_Branding\LitwareBranding\Backup\RootFiles\TEMPLATE\FEATURES\LitwareBrandingWebApplication\feature.xml">
</Event><Event ErrorLevel="0" Project="LitwareBranding" Source="RootFiles\TEMPLATE\FEATURES\LitwareBranding\stapling.xml" Description="File successfully backed up as C:\Student_Gold\Demos\05_Branding\LitwareBranding\Backup\RootFiles\TEMPLATE\FEATURES\LitwareBranding\stapling.xml">
</Event><Event ErrorLevel="0" Project="LitwareBranding" Source="RootFiles\TEMPLATE\LAYOUTS\1033\styles\LitwareBranding\bamboo_lft_tile.jpg" Description="File successfully backed up as C:\Student_Gold\Demos\05_Branding\LitwareBranding\Backup\RootFiles\TEMPLATE\LAYOUTS\1033\styles\LitwareBranding\bamboo_lft_tile.jpg">
</Event><Event ErrorLevel="0" Project="LitwareBranding" Source="RootFiles\TEMPLATE\LAYOUTS\1033\styles\LitwareBranding\bamboo_rt_tile.jpg" Description="File successfully backed up as C:\Student_Gold\Demos\05_Branding\LitwareBranding\Backup\RootFiles\TEMPLATE\LAYOUTS\1033\styles\LitwareBranding\bamboo_rt_tile.jpg">
</Event><Event ErrorLevel="0" Project="LitwareBranding" Source="RootFiles\TEMPLATE\LAYOUTS\1033\styles\LitwareBranding\bamboo_separator_tile.jpg" Description="File successfully backed up as C:\Student_Gold\Demos\05_Branding\LitwareBranding\Backup\RootFiles\TEMPLATE\LAYOUTS\1033\styles\LitwareBranding\bamboo_separator_tile.jpg">
</Event><Event ErrorLevel="0" Project="LitwareBranding" Source="RootFiles\TEMPLATE\LAYOUTS\1033\styles\LitwareBranding\Banner2.jpg" Description="File successfully backed up as C:\Student_Gold\Demos\05_Branding\LitwareBranding\Backup\RootFiles\TEMPLATE\LAYOUTS\1033\styles\LitwareBranding\Banner2.jpg">
</Event><Event ErrorLevel="0" Project="LitwareBranding" Source="RootFiles\TEMPLATE\LAYOUTS\1033\styles\LitwareBranding\boo_stick.gif" Description="File successfully backed up as C:\Student_Gold\Demos\05_Branding\LitwareBranding\Backup\RootFiles\TEMPLATE\LAYOUTS\1033\styles\LitwareBranding\boo_stick.gif">
</Event><Event ErrorLevel="0" Project="LitwareBranding" Source="RootFiles\TEMPLATE\LAYOUTS\1033\styles\LitwareBranding\Breadcrumb.gif" Description="File successfully backed up as C:\Student_Gold\Demos\05_Branding\LitwareBranding\Backup\RootFiles\TEMPLATE\LAYOUTS\1033\styles\LitwareBranding\Breadcrumb.gif">
</Event><Event ErrorLevel="0" Project="LitwareBranding" Source="RootFiles\TEMPLATE\LAYOUTS\1033\styles\LitwareBranding\bullet.gif" Description="File successfully backed up as C:\Student_Gold\Demos\05_Branding\LitwareBranding\Backup\RootFiles\TEMPLATE\LAYOUTS\1033\styles\LitwareBranding\bullet.gif">
</Event><Event ErrorLevel="0" Project="LitwareBranding" Source="RootFiles\TEMPLATE\LAYOUTS\1033\styles\LitwareBranding\gator.jpg" Description="File successfully backed up as C:\Student_Gold\Demos\05_Branding\LitwareBranding\Backup\RootFiles\TEMPLATE\LAYOUTS\1033\styles\LitwareBranding\gator.jpg">
</Event><Event ErrorLevel="0" Project="LitwareBranding" Source="RootFiles\TEMPLATE\LAYOUTS\1033\styles\LitwareBranding\left_column_divider.gif" Description="File successfully backed up as C:\Student_Gold\Demos\05_Branding\LitwareBranding\Backup\RootFiles\TEMPLATE\LAYOUTS\1033\styles\LitwareBranding\left_column_divider.gif">
</Event><Event ErrorLevel="0" Project="LitwareBranding" Source="RootFiles\TEMPLATE\LAYOUTS\1033\styles\LitwareBranding\lrg_map_tile.jpg" Description="File successfully backed up as C:\Student_Gold\Demos\05_Branding\LitwareBranding\Backup\RootFiles\TEMPLATE\LAYOUTS\1033\styles\LitwareBranding\lrg_map_tile.jpg">
</Event><Event ErrorLevel="0" Project="LitwareBranding" Source="RootFiles\TEMPLATE\LAYOUTS\1033\styles\LitwareBranding\MOSS_TILE.jpg" Description="File successfully backed up as C:\Student_Gold\Demos\05_Branding\LitwareBranding\Backup\RootFiles\TEMPLATE\LAYOUTS\1033\styles\LitwareBranding\MOSS_TILE.jpg">
</Event><Event ErrorLevel="0" Project="LitwareBranding" Source="RootFiles\TEMPLATE\LAYOUTS\1033\styles\LitwareBranding\Nav1.gif" Description="File successfully backed up as C:\Student_Gold\Demos\05_Branding\LitwareBranding\Backup\RootFiles\TEMPLATE\LAYOUTS\1033\styles\LitwareBranding\Nav1.gif">
</Event><Event ErrorLevel="0" Project="LitwareBranding" Source="RootFiles\TEMPLATE\LAYOUTS\1033\styles\LitwareBranding\nav2.gif" Description="File successfully backed up as C:\Student_Gold\Demos\05_Branding\LitwareBranding\Backup\RootFiles\TEMPLATE\LAYOUTS\1033\styles\LitwareBranding\nav2.gif">
</Event><Event ErrorLevel="0" Project="LitwareBranding" Source="RootFiles\TEMPLATE\LAYOUTS\1033\styles\LitwareBranding\old_map_green.jpg" Description="File successfully backed up as C:\Student_Gold\Demos\05_Branding\LitwareBranding\Backup\RootFiles\TEMPLATE\LAYOUTS\1033\styles\LitwareBranding\old_map_green.jpg">
</Event><Event ErrorLevel="0" Project="LitwareBranding" Source="RootFiles\TEMPLATE\LAYOUTS\1033\styles\LitwareBranding\sm_map_tile.jpg" Description="File successfully backed up as C:\Student_Gold\Demos\05_Branding\LitwareBranding\Backup\RootFiles\TEMPLATE\LAYOUTS\1033\styles\LitwareBranding\sm_map_tile.jpg">
</Event><Event ErrorLevel="0" Project="LitwareBranding" Source="RootFiles\TEMPLATE\LAYOUTS\1033\styles\LitwareBranding\styles.css" Description="File successfully backed up as C:\Student_Gold\Demos\05_Branding\LitwareBranding\Backup\RootFiles\TEMPLATE\LAYOUTS\1033\styles\LitwareBranding\styles.css">
</Event><Event ErrorLevel="0" Project="LitwareBranding" Source="RootFiles\TEMPLATE\LAYOUTS\1033\styles\LitwareBranding\tile_left_column.gif" Description="File successfully backed up as C:\Student_Gold\Demos\05_Branding\LitwareBranding\Backup\RootFiles\TEMPLATE\LAYOUTS\1033\styles\LitwareBranding\tile_left_column.gif">
</Event><Event ErrorLevel="0" Project="LitwareBranding" Source="RootFiles\TEMPLATE\LAYOUTS\1033\styles\LitwareBranding\tile_main_bg.gif" Description="File successfully backed up as C:\Student_Gold\Demos\05_Branding\LitwareBranding\Backup\RootFiles\TEMPLATE\LAYOUTS\1033\styles\LitwareBranding\tile_main_bg.gif">
</Event><Event ErrorLevel="0" Project="LitwareBranding" Source="RootFiles\TEMPLATE\LAYOUTS\1033\styles\LitwareBranding\tile_side.gif" Description="File successfully backed up as C:\Student_Gold\Demos\05_Branding\LitwareBranding\Backup\RootFiles\TEMPLATE\LAYOUTS\1033\styles\LitwareBranding\tile_side.gif">
</Event><Event ErrorLevel="0" Project="LitwareBranding" Source="RootFiles\TEMPLATE\LAYOUTS\1033\styles\LitwareBranding\tile_top-nav.gif" Description="File successfully backed up as C:\Student_Gold\Demos\05_Branding\LitwareBranding\Backup\RootFiles\TEMPLATE\LAYOUTS\1033\styles\LitwareBranding\tile_top-nav.gif">
</Event><Event ErrorLevel="0" Project="LitwareBranding" Source="RootFiles\TEMPLATE\LAYOUTS\1033\styles\LitwareBranding\title_banner.jpg" Description="File successfully backed up as C:\Student_Gold\Demos\05_Branding\LitwareBranding\Backup\RootFiles\TEMPLATE\LAYOUTS\1033\styles\LitwareBranding\title_banner.jpg">
</Event><Event ErrorLevel="0" Project="LitwareBranding" Source="RootFiles\TEMPLATE\LAYOUTS\1033\styles\LitwareBranding\title_banner2.jpg" Description="File successfully backed up as C:\Student_Gold\Demos\05_Branding\LitwareBranding\Backup\RootFiles\TEMPLATE\LAYOUTS\1033\styles\LitwareBranding\title_banner2.jpg">
</Event><Event ErrorLevel="0" Project="LitwareBranding" Source="RootFiles\TEMPLATE\LAYOUTS\LitwareBranding\BrandManagement.aspx" Description="File successfully backed up as C:\Student_Gold\Demos\05_Branding\LitwareBranding\Backup\RootFiles\TEMPLATE\LAYOUTS\LitwareBranding\BrandManagement.aspx">
</Event><Event ErrorLevel="0" Project="LitwareBranding" Source="LitwareBranding.csproj" Description="Project converted successfully">
</Event><Event ErrorLevel="3" Project="LitwareBranding" Source="LitwareBranding.csproj" Description="Converted">
</Event><Event ErrorLevel="0" Project="" Source="LitwareBranding.sln" Description="Solution converted successfully">
</Event><Event ErrorLevel="3" Project="" Source="LitwareBranding.sln" Description="Converted">
</Event><Event ErrorLevel="0" Project="LitwareBranding" Source="LitwareBranding.csproj" Description="Scan complete: Upgrade not required for project files.">
</Event></UpgradeLog>