<?xml version="1.0" encoding="UTF-8"?><?xml-stylesheet type='text/xsl' href='_UpgradeReport_Files/UpgradeReport.xslt'?><UpgradeLog>
<Properties><Property Name="Solution" Value="AuditingDemo">
</Property><Property Name="Solution File" Value="C:\Student_Gold\Demos\09_ContentTypes\AuditingDemo\AuditingDemo.sln">
</Property><Property Name="User Options File" Value="C:\Student_Gold\Demos\09_ContentTypes\AuditingDemo\AuditingDemo.suo">
</Property><Property Name="Date" Value="Friday, May 01, 2009">
</Property><Property Name="Time" Value="12:19 PM">
</Property></Properties><Event ErrorLevel="0" Project="" Source="AuditingDemo.sln" Description="File successfully backed up as C:\Student_Gold\Demos\09_ContentTypes\AuditingDemo\Backup\AuditingDemo.sln">
</Event><Event ErrorLevel="0" Project="" Source="AuditingDemo.suo" Description="File successfully backed up as C:\Student_Gold\Demos\09_ContentTypes\AuditingDemo\Backup\AuditingDemo.suo">
</Event><Event ErrorLevel="0" Project="AuditingDemo" Source="AuditingDemo.csproj" Description="Project file successfully backed up as C:\Student_Gold\Demos\09_ContentTypes\AuditingDemo\Backup\AuditingDemo.csproj">
</Event><Event ErrorLevel="0" Project="AuditingDemo" Source="AuditingDemo.csproj.user" Description="Project user file successfully backed up as C:\Student_Gold\Demos\09_ContentTypes\AuditingDemo\Backup\AuditingDemo.csproj.user">
</Event><Event ErrorLevel="0" Project="AuditingDemo" Source="Properties\AssemblyInfo.cs" Description="File successfully backed up as C:\Student_Gold\Demos\09_ContentTypes\AuditingDemo\Backup\Properties\AssemblyInfo.cs">
</Event><Event ErrorLevel="0" Project="AuditingDemo" Source="AuditLogViewer.cs" Description="File successfully backed up as C:\Student_Gold\Demos\09_ContentTypes\AuditingDemo\Backup\AuditLogViewer.cs">
</Event><Event ErrorLevel="0" Project="AuditingDemo" Source="ItemAudit.cs" Description="File successfully backed up as C:\Student_Gold\Demos\09_ContentTypes\AuditingDemo\Backup\ItemAudit.cs">
</Event><Event ErrorLevel="0" Project="AuditingDemo" Source="AuditConfig.cs" Description="File successfully backed up as C:\Student_Gold\Demos\09_ContentTypes\AuditingDemo\Backup\AuditConfig.cs">
</Event><Event ErrorLevel="0" Project="AuditingDemo" Source="FeatureReceiver.cs" Description="File successfully backed up as C:\Student_Gold\Demos\09_ContentTypes\AuditingDemo\Backup\FeatureReceiver.cs">
</Event><Event ErrorLevel="0" Project="AuditingDemo" Source="SiteActionsCustomSubMenu.cs" Description="File successfully backed up as C:\Student_Gold\Demos\09_ContentTypes\AuditingDemo\Backup\SiteActionsCustomSubMenu.cs">
</Event><Event ErrorLevel="0" Project="AuditingDemo" Source="KeyFile.snk" Description="File successfully backed up as C:\Student_Gold\Demos\09_ContentTypes\AuditingDemo\Backup\KeyFile.snk">
</Event><Event ErrorLevel="0" Project="AuditingDemo" Source="DeploymentFiles\SolutionConfig.xml" Description="File successfully backed up as C:\Student_Gold\Demos\09_ContentTypes\AuditingDemo\Backup\DeploymentFiles\SolutionConfig.xml">
</Event><Event ErrorLevel="0" Project="AuditingDemo" Source="DeploymentFiles\Microsoft.SharePoint.targets" Description="File successfully backed up as C:\Student_Gold\Demos\09_ContentTypes\AuditingDemo\Backup\DeploymentFiles\Microsoft.SharePoint.targets">
</Event><Event ErrorLevel="0" Project="AuditingDemo" Source="DeploymentFiles\manifest.xml" Description="File successfully backed up as C:\Student_Gold\Demos\09_ContentTypes\AuditingDemo\Backup\DeploymentFiles\manifest.xml">
</Event><Event ErrorLevel="0" Project="AuditingDemo" Source="DeploymentFiles\SolutionPackage.ddf" Description="File successfully backed up as C:\Student_Gold\Demos\09_ContentTypes\AuditingDemo\Backup\DeploymentFiles\SolutionPackage.ddf">
</Event><Event ErrorLevel="0" Project="AuditingDemo" Source="RootFiles\TEMPLATE\IMAGES\AuditingDemo\Binoculars32.gif" Description="File successfully backed up as C:\Student_Gold\Demos\09_ContentTypes\AuditingDemo\Backup\RootFiles\TEMPLATE\IMAGES\AuditingDemo\Binoculars32.gif">
</Event><Event ErrorLevel="0" Project="AuditingDemo" Source="RootFiles\TEMPLATE\LAYOUTS\AuditingDemo\AuditLogViewer.aspx" Description="File successfully backed up as C:\Student_Gold\Demos\09_ContentTypes\AuditingDemo\Backup\RootFiles\TEMPLATE\LAYOUTS\AuditingDemo\AuditLogViewer.aspx">
</Event><Event ErrorLevel="0" Project="AuditingDemo" Source="RootFiles\TEMPLATE\LAYOUTS\AuditingDemo\ItemAudit.aspx" Description="File successfully backed up as C:\Student_Gold\Demos\09_ContentTypes\AuditingDemo\Backup\RootFiles\TEMPLATE\LAYOUTS\AuditingDemo\ItemAudit.aspx">
</Event><Event ErrorLevel="0" Project="AuditingDemo" Source="RootFiles\TEMPLATE\LAYOUTS\AuditingDemo\AuditConfig.aspx" Description="File successfully backed up as C:\Student_Gold\Demos\09_ContentTypes\AuditingDemo\Backup\RootFiles\TEMPLATE\LAYOUTS\AuditingDemo\AuditConfig.aspx">
</Event><Event ErrorLevel="0" Project="AuditingDemo" Source="RootFiles\TEMPLATE\FEATURES\AuditingDemo\elements.xml" Description="File successfully backed up as C:\Student_Gold\Demos\09_ContentTypes\AuditingDemo\Backup\RootFiles\TEMPLATE\FEATURES\AuditingDemo\elements.xml">
</Event><Event ErrorLevel="0" Project="AuditingDemo" Source="RootFiles\TEMPLATE\IMAGES\AuditingDemo\AfricanPith32.gif" Description="File successfully backed up as C:\Student_Gold\Demos\09_ContentTypes\AuditingDemo\Backup\RootFiles\TEMPLATE\IMAGES\AuditingDemo\AfricanPith32.gif">
</Event><Event ErrorLevel="0" Project="AuditingDemo" Source="RootFiles\TEMPLATE\FEATURES\AuditingDemo\feature.xml" Description="File successfully backed up as C:\Student_Gold\Demos\09_ContentTypes\AuditingDemo\Backup\RootFiles\TEMPLATE\FEATURES\AuditingDemo\feature.xml">
</Event><Event ErrorLevel="0" Project="AuditingDemo" Source="RootFiles\TEMPLATE\IMAGES\AuditingDemo\Compass32.gif" Description="File successfully backed up as C:\Student_Gold\Demos\09_ContentTypes\AuditingDemo\Backup\RootFiles\TEMPLATE\IMAGES\AuditingDemo\Compass32.gif">
</Event><Event ErrorLevel="0" Project="AuditingDemo" Source="AuditingDemo.csproj" Description="Project converted successfully">
</Event><Event ErrorLevel="3" Project="AuditingDemo" Source="AuditingDemo.csproj" Description="Converted">
</Event><Event ErrorLevel="0" Project="" Source="AuditingDemo.sln" Description="Solution converted successfully">
</Event><Event ErrorLevel="3" Project="" Source="AuditingDemo.sln" Description="Converted">
</Event><Event ErrorLevel="0" Project="AuditingDemo" Source="AuditingDemo.csproj" Description="Scan complete: Upgrade not required for project files.">
</Event></UpgradeLog>