<?xml version="1.0" encoding="UTF-8"?>
<dataroot xmlns:od="urn:schemas-microsoft-com:officedata" generated="2006-05-03T09:51:59">
<Consultants>
<ID>1</ID>
<Name>Thomas Axen</Name>
<FirstName>Thomas</FirstName>
<LastName>Axen</LastName>
<Email>thomas.axen@litwareinc.com</Email>
<Department>Development</Department>
<Telephone>(230) 344 453</Telephone>
<HourlyRate>140</HourlyRate>
</Consultants>
<Consultants>
<ID>2</ID>
<Name>Robert Brown</Name>
<FirstName>Robert</FirstName>
<LastName>Brown</LastName>
<Email>robert.brown@litwareinc.com</Email>
<Department>Development</Department>
<Telephone>(230) 344 453</Telephone>
<HourlyRate>100</HourlyRate>
</Consultants>
<Consultants>
<ID>3</ID>
<Name>Chase Carpenter</Name>
<FirstName>Chase</FirstName>
<LastName>Carpenter</LastName>
<Email>chase.carpenter@litware.com</Email>
<Department>Development</Department>
<Telephone>(230) 344 453</Telephone>
<HourlyRate>150</HourlyRate>
</Consultants>
<Consultants>
<ID>4</ID>
<Name>Brenda Diaz</Name>
<FirstName>Brenda</FirstName>
<LastName>Diaz</LastName>
<Email>brenda.diaz@litwareinc.com</Email>
<Department>Development</Department>
<Telephone>(230) 344 453</Telephone>
<HourlyRate>200</HourlyRate>
</Consultants>
<Consultants>
<ID>5</ID>
<Name>Heiko Elmsheuer</Name>
<FirstName>Heiko</FirstName>
<LastName>Elmsheuer</LastName>
<Email>heiko.elmsheuer@litwareinc.com</Email>
<Department>Development</Department>
<Telephone>(230) 344 453</Telephone>
<HourlyRate>175</HourlyRate>
</Consultants>
<Consultants>
<ID>6</ID>
<Name>Mike Fitzmaurice</Name>
<FirstName>Mike</FirstName>
<LastName>Fitzmaurice</LastName>
<Email>mike.fitzmaurice@litwareinc.com</Email>
<Department>Development</Department>
<Telephone>(230) 344 453</Telephone>
<HourlyRate>250</HourlyRate>
</Consultants>
<Consultants>
<ID>7</ID>
<Name>Krzysztof Florczyk</Name>
<FirstName>Krzysztof</FirstName>
<LastName>Florczyk</LastName>
<Email>krzysztof.florczyk@litwareinc.com</Email>
<Department>Development</Department>
<Telephone>(230) 344 453</Telephone>
<HourlyRate>125</HourlyRate>
</Consultants>
<Consultants>
<ID>8</ID>
<Name>Chris Gray</Name>
<FirstName>Chris</FirstName>
<LastName>Gray</LastName>
<Email>chris.gray@litwareinc.com</Email>
<Department>Development</Department>
<Telephone>(230) 344 453</Telephone>
<HourlyRate>80</HourlyRate>
</Consultants>
<Consultants>
<ID>9</ID>
<Name>Qin Hong</Name>
<FirstName>Qin</FirstName>
<LastName>Hong</LastName>
<Email>qin.hong@litwareinc.com</Email>
<Department>Development</Department>
<Telephone>(230) 344 453</Telephone>
<HourlyRate>135</HourlyRate>
</Consultants>
<Consultants>
<ID>10</ID>
<Name>Shu Ito</Name>
<FirstName>Shu</FirstName>
<LastName>Ito</LastName>
<Email>shu.ito@litwareinc.com</Email>
<Department>Development</Department>
<Telephone>(230) 344 453</Telephone>
<HourlyRate>210</HourlyRate>
</Consultants>
<Consultants>
<ID>11</ID>
<Name>Jon Jaffe</Name>
<FirstName>Jon</FirstName>
<LastName>Jaffe</LastName>
<Email>jon.jaffe@litwareinc.com</Email>
<Department>Development</Department>
<Telephone>(230) 344 453</Telephone>
<HourlyRate>150</HourlyRate>
</Consultants>
<Consultants>
<ID>12</ID>
<Name>Evgeny Kulikov</Name>
<FirstName>Evgeny</FirstName>
<LastName>Kulikov</LastName>
<Email>evgeny.kulikov@litwareinc.com</Email>
<Department>Development</Department>
<Telephone>(230) 344 453</Telephone>
<HourlyRate>190</HourlyRate>
</Consultants>
<Consultants>
<ID>13</ID>
<Name>Oliver Lee</Name>
<FirstName>Oliver</FirstName>
<LastName>Lee</LastName>
<Email>lee.oliver@litwareinc.com</Email>
<Department>Development</Department>
<Telephone>(230) 344 453</Telephone>
<HourlyRate>115</HourlyRate>
</Consultants>
<Consultants>
<ID>14</ID>
<Name>Sebastien Motte</Name>
<FirstName>Sebastien</FirstName>
<LastName>Motte</LastName>
<Email>sebastien.motte@litware.com</Email>
<Department>Development</Department>
<Telephone>(230) 344 453</Telephone>
<HourlyRate>70</HourlyRate>
</Consultants>
<Consultants>
<ID>15</ID>
<Name>Belinda Newmann</Name>
<FirstName>Belinda</FirstName>
<LastName>Newman</LastName>
<Email>belinda.newman@litwareinc.com</Email>
<Department>Development</Department>
<Telephone>(230) 344 453</Telephone>
<HourlyRate>130</HourlyRate>
</Consultants>
<Consultants>
<ID>16</ID>
<Name>Claire O&apos;Donnell</Name>
<FirstName>Claire</FirstName>
<LastName>O&apos;Donnell</LastName>
<Email>claire.odonnell@litwareinc.com</Email>
<Department>Development</Department>
<Telephone>(230) 344 453</Telephone>
<HourlyRate>145</HourlyRate>
</Consultants>
<Consultants>
<ID>17</ID>
<Name>Darren Parker</Name>
<FirstName>Darren</FirstName>
<LastName>Parker</LastName>
<Email>darren.parker@litwareinc.com</Email>
<Department>Development</Department>
<Telephone>(230) 344 453</Telephone>
<HourlyRate>110</HourlyRate>
</Consultants>
<Consultants>
<ID>18</ID>
<Name>Dieter Zilch</Name>
<FirstName>Dieter</FirstName>
<LastName>Zilch</LastName>
<Email>dieter.zilch@litwareinc.com</Email>
<Department>Development</Department>
<Telephone>(230) 344 453</Telephone>
<HourlyRate>160</HourlyRate>
</Consultants>
<Consultants>
<ID>19</ID>
<Name>Brenda Diaz</Name>
<FirstName>Brenda</FirstName>
<LastName>Diaz</LastName>
<Email>brenda.diaz@litwareinc.com</Email>
<Department>Development</Department>
<Telephone>(230) 344 453</Telephone>
<HourlyRate>200</HourlyRate>
</Consultants>
</dataroot>
