﻿<?xml version="1.0" encoding="utf-8" ?>

<Feature  Id="2ed9170e-3cab-4502-9373-3ff5a2b48856"
      Title="Litware Timsheet Approval Workflow feature"
      Description="My SharePoint Workflow Feature"
      Version="12.0.0.0"
      Scope="Site"
      ReceiverAssembly="Microsoft.Office.Workflow.Feature, Version=12.0.0.0, Culture=neutral, PublicKeyToken=71e9bce111e9429c"
      ReceiverClass="Microsoft.Office.Workflow.Feature.WorkflowFeatureReceiver"
      xmlns="http://schemas.microsoft.com/sharepoint/">
  <ElementManifests>
      <ElementManifest Location="workflow.xml" />
      <ElementFile Location="CustomApprovalAssoc.xsn" />
    <ElementFile Location="CustomApprovalInit.xsn" />
    <ElementFile Location="CustomApprovalTask.xsn" />
  </ElementManifests>
  <Properties>
    <Property Key="GloballyAvailable" Value="true" />
    <!-- Value for RegisterForms key indicates the path to the forms relative to feature file location -->
    <!-- if you don't have forms, use *.xsn -->
    <Property Key="RegisterForms" Value="*.xsn" />
  </Properties>
</Feature>
