﻿<Solution 
  SolutionId="DEADBEEF-BADD-BADD-BADD-BADBADBADBAD" 
	xmlns="http://schemas.microsoft.com/sharepoint/">

  <FeatureManifests>
    <FeatureManifest Location="SmallTimeParts\feature.xml" />
  </FeatureManifests>
 
  <TemplateFiles>
    <TemplateFile Location="IMAGES\TPG\compass.gif"/>
    <TemplateFile Location="IMAGES\TPG\SmallCompass.gif"/>
    <TemplateFile Location="IMAGES\TPG\SmallBinoculars.gif"/>
  </TemplateFiles>

  <Assemblies>
    <Assembly DeploymentTarget="WebApplication"  Location="SmallTimeParts.dll">
      <SafeControls>
        <SafeControl Assembly="SmallTimeParts, Version=1.0.0.0, Culture=neutral, PublicKeyToken=74bad7277fe0d19e" 
                     Namespace="SmallTimeParts" TypeName="*" Safe="True"/>
      </SafeControls>
    </Assembly>
	</Assemblies>

  <CodeAccessSecurity>
    <PolicyItem>
      
      <PermissionSet class="NamedPermissionSet" version="1" Description="Permission set for SmallTimeParts assembly">
        
        <IPermission class="AspNetHostingPermission"
                     version="1" Level="High" />

        <IPermission class="SecurityPermission" version="1"
                Flags="Assertion, UnmanagedCode, Execution, ControlThread, ControlEvidence, ControlPolicy, SerializationFormatter, ControlDomainPolicy, ControlPrincipal, ControlAppDomain, RemotingConfiguration, Infrastructure, BindingRedirects" />

        <IPermission class="System.Security.Permissions.FileIOPermission, mscorlib, Version=2.0.0.0, Culture=neutral, PublicKeyToken=b77a5c561934e089"
                     version="1" Unrestricted="true" />

        <IPermission class="System.Security.Permissions.EnvironmentPermission, mscorlib, Version=2.0.0.0, Culture=neutral, PublicKeyToken=b77a5c561934e089"
             version="1" Unrestricted="true" />

        <IPermission class="System.Data.SqlClient.SqlClientPermission, System.Data, Version=2.0.0.0, Culture=neutral, PublicKeyToken=b77a5c561934e089"
                     version="1" Unrestricted="true" />

        <IPermission class="System.Net.WebPermission, System, Version=2.0.0.0, Culture=neutral, PublicKeyToken=b77a5c561934e089"
                     version="1" Unrestricted="true" />

        <IPermission class="System.Net.DnsPermission, System, Version=2.0.0.0, Culture=neutral, PublicKeyToken=b77a5c561934e089"
                     version="1" Unrestricted="true" />

        <IPermission class="Microsoft.SharePoint.Security.SharePointPermission, Microsoft.SharePoint.Security, Version=12.0.0.0, Culture=neutral, PublicKeyToken=71e9bce111e9429c"
            version="1" ObjectModel="True" Impersonate="True"/>
        
        <IPermission class="Microsoft.SharePoint.Security.WebPartPermission, Microsoft.SharePoint.Security, Version=12.0.0.0, Culture=neutral, PublicKeyToken=71e9bce111e9429c"
             version="1" Unrestricted="true" />
      </PermissionSet>
      
      <Assemblies>
        <Assembly Name="SmallTimeParts"  />
      </Assemblies>
    
    </PolicyItem>
  </CodeAccessSecurity>

</Solution>