﻿<?xml version="1.0" encoding="utf-8" ?>
<Console>
  <references>
    <reference TagPrefix="wcm401"
               assembly="PublishingPageDetailViewer, Version=1.0.0.0, Culture=neutral, PublicKeyToken=d4e5777b16a5749f"
               namespace="PublishingPageDetailViewer" />
  </references>
  <structure>
    <ConsoleNode Sequence="500" ConfigMenu="Add" NavigateUrl="javascript:"
                 AccessKey="L" 
                 DisplayText="Utilities"
                 ImageUrl="/_layouts/images/saveitem.gif"
                 UseResourceFile="false"
                 UserRights="EmptyMask" 
                 ID="saPageLinks">
      <ConsoleNode DisplayText="Page Details"
                   ImageUrl="/_layouts/images/info16by16.gif"
                   UserRights="EmptyMask"
                   UseResourceFile="false"
                   Action="wcm401:PublishingPageDetailMenuItem"
                   ID="wcm401PubPageDetailEditMenu">
      </ConsoleNode>
    </ConsoleNode>
  </structure>
</Console>
