﻿<?xml version="1.0" encoding="utf-8" ?>
<Solution xmlns="http://schemas.microsoft.com/sharepoint/"
          SolutionId="{3641DCC4-DB00-4b68-A66E-FB2D0FD7F4B3}"
          DeploymentServerType="WebFrontEnd"
          ResetWebServer="TRUE">

  <Assemblies>
    <Assembly DeploymentTarget="GlobalAssemblyCache" Location="LitwareWorkflows.dll">
      <SafeControls>
        <SafeControl Namespace="LitwareWorkflows" TypeName="*" Safe="True" />
      </SafeControls>
    </Assembly>
  </Assemblies>

  <FeatureManifests>
    <FeatureManifest Location="LitwareWorkflows\feature.xml" />
  </FeatureManifests>

  <TemplateFiles>
    <TemplateFile Location="LAYOUTS\Litware\LitwareApprovalAssociation.aspx" />
    <TemplateFile Location="LAYOUTS\Litware\LitwareApprovalInitiation.aspx" />
    <TemplateFile Location="LAYOUTS\Litware\LitwareApprovalModificationForm.aspx" />
    <TemplateFile Location="LAYOUTS\Litware\LitwareApprovalTaskEditForm.aspx" />
  </TemplateFiles>
</Solution>