﻿<Solution SolutionId="FF35768C-BF46-4ea7-8626-23363A3A88E9" 
		  xmlns="http://schemas.microsoft.com/sharepoint/">

  <FeatureManifests>
    <FeatureManifest Location="SecurityDemo\feature.xml" />
  </FeatureManifests>

  <TemplateFiles>
    <TemplateFile Location="LAYOUTS\SecurityDemo\SecurityDemo.master"/>
    <TemplateFile Location="LAYOUTS\SecurityDemo\Styles.css"/>
    <TemplateFile Location="LAYOUTS\SecurityDemo\UserInfo.aspx"/>
    <TemplateFile Location="LAYOUTS\SecurityDemo\Principals.aspx"/>
    <TemplateFile Location="LAYOUTS\SecurityDemo\CreatePrincipal.aspx"/>
    <TemplateFile Location="LAYOUTS\SecurityDemo\Elevation.aspx"/>
    <TemplateFile Location="LAYOUTS\SecurityDemo\SecuringObjects.aspx"/>    
    <TemplateFile Location="IMAGES\TPG\PithHelmet.gif"/>
    <TemplateFile Location="IMAGES\TPG\small_binoculars.gif"/>
    <TemplateFile Location="IMAGES\TPG\small_compass.gif"/>
    <TemplateFile Location="IMAGES\TPG\small_PithHelmet.gif"/>
    <TemplateFile Location="IMAGES\TPG\tile_top-nav.gif"/>
    <TemplateFile Location="IMAGES\TPG\Breadcrumb.gif"/>


    
  </TemplateFiles>

  <Assemblies>
    <Assembly Location="SecurityDemo.dll" DeploymentTarget="GlobalAssemblyCache" >
      <SafeControls>
        <SafeControl Assembly="SecurityDemo, Version=1.0.0.0, Culture=neutral, PublicKeyToken=e142cf15fe476cfb"
                     Namespace="SecurityDemo" TypeName="*" Safe="True" />
      </SafeControls>
    </Assembly>
  </Assemblies>  

</Solution>