﻿<parameters>
  <parameter name="IIS Web Application Name" defaultValue="services" tags="IisApp">
    <parameterEntry kind="ProviderPath" scope="IisApp" match="^C:\\Student\\ExtraStudentFiles\\Resources\\CptServices\\obj\\Debug\\Package\\PackageTmp$" />
    <parameterEntry kind="ProviderPath" scope="setAcl" match="^C:\\Student\\ExtraStudentFiles\\Resources\\CptServices\\obj\\Debug\\Package\\PackageTmp$" />
  </parameter>
  <parameter name="AdventureWorks2012PersonModelEntities-Web.config Connection String" defaultValue="metadata=res://*/AdventureWorks2012PersonModel.csdl|res://*/AdventureWorks2012PersonModel.ssdl|res://*/AdventureWorks2012PersonModel.msl;provider=System.Data.SqlClient;provider connection string=&quot;Data Source=(local);Initial Catalog=AdventureWorks2012;Integrated Security=True;MultipleActiveResultSets=True;Application Name=EntityFramework&quot;">
    <parameterEntry kind="XmlFile" scope="C:\\Student\\ExtraStudentFiles\\Resources\\CptServices\\obj\\Debug\\Package\\PackageTmp\\Web\.config$" match="/configuration/connectionStrings/add[@name='AdventureWorks2012PersonModelEntities']/@connectionString" />
  </parameter>
  <parameter name="AdventureWorks2012ProductModelEntities-Web.config Connection String" defaultValue="metadata=res://*/AdventureWorks2012ProductModel.csdl|res://*/AdventureWorks2012ProductModel.ssdl|res://*/AdventureWorks2012ProductModel.msl;provider=System.Data.SqlClient;provider connection string=&quot;Data Source=(local);Initial Catalog=AdventureWorks2012;Integrated Security=True;MultipleActiveResultSets=True;Application Name=EntityFramework&quot;">
    <parameterEntry kind="XmlFile" scope="C:\\Student\\ExtraStudentFiles\\Resources\\CptServices\\obj\\Debug\\Package\\PackageTmp\\Web\.config$" match="/configuration/connectionStrings/add[@name='AdventureWorks2012ProductModelEntities']/@connectionString" />
  </parameter>
</parameters>