﻿<?xml version="1.0" encoding="utf-8" ?>
<Solution SolutionId="936cf2fa-c300-4ff0-99d8-8e72b5b7d99a" xmlns="http://schemas.microsoft.com/sharepoint/">
  <FeatureManifests>
    <FeatureManifest Location="DocumentArchiveWorkflowPart2\Feature.xml" />
  </FeatureManifests>
  <Assemblies>
    <Assembly Location="DocumentArchiveWorkflowPart2.dll" DeploymentTarget="GlobalAssemblyCache"/>
  </Assemblies>
  <TemplateFiles>
    <TemplateFile Location="LAYOUTS\DocArchivePart2TaskForm.aspx"/>
  </TemplateFiles>

</Solution>

