﻿<?xml version="1.0" encoding="utf-8" ?>
<Solution xmlns="http://schemas.microsoft.com/sharepoint/"
		  SolutionId="A305AC7A-4F65-4684-AC3B-62031FDBFE82"
          DeploymentServerType="WebFrontEnd"
          ResetWebServer="FALSE">

  <FeatureManifests>
    <FeatureManifest Location="Lab8Solution\feature.xml" />
  </FeatureManifests>

  <Assemblies>
    <Assembly DeploymentTarget="WebApplication" Location="Lab8Solution.dll">
      <SafeControls>
        <SafeControl Namespace="Lab8Solution" Safe="True" TypeName="*" />
      </SafeControls>
    </Assembly>
  </Assemblies>

</Solution>