<?xml version="1.0" encoding="UTF-8"?><?xml-stylesheet type='text/xsl' href='_UpgradeReport_Files/UpgradeReport.xslt'?><UpgradeLog>
<Properties><Property Name="Solution" Value="HelloDocx">
</Property><Property Name="Solution File" Value="C:\Data\HelloDocx\HelloDocx.sln">
</Property><Property Name="User Options File" Value="C:\Data\HelloDocx\HelloDocx.suo">
</Property><Property Name="Date" Value="Wednesday, April 29, 2009">
</Property><Property Name="Time" Value="16:56 PM">
</Property></Properties><Event ErrorLevel="0" Project="" Source="HelloDocx.sln" Description="File successfully backed up as C:\Data\HelloDocx\Backup\HelloDocx.sln">
</Event><Event ErrorLevel="0" Project="" Source="HelloDocx.suo" Description="File successfully backed up as C:\Data\HelloDocx\Backup\HelloDocx.suo">
</Event><Event ErrorLevel="0" Project="HelloDocx" Source="HelloDocx.csproj" Description="Project file successfully backed up as C:\Data\HelloDocx\Backup\HelloDocx.csproj">
</Event><Event ErrorLevel="0" Project="HelloDocx" Source="Program.cs" Description="File successfully backed up as C:\Data\HelloDocx\Backup\Program.cs">
</Event><Event ErrorLevel="0" Project="HelloDocx" Source="Properties\AssemblyInfo.cs" Description="File successfully backed up as C:\Data\HelloDocx\Backup\Properties\AssemblyInfo.cs">
</Event><Event ErrorLevel="0" Project="HelloDocx" Source="HelloDocx.csproj" Description="Project converted successfully">
</Event><Event ErrorLevel="3" Project="HelloDocx" Source="HelloDocx.csproj" Description="Converted">
</Event><Event ErrorLevel="0" Project="" Source="HelloDocx.sln" Description="Solution converted successfully">
</Event><Event ErrorLevel="3" Project="" Source="HelloDocx.sln" Description="Converted">
</Event><Event ErrorLevel="0" Project="HelloDocx" Source="HelloDocx.csproj" Description="Scan complete: Upgrade not required for project files.">
</Event></UpgradeLog>