﻿<?xml version="1.0" encoding="utf-8" ?>
<ListItemValidator xmlns="http://tempuri.org/ListItemValidator.xsd">
	<Rule Name="MinimumBidAmount">
		<Match>
			<Eq>
				<Field>Proposal Type</Field>
				<Value Type="String">FixedBid</Value>
			</Eq>
		</Match>
		<Try>
			<Geq>
				<Field>Bid Amount</Field>
				<Value Type="Decimal">5000</Value>
			</Geq>
		</Try>
		<Catch>
			<Throw>The bid amount must be at least 5000</Throw>
		</Catch>
	</Rule>
	<Rule Name="MinimumHours">
		<Match>
			<Eq>
				<Field>ProposalType</Field>
				<Value Type="String">TimeAndMaterials</Value>
			</Eq>
		</Match>
		<Try>
			<Geq>
				<Field>Estimated Hours</Field>
				<Value Type="Number">300</Value>
			</Geq>
		</Try>
		<Catch>
			<Throw>The estimated hours must be at least 300.</Throw>
		</Catch>
	</Rule>
</ListItemValidator>
