<?xml version="1.0" encoding="UTF-8"?><?xml-stylesheet type='text/xsl' href='_UpgradeReport_Files/UpgradeReport.xslt'?><UpgradeLog>
<Properties><Property Name="Solution" Value="Lab3">
</Property><Property Name="Solution File" Value="C:\Documents and Settings\Administrator\Desktop\03_Architecture\Lab\VB\Lab3.sln">
</Property><Property Name="Date" Value="Tuesday, August 25, 2009">
</Property><Property Name="Time" Value="10:14 AM">
</Property></Properties><Event ErrorLevel="0" Project="Lab3" Source="Lab3.vbproj" Description="Project converted successfully">
</Event><Event ErrorLevel="3" Project="Lab3" Source="Lab3.vbproj" Description="Converted">
</Event><Event ErrorLevel="0" Project="" Source="Lab3.sln" Description="Solution converted successfully">
</Event><Event ErrorLevel="3" Project="" Source="Lab3.sln" Description="Converted">
</Event><Event ErrorLevel="0" Project="Lab3" Source="Lab3.vbproj" Description="Scan complete: Upgrade not required for project files.">
</Event></UpgradeLog>