<?xml version="1.0" encoding="UTF-8"?><?xml-stylesheet type='text/xsl' href='_UpgradeReport_Files/UpgradeReport.xslt'?><UpgradeLog>
<Properties><Property Name="Solution" Value="CustomSitePages">
</Property><Property Name="Solution File" Value="C:\Student\Demos\07_DevelopingSolutions\CustomSitePages\CustomSitePages.sln">
</Property><Property Name="User Options File" Value="C:\Student\Demos\07_DevelopingSolutions\CustomSitePages\CustomSitePages.suo">
</Property><Property Name="Date" Value="Tuesday, September 30, 2008">
</Property><Property Name="Time" Value="23:01 PM">
</Property></Properties><Event ErrorLevel="0" Project="" Source="CustomSitePages.sln" Description="File successfully backed up as C:\Student\Demos\07_DevelopingSolutions\CustomSitePages\Backup\CustomSitePages.sln">
</Event><Event ErrorLevel="0" Project="" Source="CustomSitePages.suo" Description="File successfully backed up as C:\Student\Demos\07_DevelopingSolutions\CustomSitePages\Backup\CustomSitePages.suo">
</Event><Event ErrorLevel="0" Project="CustomSitePages" Source="CustomSitePages.csproj" Description="Project file successfully backed up as C:\Student\Demos\07_DevelopingSolutions\CustomSitePages\Backup\CustomSitePages.csproj">
</Event><Event ErrorLevel="0" Project="CustomSitePages" Source="CustomControl1.cs" Description="File successfully backed up as C:\Student\Demos\07_DevelopingSolutions\CustomSitePages\Backup\CustomControl1.cs">
</Event><Event ErrorLevel="0" Project="CustomSitePages" Source="FeatureReceiver.cs" Description="File successfully backed up as C:\Student\Demos\07_DevelopingSolutions\CustomSitePages\Backup\FeatureReceiver.cs">
</Event><Event ErrorLevel="0" Project="CustomSitePages" Source="Properties\AssemblyInfo.cs" Description="File successfully backed up as C:\Student\Demos\07_DevelopingSolutions\CustomSitePages\Backup\Properties\AssemblyInfo.cs">
</Event><Event ErrorLevel="0" Project="CustomSitePages" Source="KeyFile.snk" Description="File successfully backed up as C:\Student\Demos\07_DevelopingSolutions\CustomSitePages\Backup\KeyFile.snk">
</Event><Event ErrorLevel="0" Project="CustomSitePages" Source="DeploymentFiles\SolutionConfig.xml" Description="File successfully backed up as C:\Student\Demos\07_DevelopingSolutions\CustomSitePages\Backup\DeploymentFiles\SolutionConfig.xml">
</Event><Event ErrorLevel="0" Project="CustomSitePages" Source="DeploymentFiles\Microsoft.SharePoint.targets" Description="File successfully backed up as C:\Student\Demos\07_DevelopingSolutions\CustomSitePages\Backup\DeploymentFiles\Microsoft.SharePoint.targets">
</Event><Event ErrorLevel="0" Project="CustomSitePages" Source="DeploymentFiles\manifest.xml" Description="File successfully backed up as C:\Student\Demos\07_DevelopingSolutions\CustomSitePages\Backup\DeploymentFiles\manifest.xml">
</Event><Event ErrorLevel="0" Project="CustomSitePages" Source="DeploymentFiles\SolutionPackage.ddf" Description="File successfully backed up as C:\Student\Demos\07_DevelopingSolutions\CustomSitePages\Backup\DeploymentFiles\SolutionPackage.ddf">
</Event><Event ErrorLevel="0" Project="CustomSitePages" Source="RootFiles\TEMPLATE\CONTROLTEMPLATES\CustomSitePages\FileViewer.ascx" Description="File successfully backed up as C:\Student\Demos\07_DevelopingSolutions\CustomSitePages\Backup\RootFiles\TEMPLATE\CONTROLTEMPLATES\CustomSitePages\FileViewer.ascx">
</Event><Event ErrorLevel="0" Project="CustomSitePages" Source="RootFiles\TEMPLATE\CONTROLTEMPLATES\CustomSitePages\UserControl1.ascx" Description="File successfully backed up as C:\Student\Demos\07_DevelopingSolutions\CustomSitePages\Backup\RootFiles\TEMPLATE\CONTROLTEMPLATES\CustomSitePages\UserControl1.ascx">
</Event><Event ErrorLevel="0" Project="CustomSitePages" Source="RootFiles\TEMPLATE\CONTROLTEMPLATES\CustomSitePages\UserControl2.ascx" Description="File successfully backed up as C:\Student\Demos\07_DevelopingSolutions\CustomSitePages\Backup\RootFiles\TEMPLATE\CONTROLTEMPLATES\CustomSitePages\UserControl2.ascx">
</Event><Event ErrorLevel="0" Project="CustomSitePages" Source="RootFiles\TEMPLATE\FEATURES\CustomSitePages\elements.xml" Description="File successfully backed up as C:\Student\Demos\07_DevelopingSolutions\CustomSitePages\Backup\RootFiles\TEMPLATE\FEATURES\CustomSitePages\elements.xml">
</Event><Event ErrorLevel="0" Project="CustomSitePages" Source="RootFiles\TEMPLATE\FEATURES\CustomSitePages\feature.xml" Description="File successfully backed up as C:\Student\Demos\07_DevelopingSolutions\CustomSitePages\Backup\RootFiles\TEMPLATE\FEATURES\CustomSitePages\feature.xml">
</Event><Event ErrorLevel="0" Project="CustomSitePages" Source="RootFiles\TEMPLATE\FEATURES\CustomSitePages\PageTemplates\Page01.aspx" Description="File successfully backed up as C:\Student\Demos\07_DevelopingSolutions\CustomSitePages\Backup\RootFiles\TEMPLATE\FEATURES\CustomSitePages\PageTemplates\Page01.aspx">
</Event><Event ErrorLevel="0" Project="CustomSitePages" Source="RootFiles\TEMPLATE\FEATURES\CustomSitePages\PageTemplates\Page02.aspx" Description="File successfully backed up as C:\Student\Demos\07_DevelopingSolutions\CustomSitePages\Backup\RootFiles\TEMPLATE\FEATURES\CustomSitePages\PageTemplates\Page02.aspx">
</Event><Event ErrorLevel="0" Project="CustomSitePages" Source="RootFiles\TEMPLATE\FEATURES\CustomSitePages\PageTemplates\Page03.aspx" Description="File successfully backed up as C:\Student\Demos\07_DevelopingSolutions\CustomSitePages\Backup\RootFiles\TEMPLATE\FEATURES\CustomSitePages\PageTemplates\Page03.aspx">
</Event><Event ErrorLevel="0" Project="CustomSitePages" Source="RootFiles\TEMPLATE\FEATURES\CustomSitePages\PageTemplates\Page04.aspx" Description="File successfully backed up as C:\Student\Demos\07_DevelopingSolutions\CustomSitePages\Backup\RootFiles\TEMPLATE\FEATURES\CustomSitePages\PageTemplates\Page04.aspx">
</Event><Event ErrorLevel="0" Project="CustomSitePages" Source="RootFiles\TEMPLATE\FEATURES\CustomSitePages\PageTemplates\Page05.aspx" Description="File successfully backed up as C:\Student\Demos\07_DevelopingSolutions\CustomSitePages\Backup\RootFiles\TEMPLATE\FEATURES\CustomSitePages\PageTemplates\Page05.aspx">
</Event><Event ErrorLevel="0" Project="CustomSitePages" Source="RootFiles\TEMPLATE\FEATURES\CustomSitePages\PageTemplates\Page06.aspx" Description="File successfully backed up as C:\Student\Demos\07_DevelopingSolutions\CustomSitePages\Backup\RootFiles\TEMPLATE\FEATURES\CustomSitePages\PageTemplates\Page06.aspx">
</Event><Event ErrorLevel="0" Project="CustomSitePages" Source="RootFiles\TEMPLATE\FEATURES\CustomSitePages\PageTemplates\WebPartPage.aspx" Description="File successfully backed up as C:\Student\Demos\07_DevelopingSolutions\CustomSitePages\Backup\RootFiles\TEMPLATE\FEATURES\CustomSitePages\PageTemplates\WebPartPage.aspx">
</Event><Event ErrorLevel="0" Project="CustomSitePages" Source="RootFiles\TEMPLATE\IMAGES\CustomSitePages\binoculars.gif" Description="File successfully backed up as C:\Student\Demos\07_DevelopingSolutions\CustomSitePages\Backup\RootFiles\TEMPLATE\IMAGES\CustomSitePages\binoculars.gif">
</Event><Event ErrorLevel="0" Project="CustomSitePages" Source="CustomSitePages.csproj" Description="Project converted successfully">
</Event><Event ErrorLevel="3" Project="CustomSitePages" Source="CustomSitePages.csproj" Description="Converted">
</Event><Event ErrorLevel="0" Project="" Source="CustomSitePages.sln" Description="Solution converted successfully">
</Event><Event ErrorLevel="3" Project="" Source="CustomSitePages.sln" Description="Converted">
</Event><Event ErrorLevel="0" Project="CustomSitePages" Source="CustomSitePages.csproj" Description="Scan complete: Upgrade not required for project files.">
</Event></UpgradeLog>