﻿<?xml version="1.0" encoding="utf-8"?>
<?xml-stylesheet type="text/xsl" href="MenuBar.xslt"?>
<Labs>
	<Section Title="Document Management"/>
	<Lab Title="PowerShell  Import">XML\ECM401.PowerShellImport</Lab>
	<Lab Title="Content Types">XML\ECM401.ContentTypes</Lab>
	<Lab Title="Content Auditing">XML\ECM401.Auditing</Lab>
	<Section Title="Records Management"/>
	<Lab Title="Information Policy">XML\ECM401.InformationPolicy</Lab>
	<Lab Title="Records Repository">XML\ECM401.CustomRepository</Lab>
	<Lab Title="Official File Submit">XML\ECM401.OfficialFileSubmit</Lab>
	<Lab Title="Custom Routers">XML\ECM401.CustomRouting</Lab>
	<Section Title="Electronic Forms"/>
	<Lab Title="Schematized Data">XML\ECM401.SalesProposalSchema</Lab>
	<Section Title="Web Publishing"/>
	<Lab Title="Site Provisioning">XML\ECM401.SiteProvisioning</Lab>
</Labs>
