<?xml version="1.0" encoding="utf-8"?>
<!--Manifest created STSDEV utility at 6/17/2008 11:16:45 AM-->
<Solution SolutionId="15B6E1B5-4F5C-4C69-B35A-80B94F324EB4" ResetWebServer="True" xmlns="http://schemas.microsoft.com/sharepoint/">
  <!--Feature Manifest files-->
  <FeatureManifests>
    <FeatureManifest Location="LitwareBranding\feature.xml" />
    <FeatureManifest Location="LitwareBrandingChildSiteInitializer\feature.xml" />
    <FeatureManifest Location="LitwareBrandingWebApplication\feature.xml" />
  </FeatureManifests>
  <!--TEMPLATE files-->
  <TemplateFiles>
    <TemplateFile Location="IMAGES\LitwareBranding\SiteLogo.gif" />
    <TemplateFile Location="IMAGES\LitwareBranding\Thumbs.db" />
    <TemplateFile Location="LAYOUTS\1033\styles\LitwareBranding\bamboo_lft_tile.jpg" />
    <TemplateFile Location="LAYOUTS\1033\styles\LitwareBranding\bamboo_rt_tile.jpg" />
    <TemplateFile Location="LAYOUTS\1033\styles\LitwareBranding\bamboo_separator_tile.jpg" />
    <TemplateFile Location="LAYOUTS\1033\styles\LitwareBranding\Banner2.jpg" />
    <TemplateFile Location="LAYOUTS\1033\styles\LitwareBranding\boo_stick.gif" />
    <TemplateFile Location="LAYOUTS\1033\styles\LitwareBranding\Breadcrumb.gif" />
    <TemplateFile Location="LAYOUTS\1033\styles\LitwareBranding\bullet.gif" />
    <TemplateFile Location="LAYOUTS\1033\styles\LitwareBranding\gator.jpg" />
    <TemplateFile Location="LAYOUTS\1033\styles\LitwareBranding\left_column_divider.gif" />
    <TemplateFile Location="LAYOUTS\1033\styles\LitwareBranding\lrg_map_tile.jpg" />
    <TemplateFile Location="LAYOUTS\1033\styles\LitwareBranding\MOSS_TILE.jpg" />
    <TemplateFile Location="LAYOUTS\1033\styles\LitwareBranding\Nav1.gif" />
    <TemplateFile Location="LAYOUTS\1033\styles\LitwareBranding\nav2.gif" />
    <TemplateFile Location="LAYOUTS\1033\styles\LitwareBranding\old_map_green.jpg" />
    <TemplateFile Location="LAYOUTS\1033\styles\LitwareBranding\sm_map_tile.jpg" />
    <TemplateFile Location="LAYOUTS\1033\styles\LitwareBranding\styles.css" />
    <TemplateFile Location="LAYOUTS\1033\styles\LitwareBranding\Thumbs.db" />
    <TemplateFile Location="LAYOUTS\1033\styles\LitwareBranding\tile_left_column.gif" />
    <TemplateFile Location="LAYOUTS\1033\styles\LitwareBranding\tile_main_bg.gif" />
    <TemplateFile Location="LAYOUTS\1033\styles\LitwareBranding\tile_side.gif" />
    <TemplateFile Location="LAYOUTS\1033\styles\LitwareBranding\tile_top-nav.gif" />
    <TemplateFile Location="LAYOUTS\1033\styles\LitwareBranding\title_banner.jpg" />
    <TemplateFile Location="LAYOUTS\1033\styles\LitwareBranding\title_banner2.jpg" />
    <TemplateFile Location="LAYOUTS\LitwareBranding\application.master" />
    <TemplateFile Location="LAYOUTS\LitwareBranding\BrandManagement.aspx" />
    <TemplateFile Location="LAYOUTS\LitwareBranding\dialog.master" />
    <TemplateFile Location="LAYOUTS\LitwareBranding\layouts.master" />
    <TemplateFile Location="LAYOUTS\LitwareBranding\pickerdialog.master" />
    <TemplateFile Location="LAYOUTS\LitwareBranding\simple.master" />
    <TemplateFile Location="LAYOUTS\LitwareBranding\sspadmin.master" />
  </TemplateFiles>
  <!--Assembly files-->
  <Assemblies>
    <Assembly Location="LitwareBranding.dll" DeploymentTarget="GlobalAssemblyCache" />
  </Assemblies>
</Solution>