﻿<Solution 
  SolutionId="AEE788BC-ADE0-40cd-8C06-5563296E2A90" 
	xmlns="http://schemas.microsoft.com/sharepoint/">

  <FeatureManifests>
    <FeatureManifest Location="WebPartScratchPad\feature.xml" />
  </FeatureManifests>
 
  <TemplateFiles>
    <TemplateFile Location="CONTROLTEMPLATES\WebPartScratchPad\Pad1.ascx"/>
    <TemplateFile Location="CONTROLTEMPLATES\WebPartScratchPad\Pad2.ascx"/>
    <TemplateFile Location="CONTROLTEMPLATES\WebPartScratchPad\Pad3.ascx"/>
    <TemplateFile Location="CONTROLTEMPLATES\WebPartScratchPad\Pad4.ascx"/>
    <TemplateFile Location="CONTROLTEMPLATES\WebPartScratchPad\Pad5.ascx"/>
    <TemplateFile Location="IMAGES\TPG\PithHelmet.gif"/>
  </TemplateFiles>

  <Assemblies>
    <Assembly DeploymentTarget="GlobalAssemblyCache"  Location="WebPartScratchPad.dll">
      <SafeControls>
        <SafeControl Assembly="WebPartScratchPad, Version=1.0.0.0, Culture=neutral, PublicKeyToken=74bad7277fe0d19e" 
                     Namespace="WebPartScratchPad" TypeName="*" Safe="True"/>
      </SafeControls>
    </Assembly>
	</Assemblies>

</Solution>