﻿<?xml version="1.0" encoding="utf-8" ?>
<Solution SolutionId="" xmlns="http://schemas.microsoft.com/sharepoint/">
  <FeatureManifests>
    <FeatureManifest Location="WssCustomFormsWorkflow\Feature.xml" />
  </FeatureManifests>
  <Assemblies>
    <Assembly Location="WssCustomFormsWorkflow.dll" DeploymentTarget="GlobalAssemblyCache"/>
  </Assemblies>
  <TemplateFiles>
    <TemplateFile Location="LAYOUTS\CustomFormsAssocForm.aspx"/>
    <TemplateFile Location="LAYOUTS\CustomFormsInitForm.aspx"/>
    <TemplateFile Location="LAYOUTS\CustomFormsModForm.aspx"/>
    <TemplateFile Location="LAYOUTS\CustomFormsTaskForm.aspx"/>
  </TemplateFiles>
</Solution>

