﻿<Solution SolutionId="DAE56AC0-97C7-4973-8704-DC3F6C48F4A4" 
		  xmlns="http://schemas.microsoft.com/sharepoint/">

  <FeatureManifests>
    <FeatureManifest Location="LitwareWebParts\feature.xml" />
  </FeatureManifests>
 
  <TemplateFiles>
    <TemplateFile Location="FEATURES\LitwareWebParts\DWP\ContactViewer.webpart"/>
    <TemplateFile Location="FEATURES\LitwareWebParts\DWP\FeedListWebPart.webpart"/>    
    <TemplateFile Location="FEATURES\LitwareWebParts\DWP\HelloWebPart.webpart"/>
    <TemplateFile Location="FEATURES\LitwareWebParts\DWP\RssViewWebPart.webpart"/>
    <TemplateFile Location="FEATURES\LitwareWebParts\DWP\SimpleConsumerExample.webpart"/>
    <TemplateFile Location="FEATURES\LitwareWebParts\DWP\SimpleProviderExample.webpart"/>
    <TemplateFile Location="FEATURES\LitwareWebParts\DWP\UserControlHost.webpart"/>
    <TemplateFile Location="FEATURES\LitwareWebParts\DWP\VerbWebPart.webpart"/>
    <TemplateFile Location="CONTROLTEMPLATES\Litware\LitwareUserControl.ascx"/>
    <TemplateFile Location="IMAGES\TPG\canteen.gif"/>
  </TemplateFiles>

  <Assemblies>
    <Assembly DeploymentTarget="GlobalAssemblyCache" Location="LitwareWebParts.dll">
      <SafeControls>
        <SafeControl Assembly="LitwareWebParts, Version=1.0.0.0, Culture=neutral, PublicKeyToken=74bad7277fe0d19e" 
                     Namespace="LitwareWebParts" TypeName="*" Safe="True"/>
      </SafeControls>
    </Assembly>
	</Assemblies>

</Solution>