<?xml version="1.0" encoding="utf-8"?>
<!--Created by STSDEV at 3/31/2008 6:37:36 PM-->
<Solution>
  <SolutionId>15B6E1B5-4F5C-4C69-B35A-80B94F324EB4</SolutionId>
  <SolutionName>LitwareBranding</SolutionName>
  <ResetWebServer>True</ResetWebServer>
  <AssemblyDeployment>True</AssemblyDeployment>
  <SafeControlSettings>False</SafeControlSettings>
  <CasPermissions>False</CasPermissions>
  <!--Assembly files-->
  <Assemblies>
    <Assembly Location="LitwareBranding.dll" DeploymentTarget="GlobalAssemblyCache">
      <SafeControls>
        <SafeControl Assembly="LitwareBranding, Version=1.0.0.0, Culture=neutral, PublicKeyToken=c46c100091f72b4a" Namespace="LitwareBranding" TypeName="*" Safe="True" />
      </SafeControls>
    </Assembly>
  </Assemblies>
</Solution>