﻿<Solution 
	SolutionId="42262980-404A-4e1c-916A-FD72B031AEDF" 
	xmlns="http://schemas.microsoft.com/sharepoint/">

  <FeatureManifests>
    <FeatureManifest Location="Lab3\feature.xml" />
  </FeatureManifests>

  <TemplateFiles>
    <TemplateFile Location="LAYOUTS\Lab3\DocumentInfo.aspx"/>
    <TemplateFile Location="LAYOUTS\Lab3\SiteInfo.aspx"/>
    <TemplateFile Location="IMAGES\TPG\PithHelmet.gif"/>
  </TemplateFiles>

  <Assemblies>
    <Assembly Location="Lab3.dll"
              DeploymentTarget="GlobalAssemblyCache" />
  </Assemblies>  

</Solution>