<?xml version="1.0" encoding="utf-8"?>
<!--Created by STSDEV at 2/16/2009 3:12:13 PM-->
<Solution>
  <SolutionId>4D6DA102-8AE0-4F1B-851E-F056BD5D80FD</SolutionId>
  <SolutionName>OfficeSpaceFieldTypes</SolutionName>
  <ResetWebServer>True</ResetWebServer>
  <AssemblyDeployment>True</AssemblyDeployment>
  <SafeControlSettings>False</SafeControlSettings>
  <CasPermissions>False</CasPermissions>
  <!--Assembly files-->
  <Assemblies>
    <Assembly Location="OfficeSpaceFieldTypes.dll" DeploymentTarget="GlobalAssemblyCache">
      <SafeControls>
        <SafeControl Assembly="OfficeSpaceFieldTypes, Version=1.0.0.0, Culture=neutral, PublicKeyToken=16c14900144c8c4c" Namespace="OfficeSpaceFieldTypes" TypeName="*" Safe="True" />
      </SafeControls>
    </Assembly>
  </Assemblies>
</Solution>