﻿<?xml version="1.0" encoding="utf-8" ?>
<!--
SPPowerShell manifest for importing documents from a file share.

This example imports word 2007 documents to the "Imported Documents" library
in the root web of the target site.  PowerPoint 2007 documents are placed in a
sub-folder named "Presentations".  All other files are placed into the
"Miscellaneous Documents" library in the root web.

Document properties are extracted and placed into designated fields for each
document type.

-->
<ImportManifest xmlns="http://schemas.johnholliday.net/sharepoint/importmanifest.xsd">
  <Library Path="Imported Documents" AutoCreate="true" FileMask="*.docx" RootWeb="true">
    <Columns>
      <Column DocProperty="Subject" DisplayName="Document Summary"/>
      <Column DocProperty="Author"/>
    </Columns>
  </Library>
  <Library Path="Imported Documents/Presentations" AutoCreate="true" FileMask="*.pptx" RootWeb="true">
    <Columns>
      <Column DocProperty="Subject" DisplayName="Document Summary"/>
      <Column DocProperty="Author"/>
      <Column DocProperty="Category" DisplayName="Presentation Category"/>
      <Column DocProperty="Comments" DisplayName="Presentation Comments" Type="Note"/>
      <Column DocProperty="Keywords" DisplayName="Presentation Keywords" Type="Text"/>
    </Columns>
  </Library>
  <Library Path="Miscellaneous Documents" FileMask="*.*" Exclude="*.pptx;*.docx" RootWeb="true">
    <!-- no columns specified -->
    <Columns/>
  </Library>
</ImportManifest>