<?xml version="1.0" encoding="utf-8" ?>
<Solution xmlns="http://schemas.microsoft.com/sharepoint/"
          SolutionId="60764F2C-99AD-48f4-9094-9F09EFA10381"
          DeploymentServerType="WebFrontEnd">

  <Assemblies>
    <Assembly DeploymentTarget="GlobalAssemblyCache" Location="AndrewConnell.SharePoint.Samples.ProvisionAsp2ApplicationIntoSharePoint.dll">
      <SafeControls>
        <SafeControl Namespace="AndrewConnell.SharePoint.Samples.ProvisionAsp2ApplicationIntoSharePoint" Safe="True" TypeName="*" />
      </SafeControls>
    </Assembly>
  </Assemblies>

  <FeatureManifests>
    <FeatureManifest Location="ProvisionAsp2ApplicationIntoSharePoint\feature.xml" />
  </FeatureManifests>
</Solution>