﻿<?xml version="1.0" encoding="utf-8" ?>
<Solution xmlns="http://schemas.microsoft.com/sharepoint/"
          SolutionId="733641DA-95D9-446E-812E-6070947171B2"
          DeploymentServerType="WebFrontEnd"
          ResetWebServer="TRUE">

  <Assemblies>
    <Assembly DeploymentTarget="GlobalAssemblyCache" Location="Lab7Solution.dll">
      <SafeControls>
        <SafeControl Namespace="Lab7Solution" TypeName="*" Safe="True" />
      </SafeControls>
    </Assembly>
  </Assemblies>
  
  <TemplateFiles>
    <TemplateFile Location="XML\fldtypes_Litware.xml"/>
    <TemplateFile Location="CONTROLTEMPLATES\FieldResourceIconControl.ascx" />
    <TemplateFile Location="IMAGES\Litware\binoculars.gif" />
    <TemplateFile Location="IMAGES\Litware\cantine.gif" />
    <TemplateFile Location="IMAGES\Litware\compass.gif" />
    <TemplateFile Location="IMAGES\Litware\pithHelmetBrown.gif" />
    <TemplateFile Location="IMAGES\Litware\pithHelmetWhite.gif" />
  </TemplateFiles>
  
</Solution>