<?xml version="1.0" encoding="UTF-8"?>
<?mso-infoPathSolution productVersion="12.0.0" PIVersion="1.0.0.0" language="en-us" name="urn:schemas-microsoft-com:office:infopath:TpgCourseDescription:http---tedpattison-net-courses-coursedescription" solutionVersion="1.0.0.58" ?>
<?mso-application progid="InfoPath.Document" versionProgid="InfoPath.Document.2"?>
<CourseDescription xmlns="http://tedpattison.net/courses/coursedescription" xmlns:my="http://schemas.microsoft.com/office/infopath/2003/myXSD/2007-09-30T20:51:26" xmlns:xsi="http://www.w3.org/2001/XMLSchema-instance">


  <Number>SBC301</Number>
  <Title>
    SharePoint Brand Camp
  </Title>
  <Author>Ted Pattison</Author>
  <Format>Instructor-led Training with Hands-on Labs</Format>
  <Audience>Application Builders and Solution Architects</Audience>
  <Length>3 Days</Length>
  <Description>SharePoint Brand Camp is a once-in-a-lifetime experience that dives into the details and techniques required to change the look and feel of SharePoint sites. You will see how branding is accomplished in customization and using development techniques as well. For the rest of your life you will be telling people about your experiences in Brand Camp.</Description>
  <Prerequisites>You need a pulse, a sense of humor and an appetite for digging in</Prerequisites>
  <RevisionDate>2007-11-12</RevisionDate>
  <Price>1695</Price>


  <Day>
    <Number>1</Number>
    <Schedule>9AM to 5PM</Schedule>
    <Lectures>
    
      <Lecture>
        <Title>SharePoint Branding Overview</Title>
        <Schedule></Schedule>
        <LectureTopics>
          <Topic>Anatomy of a WSS Team Site</Topic>
          <Topic>Anatomy of a MOSS Publishing Portal</Topic>
          <Topic>Understanding the role of Core.css file</Topic>
          <Topic>Applying and Customizing Themes</Topic>
          <Topic>Master Pages and the Master Page Gallery</Topic>
          <Topic>Customizing sites with SharePoint Designer (SPD)</Topic>
        </LectureTopics>
      </Lecture>


      <Lecture>
        <Title>CSS Primer for SharePoint Site Desginers</Title>
        <Schedule></Schedule>
        <LectureTopics>
          <Topic>Fundementals CSS concepts and terms</Topic>
          <Topic>Understanding the Cascade and Specificity</Topic>
          <Topic>CSS rules defined inside core.css</Topic>
          <Topic>Discovering CSS class names using FireBug and IE Developer Toolbar</Topic>
          <Topic>Adding custom CSS to a master page</Topic>
          <Topic>Changing DocType within a master page</Topic>
          <Topic>Moving to HTML 4.01</Topic>
          
        </LectureTopics>
      </Lecture>

      <Lecture>
        <Title>Working with Master Pages</Title>
        <Schedule></Schedule>
        <LectureTopics>
          <Topic>Understanding what's inside default.master</Topic>
          <Topic>Customizing Master Pages with SharePoint Designer</Topic>
          <Topic>Best Practices in designing page layouts for SharePoint</Topic>
          <Topic>Using standard SharePoint Controls</Topic>
          <Topic>Overiding Standard SharePoint Placeholders</Topic>
        </LectureTopics>
      </Lecture>


    </Lectures>

  </Day>
  <Day>
    <Number>2</Number>
    <Schedule>9AM to 5PM</Schedule>
    <Lectures>

    
      <Lecture>
        <Title>Creating Features for Master Page and CSS file deployment</Title>
        <Schedule></Schedule>
        <LectureTopics>
          <Topic>Developing Features using Visual Studio</Topic>
          <Topic>Provisioning Instances from Master Page templates</Topic>
          <Topic>Configuring a site's AlternateCssUrl property</Topic>
          <Topic>Laying out pages with standard SharePoint Controls</Topic>
          <Topic>Overiding Standard SharePoint Placeholders</Topic>
        </LectureTopics>
      </Lecture>

      <Lecture>
        <Title>Menus, Navigation and Delegate Controls</Title>
        <Schedule></Schedule>
        <LectureTopics>
          <Topic>Customzing the TopLink Menu control</Topic>
          <Topic>Customzing the QuickLaunch Menu control</Topic>
          <Topic>Understanding How Delegates Controls Work</Topic>
          <Topic>Subsituting Navigation Providers</Topic>
          <Topic>Using the CustomXmlNavigationProvider</Topic>
          <Topic>Developing a custom Navigation Provider</Topic>
        </LectureTopics>
      </Lecture>

      <Lecture>
        <Title>Branding Publishing Portals</Title>
        <Schedule></Schedule>
        <LectureTopics>
          <Topic>Understanding Page Layouts</Topic>
          <Topic>Uploading Master Pages and CSS files</Topic>
          <Topic>Configuring Master Pages</Topic>
          <Topic>Undertanding how Portal Navigation is different than WSS</Topic>
          <Topic>Options for using alternate Navigation Providers</Topic>
        </LectureTopics>
      </Lecture>

    </Lectures>

  </Day>
  <Day>
    <Number>3</Number>
    <Schedule>9AM to 5PM</Schedule>
    <Lectures>

      <Lecture>
        <Title>Moving a Branding Project from Design to Implementation</Title>
        <Schedule></Schedule>
        <LectureTopics>
          <Topic>Designing a layout in Photophop</Topic>
          <Topic>Generating image files for the Web</Topic>
          <Topic>Creating a wire frame</Topic>
          <Topic>Implementing a master page template</Topic>
          <Topic>Deploying the files for a SharePoint Branding solution</Topic>
        </LectureTopics>
      </Lecture>
      
      <Lecture>
        <Title>Using XSLT to generate formatted output</Title>
        <Schedule></Schedule>
        <LectureTopics>
          <Topic>World's Fastest Primer on XSLT</Topic>
          <Topic>Working with the XML Web Part</Topic>
          <Topic>Working with the DataView Web Parts</Topic>
          <Topic>Working with the Content Query Web Part</Topic>
          <Topic>Formatting MOSS Search Results using XSLT</Topic>
        </LectureTopics>
      </Lecture>

      <Lecture>
        <Title>Compliance and Accessibility</Title>
        <Schedule></Schedule>
        <LectureTopics>
          <Topic>Moving to HTML 4.01</Topic>
          <Topic>Control Adapters</Topic>
          <Topic>Accessibility Toolkit</Topic>
        </LectureTopics>
      </Lecture>



    </Lectures>
  </Day>


</CourseDescription>