﻿<?xml version="1.0" encoding="UTF-8"?><?mso-infoPathSolution productVersion="12.0.0" PIVersion="1.0.0.0" language="en-us" name="urn:schemas-microsoft-com:office:infopath:TpgCourseDescription:http---tedpattison-net-courses-coursedescription" solutionVersion="1.0.0.60" ?><?mso-application progid="InfoPath.Document" versionProgid="InfoPath.Document.2"?><CourseDescription xmlns="http://tedpattison.net/courses/coursedescription" xmlns:my="http://schemas.microsoft.com/office/infopath/2003/myXSD/2007-09-30T20:51:26" xmlns:xsi="http://www.w3.org/2001/XMLSchema-instance">

  <Number>WSS401</Number>
  <Title>Inside Windows SharePoint Services 3.0</Title>  
  <Author>Ted Pattison</Author>
  <Format>Instructor-led Training with Hands-on Labs</Format>
  <Audience>Professional .NET Developers</Audience>
  <Length>5 Days</Length>
  <Description>This intensive 5-day course explores design and development techniques used when building business solutions with Windows SharePoint Services 3.0 (WSS). The lectures and lab exercises on the first day dive into the WSS object model, developing WSS features and creating solution packages to deploy your development efforts in a staging or production environment. The course covers advanced developer topics such as creating custom application pages, page templates, provision pages and site branding using Master Pages. You get hands-on experience writing and testing Web Parts, Content Types, event handlers, custom workflows and site definitions. Along the way, you will also learn how to write WSS event handlers that read, modify and generate Office 2007 documents using the Office Open XML File Formats as well as how to program security using the WSS object model to manage users, groups and permissions on sites, lists and document libraries.</Description>
  <Prerequisites>Attendees should have professional development experience with Visual Studio 2005, the .NET framework and ASP.NET as well as familiarity with Microsoft Office products such as Word and Excel. It is also recommended (but not required) that attendees have a background with the previous version of Windows SharePoint Services V2 and have experience working directly with XML files in Visual Studio 2005.</Prerequisites>
  <RevisionDate>2007-06-04</RevisionDate>
  <Price>2395</Price>

  <Day>
    <Number>1</Number>
    <Schedule>9AM to 5PM</Schedule>
    <Lectures>
      
      <Lecture>
        <Title>Roadmap to WSS Development</Title>
        <LectureTopics>
          <Topic>WSS as a site provisioning engine</Topic>
          <Topic>Understanding Web Applications, Site Collections, Sites and Site Elements</Topic>
          <Topic>Customization using the WSS collaboration templates</Topic>
          <Topic>Site customization and personalization using Web parts</Topic>
          <Topic>Introduction to the WSS object model</Topic>
        </LectureTopics>
      </Lecture>

      <Lecture>
        <Title>Developing Features</Title>
        <LectureTopics>
          <Topic>The difference between customization and development</Topic>
          <Topic>Features as the primary building block in WSS development</Topic>
          <Topic>Introduction to Collaborative Application Markup Language (CAML)</Topic>
          <Topic>Creating and testing your first Feature with Visual Studio 2005</Topic>
          <Topic>Adding event handlers to a custom feature</Topic>
        </LectureTopics>
      </Lecture>

      <Lecture>
        <Title>SharePoint Architecture</Title>
        <LectureTopics>
          <Topic>How WSS integrates with ASP.NET 2.0</Topic>
          <Topic>Configuring the web.config file for a Web Application</Topic>
          <Topic>Understanding site pages versus application pages</Topic>
          <Topic>Creating and debugging a business solution with custom application pages</Topic>
          <Topic>Creating and testing a WSS solution package for staging and deployment</Topic>
        </LectureTopics>
      </Lecture>

    </Lectures>
  </Day>

  <Day>
    <Number>2</Number>
    <Schedule>9AM to 5PM</Schedule>
    <Lectures>
      
      <Lecture>
        <Title>Pages and Design</Title>
        <LectureTopics>
          <Topic>Understanding page parsing and Safe Mode restrictions</Topic>
          <Topic>Page templates versus pages instances (ghosting and unghosting)</Topic>
          <Topic>Creating a Feature with custom page templates</Topic>
          <Topic>Designing page templates using ASP.NET controls and Web Part Zones</Topic>
          <Topic>Adding Web Parts to pages using declarative CAML and using code</Topic>
        </LectureTopics>
      </Lecture>

      <Lecture>
        <Title>Master Pages and Site Branding</Title>
        <LectureTopics>
          <Topic>Understanding the standard default.master page template</Topic>
          <Topic>Navigation providers, navigation menus and delegate controls</Topic>
          <Topic>Creating and integrating a custom Master Page template</Topic>
          <Topic>Creating a custom Feature to apply branding at the site collection level</Topic>
          <Topic>Understanding and extending the CSS classes in core.css</Topic>
        </LectureTopics>
      </Lecture>

      <Lecture>
        <Title>Web Part Development</Title>
        <LectureTopics>
          <Topic>Creating, deploying and debugging ASP.NET Web Parts in WSS</Topic>
          <Topic>Adding Web Part verbs, persistent properties and developing custom editor parts</Topic>
          <Topic>Creating Web Part assemblies with embedded resources</Topic>
          <Topic>Creating connectable Web Parts</Topic>
          <Topic>Asynchronous Web Part processing</Topic>
          <Topic>Creating a Feature and a solution package for best-practice Web Part deployment</Topic>
        </LectureTopics>
      </Lecture>

    </Lectures>
  </Day>

  <Day>
    <Number>3</Number>
    <Schedule>9AM to 5PM</Schedule>
    <Lectures>

      <Lecture>
        <Title>AJAX Web Parts</Title>
        <LectureTopics>
          <Topic>Introduction to ASP.NET AJAX</Topic>
          <Topic>Creating an AJAX-enabled ASP.NET Application</Topic>
          <Topic>Creating the “Hello World” AJAX-enabled Web Part</Topic>
          <Topic>Creating AJAX callbacks to custom .asmx Web Services</Topic>
          <Topic>Creating AJAX callbacks that access the WSS object model</Topic>
        </LectureTopics>
      </Lecture>

      <Lecture>
        <Title>Lists and Content Types</Title>
        <LectureTopics>
          <Topic>Programming and querying lists through the WSS object model</Topic>
          <Topic>Using Features to define site columns and custom field types</Topic>
          <Topic>Using Features to define custom content types</Topic>
          <Topic>Using Features to define custom list schemas and custom list types</Topic>
          <Topic>Using custom event receiver classes to write and wire up event handlers</Topic>
          <Topic>Defining a content type with built-in event handlers</Topic>
        </LectureTopics>
      </Lecture>

      <Lecture>
        <Title>Document Libraries</Title>
        <LectureTopics>
          <Topic>Programming with the SPDocumentLibrary class</Topic>
          <Topic>Provisioning document libraries with custom document templates</Topic>
          <Topic>Forms Libraries and Microsoft InfoPath integration</Topic>
          <Topic>Programming with the Office Open File Formats</Topic>
          <Topic>Server-side generation of Word 2007 documents (i.e. docx files)</Topic>
          <Topic>Binding content controls to custom XML files embedded within Word documents</Topic>
        </LectureTopics>
      </Lecture>

    </Lectures>
  </Day>

  <Day>
    <Number>4</Number>
    <Schedule>9AM to 5PM</Schedule>
    <Lectures>

      <Lecture>
        <Title>Developing SharePoint Workflows with Visual Studio</Title>
        <LectureTopics>
          <Topic>Windows Workflow Foundation (WF) Primer</Topic>
          <Topic>Creating WF programs in Visual Studio with the workflow designer</Topic>
          <Topic>SharePoint Workflow fundamentals: templates vs. associations vs. instances</Topic>
          <Topic>Creating, deploying and debugging workflow templates in Visual Studio</Topic>
          <Topic>Using WSS method activities to create history list entries and tasks</Topic>
          <Topic>Creating custom association forms, initiation forms and task edit forms</Topic>
        </LectureTopics>
      </Lecture>

      <Lecture>
        <Title>Creating and Testing Site Definitions</Title>
        <LectureTopics>
          <Topic>Understanding the role of WSS site definitions</Topic>
          <Topic>The Global Site Definition</Topic>
          <Topic>Creating and testing a custom site definition</Topic>
          <Topic>Aggregating Features in a site definition</Topic>
          <Topic>Defining Feature activation dependencies and leverage Feature stapling</Topic>
        </LectureTopics>
      </Lecture>

      <Lecture>
        <Title>Application Security</Title>
        <LectureTopics>
          <Topic>Trust Levels, Web Parts and Code Access Security (CAS)</Topic>
          <Topic>Windows Authentication versus Forms Authentication</Topic>
          <Topic>WSS Identities and Security Contexts</Topic>
          <Topic>Escalation of Privilege</Topic>
          <Topic>Delegating User Credentials</Topic>
          <Topic>Modifying permissions with the WSS object model</Topic>
        </LectureTopics>
      </Lecture>

    </Lectures>
  </Day>

</CourseDescription>