<my:LeadSheet xmlns:xsi="http://www.w3.org/2001/XMLSchema-instance" xmlns:my="http://schemas.microsoft.com/office/infopath/2003/myXSD/2006-11-19T13:27:23" xmlns:xd="http://schemas.microsoft.com/office/infopath/2003">
	<my:Event/>
	<my:Location/>
	<my:Date/>
	<my:Lead>
		<my:Name/>
		<my:Phone/>
		<my:Email/>
	</my:Lead>
	<my:Lead>
		<my:Name/>
		<my:Phone/>
		<my:Email/>
	</my:Lead>
	<xd:SchemaInfo LocalName="LeadSheet" NamespaceURI="http://schemas.microsoft.com/office/infopath/2003/myXSD/2006-11-19T13:27:23">
		<xd:Namespaces>
			<xd:Namespace LocalName="LeadSheet" NamespaceURI="http://schemas.microsoft.com/office/infopath/2003/myXSD/2006-11-19T13:27:23"/>
		</xd:Namespaces>
	</xd:SchemaInfo>
</my:LeadSheet>