<?xml version="1.0" encoding="utf-8"?>
<!--Manifest created STSDEV utility at 4/14/2008 7:07:20 AM-->
<Solution SolutionId="A8621029-6C36-428A-9C78-54740D400A00" ResetWebServer="True" xmlns="http://schemas.microsoft.com/sharepoint/">
  <!--Feature Manifest files-->
  <FeatureManifests>
    <FeatureManifest Location="CustomApplicationPages\feature.xml" />
  </FeatureManifests>
  <!--TEMPLATE files-->
  <TemplateFiles>
    <TemplateFile Location="IMAGES\CustomApplicationPages\PithHelmet.gif" />
    <TemplateFile Location="LAYOUTS\CustomApplicationPages\ApplicationPage1.aspx" />
    <TemplateFile Location="LAYOUTS\CustomApplicationPages\ApplicationPage2.aspx" />
    <TemplateFile Location="LAYOUTS\CustomApplicationPages\ApplicationPage3.aspx" />
    <TemplateFile Location="LAYOUTS\CustomApplicationPages\ApplicationPage4.aspx" />
    <TemplateFile Location="LAYOUTS\CustomApplicationPages\ApplicationPage5.aspx" />
    <TemplateFile Location="LAYOUTS\CustomApplicationPages\ApplicationPage6.aspx" />
    <TemplateFile Location="LAYOUTS\CustomApplicationPages\Hello.aspx" />
  </TemplateFiles>
  <!--Assembly files-->
  <Assemblies>
    <Assembly Location="CustomApplicationPages.dll" DeploymentTarget="GlobalAssemblyCache" />
  </Assemblies>
</Solution>