<?xml version='1.0' encoding='utf-8' ?>
<PageContents xmlns='http://schemas.microsoft.com/office/visio/2012/main' xmlns:r='http://schemas.openxmlformats.org/officeDocument/2006/relationships' xml:space='preserve'><Shapes><Shape ID='2' NameU='Rectangle.22' IsCustomNameU='1' Name='Rectangle.22' IsCustomName='1' Type='Shape' Master='2'><Cell N='PinX' V='3.90625'/><Cell N='PinY' V='8.40625'/><Cell N='Width' V='7.3125'/><Cell N='Height' V='4.6875'/><Cell N='LocPinX' V='3.65625' F='Inh'/><Cell N='LocPinY' V='2.34375' F='Inh'/><Cell N='FillForegnd' V='#ffffff' F='THEMEGUARD(THEMEVAL("Light"))'/><Cell N='FillBkgnd' V='#ffffff' F='THEMEGUARD(SHADE(FillForegnd,LUMDIFF(THEMEVAL("FillColor"),THEMEVAL("FillColor2"))))'/><Cell N='FillGradientEnabled' V='0'/><Cell N='VerticalAlign' V='2'/><Cell N='LineColor' V='#7f7f7f' F='THEMEGUARD(MSOTINT(RGB(255,255,255),-50))'/><Section N='Connection'><Row IX='0'><Cell N='X' V='3.65625' F='Inh'/><Cell N='Y' V='0' F='Inh'/></Row><Row IX='1'><Cell N='X' V='7.3125' F='Inh'/><Cell N='Y' V='2.34375' F='Inh'/></Row><Row IX='2'><Cell N='X' V='3.65625' F='Inh'/><Cell N='Y' V='4.6875' F='Inh'/></Row><Row IX='3'><Cell N='X' V='0' F='Inh'/><Cell N='Y' V='2.34375' F='Inh'/></Row><Row IX='4'><Cell N='X' V='3.65625' F='Inh'/><Cell N='Y' V='2.34375' F='Inh'/></Row></Section><Section N='Character'><Row IX='0'><Cell N='Font' V='Arial'/><Cell N='Color' V='#7f7f7f' F='THEMEGUARD(MSOTINT(RGB(255,255,255),-50))'/><Cell N='Style' V='34'/></Row></Section><Section N='Geometry' IX='0'><Row T='MoveTo' IX='1'><Cell N='X' V='0' F='Inh'/><Cell N='Y' V='0' F='Inh'/></Row><Row T='LineTo' IX='2'><Cell N='X' V='7.3125' F='Inh'/><Cell N='Y' V='0' F='Inh'/></Row><Row T='LineTo' IX='3'><Cell N='X' V='7.3125' F='Inh'/><Cell N='Y' V='4.6875' F='Inh'/></Row><Row T='LineTo' IX='4'><Cell N='X' V='0' F='Inh'/><Cell N='Y' V='4.6875' F='Inh'/></Row><Row T='LineTo' IX='5'><Cell N='X' V='0' F='Inh'/><Cell N='Y' V='0' F='Inh'/></Row></Section><Text><cp IX='0'/>Sample data model created using a tabular database
</Text></Shape><Shape ID='1' Type='Foreign' LineStyle='2' FillStyle='2' TextStyle='2'><Cell N='PinX' V='3.90625'/><Cell N='PinY' V='8.574966300068468'/><Cell N='Width' V='7.3125'/><Cell N='Height' V='4.350067399863062'/><Cell N='LocPinX' V='3.65625' F='Width*0.5'/><Cell N='LocPinY' V='2.175033699931531' F='Height*0.5'/><Cell N='Angle' V='0'/><Cell N='FlipX' V='0'/><Cell N='FlipY' V='0'/><Cell N='ResizeMode' V='0'/><Cell N='ImgOffsetX' V='0' F='ImgWidth*0'/><Cell N='ImgOffsetY' V='0' F='ImgHeight*0'/><Cell N='ImgWidth' V='7.3125' F='Width*1'/><Cell N='ImgHeight' V='4.350067399863062' F='Height*1'/><Cell N='ClippingPath' V='' F='No Formula' E='#N/A'/><Cell N='TxtPinX' V='3.65625' F='Width*0.5'/><Cell N='TxtPinY' V='0' F='Height*0'/><Cell N='TxtWidth' V='7.3125' F='Width*1'/><Cell N='TxtHeight' V='0' F='Height*0'/><Cell N='TxtLocPinX' V='3.65625' F='TxtWidth*0.5'/><Cell N='TxtLocPinY' V='0' F='TxtHeight*0.5'/><Cell N='TxtAngle' V='0'/><Cell N='VerticalAlign' V='0'/><Cell N='LineWeight' V='0.01388888888888889'/><Cell N='LineColor' V='#000000' F='THEMEGUARD(RGB(0,0,0))'/><Cell N='LinePattern' V='1'/><Section N='Geometry' IX='0'><Cell N='NoFill' V='0'/><Cell N='NoLine' V='0'/><Cell N='NoShow' V='0'/><Cell N='NoSnap' V='0'/><Cell N='NoQuickDrag' V='0'/><Row T='RelMoveTo' IX='1'><Cell N='X' V='0'/><Cell N='Y' V='0'/></Row><Row T='RelLineTo' IX='2'><Cell N='X' V='1'/><Cell N='Y' V='0'/></Row><Row T='RelLineTo' IX='3'><Cell N='X' V='1'/><Cell N='Y' V='1'/></Row><Row T='RelLineTo' IX='4'><Cell N='X' V='0'/><Cell N='Y' V='1'/></Row><Row T='RelLineTo' IX='5'><Cell N='X' V='0'/><Cell N='Y' V='0'/></Row></Section><ForeignData ForeignType='Object' ObjectType='33280' ShowAsIcon='0' ObjectWidth='12.425984251969' ObjectHeight='6.2086614173228'><Rel r:id='rId2'/></ForeignData></Shape></Shapes></PageContents>