<?xml version='1.0' encoding='utf-8' ?>
<PageContents xmlns='http://schemas.microsoft.com/office/visio/2012/main' xmlns:r='http://schemas.openxmlformats.org/officeDocument/2006/relationships' xml:space='preserve'><Shapes><Shape ID='3' NameU='Rectangle' Name='Rectangle' Type='Shape' Master='2'><Cell N='PinX' V='2'/><Cell N='PinY' V='9.82716049382716'/><Cell N='Width' V='3.5'/><Cell N='Height' V='1.84567901234568'/><Cell N='LocPinX' V='1.75' F='Width*0.5'/><Cell N='LocPinY' V='0.9228395061728401' F='Height*0.5'/><Cell N='VerticalAlign' V='0'/><Cell N='LineWeight' V='0.02083333333333333' U='PT'/><Cell N='LineColor' V='#595959' F='THEMEGUARD(MSOTINT(RGB(0,0,0),35))'/><Cell N='FillForegnd' V='#fff2cc' F='THEMEGUARD(MSOTINT(THEMEVAL("AccentColor6"),80))'/><Cell N='FillBkgnd' V='#fff5d9' F='THEMEGUARD(SHADE(FillForegnd,LUMDIFF(THEMEVAL("FillColor"),THEMEVAL("FillColor2"))))'/><Cell N='FillGradientEnabled' V='0'/><Section N='Connection'><Row IX='0'><Cell N='X' V='1.75' F='Inh'/><Cell N='Y' V='0' F='Inh'/></Row><Row IX='1'><Cell N='X' V='3.5' F='Inh'/><Cell N='Y' V='0.9228395061728401' F='Inh'/></Row><Row IX='2'><Cell N='X' V='1.75' F='Inh'/><Cell N='Y' V='1.84567901234568' F='Inh'/></Row><Row IX='3'><Cell N='X' V='0' F='Inh'/><Cell N='Y' V='0.9228395061728401' F='Inh'/></Row><Row IX='4'><Cell N='X' V='1.75' F='Inh'/><Cell N='Y' V='0.9228395061728401' F='Inh'/></Row></Section><Section N='Character'><Row IX='0'><Cell N='Font' V='Arial'/><Cell N='Color' V='#3f3f3f' F='THEMEGUARD(MSOTINT(RGB(0,0,0),25))'/><Cell N='ComplexScriptFont' V='Arial'/></Row></Section><Section N='Geometry' IX='0'><Row T='MoveTo' IX='1'><Cell N='X' V='0' F='Inh'/><Cell N='Y' V='0' F='Inh'/></Row><Row T='LineTo' IX='2'><Cell N='X' V='3.5' F='Inh'/><Cell N='Y' V='0' F='Inh'/></Row><Row T='LineTo' IX='3'><Cell N='X' V='3.5' F='Inh'/><Cell N='Y' V='1.84567901234568' F='Inh'/></Row><Row T='LineTo' IX='4'><Cell N='X' V='0' F='Inh'/><Cell N='Y' V='1.84567901234568' F='Inh'/></Row><Row T='LineTo' IX='5'><Cell N='X' V='0' F='Inh'/><Cell N='Y' V='0' F='Inh'/></Row></Section><Text><cp IX='0'/>Excel Workbook File - WingtipSalesModel.xlsx
</Text></Shape><Shape ID='1' NameU='Can.12' IsCustomNameU='1' Name='Can.12' IsCustomName='1' Type='Group' Master='4'><Cell N='PinX' V='2.741769547325103'/><Cell N='PinY' V='9.636473140531829'/><Cell N='Width' V='1.440329218106996'/><Cell N='Height' V='0.9431031016523862'/><Cell N='LocPinX' V='0.720164609053498' F='Width*0.5'/><Cell N='LocPinY' V='0.4715515508261931' F='Height*0.5'/><Cell N='LineWeight' V='0.01388888888888889' U='PT'/><Cell N='LineColor' V='#000000' F='THEMEGUARD(RGB(0,0,0))'/><Cell N='FillForegnd' V='#f9c499' F='THEMEGUARD(MSOTINT(THEMEVAL("AccentColor5"),40))'/><Cell N='FillBkgnd' V='#fbd5b5' F='THEMEGUARD(SHADE(FillForegnd,LUMDIFF(THEMEVAL("FillColor"),THEMEVAL("FillColor2"))))'/><Cell N='FillGradientEnabled' V='0'/><Section N='Control'><Row N='Row_1'><Cell N='X' V='0.720164609053498' F='Inh'/><Cell N='Y' V='0.754482481321909' F='Inh'/></Row></Section><Section N='Connection'><Row IX='0'><Cell N='Y' V='0.4715515508261931' F='Inh'/></Row><Row IX='1'><Cell N='X' V='1.440329218106996' F='Inh'/><Cell N='Y' V='0.4715515508261931' F='Inh'/></Row><Row IX='2'><Cell N='X' V='0.720164609053498' F='Inh'/></Row><Row IX='3'><Cell N='X' V='0.720164609053498' F='Inh'/><Cell N='Y' V='0.9431031016523862' F='Inh'/></Row><Row IX='4'><Cell N='X' V='0.720164609053498' F='Inh'/><Cell N='Y' V='0.754482481321909' F='Inh'/></Row></Section><Section N='Character'><Row IX='0'><Cell N='Font' V='Arial'/><Cell N='Size' V='0.1666666666666667' U='PT'/><Cell N='ComplexScriptFont' V='Arial'/></Row><Row IX='1'><Cell N='Font' V='Arial'/><Cell N='Color' V='Themed' F='THEMEVAL()'/><Cell N='Style' V='Themed' F='THEMEVAL()'/><Cell N='Case' V='0'/><Cell N='Pos' V='0'/><Cell N='FontScale' V='1'/><Cell N='Size' V='0.1111111111111111' U='PT'/><Cell N='DblUnderline' V='0'/><Cell N='Overline' V='0'/><Cell N='Strikethru' V='0'/><Cell N='DoubleStrikethrough' V='0'/><Cell N='Letterspace' V='0'/><Cell N='ColorTrans' V='0'/><Cell N='AsianFont' V='Themed' F='THEMEVAL()'/><Cell N='ComplexScriptFont' V='Arial'/><Cell N='ComplexScriptSize' V='-1'/><Cell N='LangID' V='en-US'/></Row><Row IX='2'><Cell N='Font' V='Arial'/><Cell N='Color' V='Themed' F='THEMEVAL()'/><Cell N='Style' V='Themed' F='THEMEVAL()'/><Cell N='Case' V='0'/><Cell N='Pos' V='0'/><Cell N='FontScale' V='1'/><Cell N='Size' V='0.125' U='PT'/><Cell N='DblUnderline' V='0'/><Cell N='Overline' V='0'/><Cell N='Strikethru' V='0'/><Cell N='DoubleStrikethrough' V='0'/><Cell N='Letterspace' V='0'/><Cell N='ColorTrans' V='0'/><Cell N='AsianFont' V='Themed' F='THEMEVAL()'/><Cell N='ComplexScriptFont' V='Arial'/><Cell N='ComplexScriptSize' V='-1'/><Cell N='LangID' V='en-US'/></Row></Section><Section N='Paragraph'><Row IX='0'><Cell N='IndLeft' V='0' U='IN'/><Cell N='SpLine' V='-1.8'/><Cell N='SpBefore' V='0.1666666666666667' U='PT'/></Row><Row IX='1'><Cell N='IndFirst' V='0'/><Cell N='IndLeft' V='0'/><Cell N='IndRight' V='0'/><Cell N='SpLine' V='-0.5'/><Cell N='SpBefore' V='0'/><Cell N='SpAfter' V='0'/><Cell N='HorzAlign' V='1'/><Cell N='Bullet' V='0'/><Cell N='BulletStr' V=''/><Cell N='BulletFont' V='0'/><Cell N='BulletFontSize' V='-1'/><Cell N='TextPosAfterBullet' V='0'/><Cell N='Flags' V='0'/></Row></Section><Section N='Geometry' IX='0'><Row T='Ellipse' IX='1'><Cell N='X' V='0.720164609053498' F='Inh'/><Cell N='Y' V='0.8487927914871476' F='Inh'/><Cell N='B' V='0.8487927914871476' U='DL' F='Inh'/><Cell N='C' V='0.720164609053498' U='DL' F='Inh'/><Cell N='D' V='0.9431031016523862' U='DL' F='Inh'/></Row></Section><Text><cp IX='0'/><pp IX='0'/>Data Model
<cp IX='1'/><pp IX='1'/>(i.e. Tabular Database)<cp IX='2'/>
</Text><Shapes><Shape ID='2' Type='Shape' MasterShape='6'><Cell N='PinX' V='0.720164609053498' F='Inh'/><Cell N='PinY' V='0.4715515508261931' F='Inh'/><Cell N='Width' V='1.440329218106996' F='Inh'/><Cell N='Height' V='0.9431031016523862' F='Inh'/><Cell N='LocPinX' V='0.720164609053498' F='Inh'/><Cell N='LocPinY' V='0.4715515508261931' F='Inh'/><Cell N='LineWeight' V='0.01388888888888889' U='PT'/><Cell N='LineColor' V='#000000' F='THEMEGUARD(RGB(0,0,0))'/><Cell N='FillForegnd' V='#f9c499' F='THEMEGUARD(MSOTINT(THEMEVAL("AccentColor5"),40))'/><Cell N='FillBkgnd' V='#fbd5b5' F='THEMEGUARD(SHADE(FillForegnd,LUMDIFF(THEMEVAL("FillColor"),THEMEVAL("FillColor2"))))'/><Cell N='FillGradientEnabled' V='0'/><Section N='User'><Row N='ControlHalfHeight'><Cell N='Value' V='0.09431031016523861' U='DL' F='Inh'/></Row><Row N='FillForegnd'><Cell N='Value' V='#f9c499' U='COLOR' F='Inh'/></Row></Section><Section N='FillGradient'><Row IX='0'><Cell N='GradientStopColor' V='#f5a767' F='Inh'/></Row><Row IX='1'><Cell N='GradientStopColor' V='#f5a767' F='Inh'/></Row><Row IX='2'><Cell N='GradientStopColor' V='#f5a767' F='Inh'/></Row><Row IX='3'><Cell N='GradientStopColor' V='#f5a767' F='Inh'/></Row><Row IX='4'><Cell N='GradientStopColor' V='#f5a767' F='Inh'/></Row><Row IX='5'><Cell N='GradientStopColor' V='#f5a767' F='Inh'/></Row><Row IX='6'><Cell N='GradientStopColor' V='#f5a767' F='Inh'/></Row><Row IX='7'><Cell N='GradientStopColor' V='#f5a767' F='Inh'/></Row><Row IX='8'><Cell N='GradientStopColor' V='#f5a767' F='Inh'/></Row><Row IX='9'><Cell N='GradientStopColor' V='#f5a767' F='Inh'/></Row></Section><Section N='Character'><Row IX='0'><Cell N='Font' V='Arial'/><Cell N='Size' V='0.1388888888888889'/><Cell N='ComplexScriptFont' V='Arial'/></Row></Section><Section N='Geometry' IX='0'><Row T='MoveTo' IX='1'><Cell N='Y' V='0.09431031016523861' F='Inh'/></Row><Row T='EllipticalArcTo' IX='2'><Cell N='X' V='1.440329218106996' F='Inh'/><Cell N='Y' V='0.09431031016523861' F='Inh'/><Cell N='A' V='0.720164609053498' U='DL' F='Inh'/><Cell N='D' V='7.636117491202357' F='Inh'/></Row><Row T='LineTo' IX='3'><Cell N='X' V='1.440329218106996' F='Inh'/><Cell N='Y' V='0.8487927914871476' F='Inh'/></Row><Row T='LineTo' IX='4'><Cell N='Y' V='0.8487927914871476' F='Inh'/></Row><Row T='LineTo' IX='5'><Cell N='Y' V='0.09431031016523861' F='Inh'/></Row></Section></Shape></Shapes></Shape><Shape ID='4' NameU='Rectangle.4' Name='Rectangle.4' Type='Shape' Master='2'><Cell N='PinX' V='1.278365905995877'/><Cell N='PinY' V='9.549681409079506'/><Cell N='Width' V='0.9473117297578839'/><Cell N='Height' V='0.9431031016523861'/><Cell N='LocPinX' V='0.4736558648789417' F='Width*0.5'/><Cell N='LocPinY' V='0.471551550826193' F='Height*0.5'/><Cell N='VerticalAlign' V='2'/><Cell N='FillForegnd' V='#dbeef3' F='THEMEGUARD(MSOTINT(THEMEVAL("AccentColor4"),80))'/><Cell N='FillBkgnd' V='#e4f2f5' F='THEMEGUARD(SHADE(FillForegnd,LUMDIFF(THEMEVAL("FillColor"),THEMEVAL("FillColor2"))))'/><Cell N='FillGradientEnabled' V='0'/><Cell N='LineWeight' V='0.01388888888888889' U='PT'/><Section N='Connection'><Row IX='0'><Cell N='X' V='0.473655864878942' F='Inh'/><Cell N='Y' V='0' F='Inh'/></Row><Row IX='1'><Cell N='X' V='0.9473117297578839' F='Inh'/><Cell N='Y' V='0.471551550826193' F='Inh'/></Row><Row IX='2'><Cell N='X' V='0.473655864878942' F='Inh'/><Cell N='Y' V='0.9431031016523861' F='Inh'/></Row><Row IX='3'><Cell N='X' V='0' F='Inh'/><Cell N='Y' V='0.471551550826193' F='Inh'/></Row><Row IX='4'><Cell N='X' V='0.473655864878942' F='Inh'/><Cell N='Y' V='0.471551550826193' F='Inh'/></Row></Section><Section N='Character'><Row IX='0'><Cell N='Font' V='Arial'/><Cell N='Size' V='0.125' U='PT'/><Cell N='ComplexScriptFont' V='Arial'/></Row></Section><Section N='Geometry' IX='0'><Row T='MoveTo' IX='1'><Cell N='X' V='0' F='Inh'/><Cell N='Y' V='0' F='Inh'/></Row><Row T='LineTo' IX='2'><Cell N='X' V='0.9473117297578839' F='Inh'/><Cell N='Y' V='0' F='Inh'/></Row><Row T='LineTo' IX='3'><Cell N='X' V='0.9473117297578839' F='Inh'/><Cell N='Y' V='0.9431031016523861' F='Inh'/></Row><Row T='LineTo' IX='4'><Cell N='X' V='0' F='Inh'/><Cell N='Y' V='0.9431031016523861' F='Inh'/></Row><Row T='LineTo' IX='5'><Cell N='X' V='0' F='Inh'/><Cell N='Y' V='0' F='Inh'/></Row></Section><Text><cp IX='0'/>Worksheet
</Text></Shape><Shape ID='5' NameU='Rectangle.5' Name='Rectangle.5' Type='Shape' Master='2'><Cell N='PinX' V='1.099794238683128'/><Cell N='PinY' V='9.753571101966166'/><Cell N='Width' V='0.9473117297578839'/><Cell N='Height' V='0.9431031016523861'/><Cell N='LocPinX' V='0.4736558648789417' F='Width*0.5'/><Cell N='LocPinY' V='0.471551550826193' F='Height*0.5'/><Cell N='VerticalAlign' V='2'/><Cell N='FillForegnd' V='#eeeaf2' F='THEMEGUARD(MSOTINT(THEMEVAL("AccentColor3"),80))'/><Cell N='FillBkgnd' V='#f2eff5' F='THEMEGUARD(SHADE(FillForegnd,LUMDIFF(THEMEVAL("FillColor"),THEMEVAL("FillColor2"))))'/><Cell N='FillGradientEnabled' V='0'/><Cell N='LineWeight' V='0.01388888888888889' U='PT'/><Section N='Connection'><Row IX='0'><Cell N='X' V='0.473655864878942' F='Inh'/><Cell N='Y' V='0' F='Inh'/></Row><Row IX='1'><Cell N='X' V='0.9473117297578839' F='Inh'/><Cell N='Y' V='0.471551550826193' F='Inh'/></Row><Row IX='2'><Cell N='X' V='0.473655864878942' F='Inh'/><Cell N='Y' V='0.9431031016523861' F='Inh'/></Row><Row IX='3'><Cell N='X' V='0' F='Inh'/><Cell N='Y' V='0.471551550826193' F='Inh'/></Row><Row IX='4'><Cell N='X' V='0.473655864878942' F='Inh'/><Cell N='Y' V='0.471551550826193' F='Inh'/></Row></Section><Section N='Character'><Row IX='0'><Cell N='Font' V='Arial'/><Cell N='Size' V='0.125' U='PT'/><Cell N='ComplexScriptFont' V='Arial'/></Row></Section><Section N='Geometry' IX='0'><Row T='MoveTo' IX='1'><Cell N='X' V='0' F='Inh'/><Cell N='Y' V='0' F='Inh'/></Row><Row T='LineTo' IX='2'><Cell N='X' V='0.9473117297578839' F='Inh'/><Cell N='Y' V='0' F='Inh'/></Row><Row T='LineTo' IX='3'><Cell N='X' V='0.9473117297578839' F='Inh'/><Cell N='Y' V='0.9431031016523861' F='Inh'/></Row><Row T='LineTo' IX='4'><Cell N='X' V='0' F='Inh'/><Cell N='Y' V='0.9431031016523861' F='Inh'/></Row><Row T='LineTo' IX='5'><Cell N='X' V='0' F='Inh'/><Cell N='Y' V='0' F='Inh'/></Row></Section><Text><cp IX='0'/>Worksheet
</Text></Shape><Shape ID='6' NameU='Rectangle.6' Name='Rectangle.6' Type='Shape' Master='2'><Cell N='PinX' V='0.9212225713703779'/><Cell N='PinY' V='9.957460794852819'/><Cell N='Width' V='0.9473117297578839'/><Cell N='Height' V='0.9431031016523861'/><Cell N='LocPinX' V='0.4736558648789417' F='Width*0.5'/><Cell N='LocPinY' V='0.471551550826193' F='Height*0.5'/><Cell N='VerticalAlign' V='2'/><Cell N='FillForegnd' V='#ebf1df' F='THEMEGUARD(MSOTINT(THEMEVAL("AccentColor2"),80))'/><Cell N='FillBkgnd' V='#f0f4e8' F='THEMEGUARD(SHADE(FillForegnd,LUMDIFF(THEMEVAL("FillColor"),THEMEVAL("FillColor2"))))'/><Cell N='FillGradientEnabled' V='0'/><Cell N='LineWeight' V='0.01388888888888889' U='PT'/><Section N='Connection'><Row IX='0'><Cell N='X' V='0.473655864878942' F='Inh'/><Cell N='Y' V='0' F='Inh'/></Row><Row IX='1'><Cell N='X' V='0.9473117297578839' F='Inh'/><Cell N='Y' V='0.471551550826193' F='Inh'/></Row><Row IX='2'><Cell N='X' V='0.473655864878942' F='Inh'/><Cell N='Y' V='0.9431031016523861' F='Inh'/></Row><Row IX='3'><Cell N='X' V='0' F='Inh'/><Cell N='Y' V='0.471551550826193' F='Inh'/></Row><Row IX='4'><Cell N='X' V='0.473655864878942' F='Inh'/><Cell N='Y' V='0.471551550826193' F='Inh'/></Row></Section><Section N='Character'><Row IX='0'><Cell N='Font' V='Arial'/><Cell N='Size' V='0.125' U='PT'/><Cell N='ComplexScriptFont' V='Arial'/></Row></Section><Section N='Geometry' IX='0'><Row T='MoveTo' IX='1'><Cell N='X' V='0' F='Inh'/><Cell N='Y' V='0' F='Inh'/></Row><Row T='LineTo' IX='2'><Cell N='X' V='0.9473117297578839' F='Inh'/><Cell N='Y' V='0' F='Inh'/></Row><Row T='LineTo' IX='3'><Cell N='X' V='0.9473117297578839' F='Inh'/><Cell N='Y' V='0.9431031016523861' F='Inh'/></Row><Row T='LineTo' IX='4'><Cell N='X' V='0' F='Inh'/><Cell N='Y' V='0.9431031016523861' F='Inh'/></Row><Row T='LineTo' IX='5'><Cell N='X' V='0' F='Inh'/><Cell N='Y' V='0' F='Inh'/></Row></Section><Text><cp IX='0'/>Worksheet
</Text></Shape></Shapes></PageContents>