<?xml version='1.0' encoding='utf-8' ?>
<PageContents xmlns='http://schemas.microsoft.com/office/visio/2012/main' xmlns:r='http://schemas.openxmlformats.org/officeDocument/2006/relationships' xml:space='preserve'><Shapes><Shape ID='2' NameU='Rectangle.11' IsCustomNameU='1' Name='Rectangle.11' IsCustomName='1' Type='Shape' Master='2'><Cell N='PinX' V='3.022380584559237'/><Cell N='PinY' V='9.981553819444445'/><Cell N='Width' V='4.705238830881527'/><Cell N='Height' V='0.9631076388888893'/><Cell N='LocPinX' V='2.352619415440763' F='Width*0.5'/><Cell N='LocPinY' V='0.4815538194444446' F='Inh'/><Cell N='VerticalAlign' V='0'/><Cell N='FillForegnd' V='#fff2cc' F='THEMEGUARD(MSOTINT(THEMEVAL("AccentColor6"),80))'/><Cell N='FillBkgnd' V='#fff5d9' F='THEMEGUARD(SHADE(FillForegnd,LUMDIFF(THEMEVAL("FillColor"),THEMEVAL("FillColor2"))))'/><Cell N='FillGradientEnabled' V='0'/><Section N='Connection'><Row IX='0'><Cell N='X' V='2.352619415440763' F='Inh'/><Cell N='Y' V='0' F='Inh'/></Row><Row IX='1'><Cell N='X' V='4.705238830881527' F='Inh'/><Cell N='Y' V='0.4815538194444446' F='Inh'/></Row><Row IX='2'><Cell N='X' V='2.352619415440763' F='Inh'/><Cell N='Y' V='0.9631076388888893' F='Inh'/></Row><Row IX='3'><Cell N='X' V='0' F='Inh'/><Cell N='Y' V='0.4815538194444446' F='Inh'/></Row><Row IX='4'><Cell N='X' V='2.352619415440763' F='Inh'/><Cell N='Y' V='0.4815538194444446' F='Inh'/></Row></Section><Section N='Paragraph'><Row IX='0'><Cell N='HorzAlign' V='0'/></Row></Section><Section N='Geometry' IX='0'><Row T='MoveTo' IX='1'><Cell N='X' V='0' F='Inh'/><Cell N='Y' V='0' F='Inh'/></Row><Row T='LineTo' IX='2'><Cell N='X' V='4.705238830881527' F='Inh'/><Cell N='Y' V='0' F='Inh'/></Row><Row T='LineTo' IX='3'><Cell N='X' V='4.705238830881527' F='Inh'/><Cell N='Y' V='0.9631076388888893' F='Inh'/></Row><Row T='LineTo' IX='4'><Cell N='X' V='0' F='Inh'/><Cell N='Y' V='0.9631076388888893' F='Inh'/></Row><Row T='LineTo' IX='5'><Cell N='X' V='0' F='Inh'/><Cell N='Y' V='0' F='Inh'/></Row></Section><Text><pp IX='0'/>Excel 2013 Add-ins for working with the data model
</Text></Shape><Shape ID='5' NameU='Rectangle.14' IsCustomNameU='1' Name='Rectangle.14' IsCustomName='1' Type='Shape' Master='2'><Cell N='PinX' V='2.437466434213834'/><Cell N='PinY' V='9.8984375'/><Cell N='Width' V='1.035746188052384'/><Cell N='Height' V='0.453125'/><Cell N='LocPinX' V='0.5178730940261922' F='Width*0.5'/><Cell N='LocPinY' V='0.2265625' F='Inh'/><Cell N='FillForegnd' V='#ebf1df' F='THEMEGUARD(MSOTINT(THEMEVAL("AccentColor2"),80))'/><Cell N='FillBkgnd' V='#f0f4e8' F='THEMEGUARD(SHADE(FillForegnd,LUMDIFF(THEMEVAL("FillColor"),THEMEVAL("FillColor2"))))'/><Cell N='FillGradientEnabled' V='0'/><Section N='Connection'><Row IX='0'><Cell N='X' V='0.5178730940261922' F='Inh'/><Cell N='Y' V='0' F='Inh'/></Row><Row IX='1'><Cell N='X' V='1.035746188052384' F='Inh'/><Cell N='Y' V='0.2265625' F='Inh'/></Row><Row IX='2'><Cell N='X' V='0.5178730940261922' F='Inh'/><Cell N='Y' V='0.453125' F='Inh'/></Row><Row IX='3'><Cell N='X' V='0' F='Inh'/><Cell N='Y' V='0.2265625' F='Inh'/></Row><Row IX='4'><Cell N='X' V='0.5178730940261922' F='Inh'/><Cell N='Y' V='0.2265625' F='Inh'/></Row></Section><Section N='Geometry' IX='0'><Row T='MoveTo' IX='1'><Cell N='X' V='0' F='Inh'/><Cell N='Y' V='0' F='Inh'/></Row><Row T='LineTo' IX='2'><Cell N='X' V='1.035746188052384' F='Inh'/><Cell N='Y' V='0' F='Inh'/></Row><Row T='LineTo' IX='3'><Cell N='X' V='1.035746188052384' F='Inh'/><Cell N='Y' V='0.453125' F='Inh'/></Row><Row T='LineTo' IX='4'><Cell N='X' V='0' F='Inh'/><Cell N='Y' V='0.453125' F='Inh'/></Row><Row T='LineTo' IX='5'><Cell N='X' V='0' F='Inh'/><Cell N='Y' V='0' F='Inh'/></Row></Section><Text>PowerPivot
</Text></Shape><Shape ID='6' NameU='Rectangle.15' IsCustomNameU='1' Name='Rectangle.15' IsCustomName='1' Type='Shape' Master='2'><Cell N='PinX' V='3.562533565786167'/><Cell N='PinY' V='9.8984375'/><Cell N='Width' V='1.035746188052384'/><Cell N='Height' V='0.453125'/><Cell N='LocPinX' V='0.5178730940261922' F='Width*0.5'/><Cell N='LocPinY' V='0.2265625' F='Inh'/><Cell N='FillForegnd' V='#eeeaf2' F='THEMEGUARD(MSOTINT(THEMEVAL("AccentColor3"),80))'/><Cell N='FillBkgnd' V='#f2eff5' F='THEMEGUARD(SHADE(FillForegnd,LUMDIFF(THEMEVAL("FillColor"),THEMEVAL("FillColor2"))))'/><Cell N='FillGradientEnabled' V='0'/><Section N='Connection'><Row IX='0'><Cell N='X' V='0.5178730940261922' F='Inh'/><Cell N='Y' V='0' F='Inh'/></Row><Row IX='1'><Cell N='X' V='1.035746188052384' F='Inh'/><Cell N='Y' V='0.2265625' F='Inh'/></Row><Row IX='2'><Cell N='X' V='0.5178730940261922' F='Inh'/><Cell N='Y' V='0.453125' F='Inh'/></Row><Row IX='3'><Cell N='X' V='0' F='Inh'/><Cell N='Y' V='0.2265625' F='Inh'/></Row><Row IX='4'><Cell N='X' V='0.5178730940261922' F='Inh'/><Cell N='Y' V='0.2265625' F='Inh'/></Row></Section><Section N='Geometry' IX='0'><Row T='MoveTo' IX='1'><Cell N='X' V='0' F='Inh'/><Cell N='Y' V='0' F='Inh'/></Row><Row T='LineTo' IX='2'><Cell N='X' V='1.035746188052384' F='Inh'/><Cell N='Y' V='0' F='Inh'/></Row><Row T='LineTo' IX='3'><Cell N='X' V='1.035746188052384' F='Inh'/><Cell N='Y' V='0.453125' F='Inh'/></Row><Row T='LineTo' IX='4'><Cell N='X' V='0' F='Inh'/><Cell N='Y' V='0.453125' F='Inh'/></Row><Row T='LineTo' IX='5'><Cell N='X' V='0' F='Inh'/><Cell N='Y' V='0' F='Inh'/></Row></Section><Text>Power View
</Text></Shape><Shape ID='12' NameU='Rectangle.22' IsCustomNameU='1' Name='Rectangle.22' IsCustomName='1' Type='Shape' Master='2'><Cell N='PinX' V='1.312399302641501'/><Cell N='PinY' V='9.8984375'/><Cell N='Width' V='1.035746188052384'/><Cell N='Height' V='0.453125'/><Cell N='LocPinX' V='0.5178730940261922' F='Width*0.5'/><Cell N='LocPinY' V='0.2265625' F='Inh'/><Cell N='FillForegnd' V='#f2dcda' F='THEMEGUARD(MSOTINT(THEMEVAL("AccentColor"),80))'/><Cell N='FillBkgnd' V='#f5e3e2' F='THEMEGUARD(SHADE(FillForegnd,LUMDIFF(THEMEVAL("FillColor"),THEMEVAL("FillColor2"))))'/><Cell N='FillGradientEnabled' V='0'/><Section N='Connection'><Row IX='0'><Cell N='X' V='0.5178730940261922' F='Inh'/><Cell N='Y' V='0' F='Inh'/></Row><Row IX='1'><Cell N='X' V='1.035746188052384' F='Inh'/><Cell N='Y' V='0.2265625' F='Inh'/></Row><Row IX='2'><Cell N='X' V='0.5178730940261922' F='Inh'/><Cell N='Y' V='0.453125' F='Inh'/></Row><Row IX='3'><Cell N='X' V='0' F='Inh'/><Cell N='Y' V='0.2265625' F='Inh'/></Row><Row IX='4'><Cell N='X' V='0.5178730940261922' F='Inh'/><Cell N='Y' V='0.2265625' F='Inh'/></Row></Section><Section N='Geometry' IX='0'><Row T='MoveTo' IX='1'><Cell N='X' V='0' F='Inh'/><Cell N='Y' V='0' F='Inh'/></Row><Row T='LineTo' IX='2'><Cell N='X' V='1.035746188052384' F='Inh'/><Cell N='Y' V='0' F='Inh'/></Row><Row T='LineTo' IX='3'><Cell N='X' V='1.035746188052384' F='Inh'/><Cell N='Y' V='0.453125' F='Inh'/></Row><Row T='LineTo' IX='4'><Cell N='X' V='0' F='Inh'/><Cell N='Y' V='0.453125' F='Inh'/></Row><Row T='LineTo' IX='5'><Cell N='X' V='0' F='Inh'/><Cell N='Y' V='0' F='Inh'/></Row></Section><Text>Power Query
</Text></Shape><Shape ID='13' NameU='Rectangle.23' IsCustomNameU='1' Name='Rectangle.23' IsCustomName='1' Type='Shape' Master='2'><Cell N='PinX' V='4.6876006973585'/><Cell N='PinY' V='9.8984375'/><Cell N='Width' V='1.035746188052384'/><Cell N='Height' V='0.453125'/><Cell N='LocPinX' V='0.5178730940261922' F='Width*0.5'/><Cell N='LocPinY' V='0.2265625' F='Inh'/><Cell N='FillForegnd' V='#dbeef3' F='THEMEGUARD(MSOTINT(THEMEVAL("AccentColor4"),80))'/><Cell N='FillBkgnd' V='#e4f2f5' F='THEMEGUARD(SHADE(FillForegnd,LUMDIFF(THEMEVAL("FillColor"),THEMEVAL("FillColor2"))))'/><Cell N='FillGradientEnabled' V='0'/><Section N='Connection'><Row IX='0'><Cell N='X' V='0.5178730940261922' F='Inh'/><Cell N='Y' V='0' F='Inh'/></Row><Row IX='1'><Cell N='X' V='1.035746188052384' F='Inh'/><Cell N='Y' V='0.2265625' F='Inh'/></Row><Row IX='2'><Cell N='X' V='0.5178730940261922' F='Inh'/><Cell N='Y' V='0.453125' F='Inh'/></Row><Row IX='3'><Cell N='X' V='0' F='Inh'/><Cell N='Y' V='0.2265625' F='Inh'/></Row><Row IX='4'><Cell N='X' V='0.5178730940261922' F='Inh'/><Cell N='Y' V='0.2265625' F='Inh'/></Row></Section><Section N='Geometry' IX='0'><Row T='MoveTo' IX='1'><Cell N='X' V='0' F='Inh'/><Cell N='Y' V='0' F='Inh'/></Row><Row T='LineTo' IX='2'><Cell N='X' V='1.035746188052384' F='Inh'/><Cell N='Y' V='0' F='Inh'/></Row><Row T='LineTo' IX='3'><Cell N='X' V='1.035746188052384' F='Inh'/><Cell N='Y' V='0.453125' F='Inh'/></Row><Row T='LineTo' IX='4'><Cell N='X' V='0' F='Inh'/><Cell N='Y' V='0.453125' F='Inh'/></Row><Row T='LineTo' IX='5'><Cell N='X' V='0' F='Inh'/><Cell N='Y' V='0' F='Inh'/></Row></Section><Text>Power Map
</Text></Shape></Shapes></PageContents>