<?xml version='1.0' encoding='utf-8' ?>
<Pages xmlns='http://schemas.microsoft.com/office/visio/2012/main' xmlns:r='http://schemas.openxmlformats.org/officeDocument/2006/relationships' xml:space='preserve'><Page ID='0' NameU='Cube World' IsCustomNameU='1' Name='Cube World' IsCustomName='1' ViewScale='1' ViewCenterX='3.5458333333333' ViewCenterY='8.1291666666667'><PageSheet LineStyle='0' FillStyle='0' TextStyle='0'><Cell N='PageWidth' V='8.5'/><Cell N='PageHeight' V='11'/><Cell N='ShdwOffsetX' V='0.125'/><Cell N='ShdwOffsetY' V='-0.125'/><Cell N='PageScale' V='1' U='IN_F'><RefBy T='Page' ID='0'/></Cell><Cell N='DrawingScale' V='1' U='IN_F'><RefBy T='Page' ID='0'/></Cell><Cell N='DrawingSizeType' V='0'/><Cell N='DrawingScaleType' V='0'/><Cell N='InhibitSnap' V='0'/><Cell N='PageLockReplace' V='0' U='BOOL'/><Cell N='PageLockDuplicate' V='0' U='BOOL'/><Cell N='UIVisibility' V='0'/><Cell N='ShdwType' V='0'/><Cell N='ShdwObliqueAngle' V='0'/><Cell N='ShdwScaleFactor' V='1'/><Cell N='DrawingResizeType' V='1'/><Cell N='PageShapeSplit' V='1'/></PageSheet><Rel r:id='rId1'/></Page><Page ID='11' NameU='Model Screenshot' IsCustomNameU='1' Name='Tabular Model Screenshot' IsCustomName='1' ViewScale='0.97' ViewCenterX='4.2456896551724' ViewCenterY='8.2715517241379'><PageSheet LineStyle='0' FillStyle='0' TextStyle='0'><Cell N='PageWidth' V='8.5'/><Cell N='PageHeight' V='11'/><Cell N='ShdwOffsetX' V='0.125'/><Cell N='ShdwOffsetY' V='-0.125'/><Cell N='PageScale' V='1' U='IN_F'/><Cell N='DrawingScale' V='1' U='IN_F'/><Cell N='DrawingSizeType' V='0'/><Cell N='DrawingScaleType' V='0'/><Cell N='InhibitSnap' V='0'/><Cell N='PageLockReplace' V='0' U='BOOL'/><Cell N='PageLockDuplicate' V='0' U='BOOL'/><Cell N='UIVisibility' V='0'/><Cell N='ShdwType' V='0'/><Cell N='ShdwObliqueAngle' V='0'/><Cell N='ShdwScaleFactor' V='1'/><Cell N='DrawingResizeType' V='1'/><Cell N='PageShapeSplit' V='1'/></PageSheet><Rel r:id='rId2'/></Page><Page ID='4' NameU='Page-2' IsCustomNameU='1' Name='Excel Data Model' IsCustomName='1' ViewScale='1' ViewCenterX='3.625' ViewCenterY='8.2208333333333'><PageSheet LineStyle='0' FillStyle='0' TextStyle='0'><Cell N='PageWidth' V='8.5'/><Cell N='PageHeight' V='11'/><Cell N='ShdwOffsetX' V='0.125'/><Cell N='ShdwOffsetY' V='-0.125'/><Cell N='PageScale' V='1' U='IN_F'/><Cell N='DrawingScale' V='1' U='IN_F'/><Cell N='DrawingSizeType' V='0'/><Cell N='DrawingScaleType' V='0'/><Cell N='InhibitSnap' V='0'/><Cell N='PageLockReplace' V='0' U='BOOL'/><Cell N='PageLockDuplicate' V='0' U='BOOL'/><Cell N='UIVisibility' V='0'/><Cell N='ShdwType' V='0'/><Cell N='ShdwObliqueAngle' V='0'/><Cell N='ShdwScaleFactor' V='1'/><Cell N='DrawingResizeType' V='1'/><Cell N='PageShapeSplit' V='1'/></PageSheet><Rel r:id='rId3'/></Page><Page ID='14' NameU='Page-6' IsCustomNameU='1' Name='Data Model PivotTable' IsCustomName='1' ViewScale='-1' ViewCenterX='4.2459016393443' ViewCenterY='5.5'><PageSheet LineStyle='0' FillStyle='0' TextStyle='0'><Cell N='PageWidth' V='8.5'/><Cell N='PageHeight' V='11'/><Cell N='ShdwOffsetX' V='0.125'/><Cell N='ShdwOffsetY' V='-0.125'/><Cell N='PageScale' V='1' U='IN_F'/><Cell N='DrawingScale' V='1' U='IN_F'/><Cell N='DrawingSizeType' V='0'/><Cell N='DrawingScaleType' V='0'/><Cell N='InhibitSnap' V='0'/><Cell N='PageLockReplace' V='0' U='BOOL'/><Cell N='PageLockDuplicate' V='0' U='BOOL'/><Cell N='UIVisibility' V='0'/><Cell N='ShdwType' V='0'/><Cell N='ShdwObliqueAngle' V='0'/><Cell N='ShdwScaleFactor' V='1'/><Cell N='DrawingResizeType' V='1'/><Cell N='PageShapeSplit' V='1'/></PageSheet><Rel r:id='rId4'/></Page><Page ID='8' NameU='Page-4' IsCustomNameU='1' Name='SSBI Tools' IsCustomName='1' ViewScale='1' ViewCenterX='4.0666666666667' ViewCenterY='8.0625'><PageSheet LineStyle='0' FillStyle='0' TextStyle='0'><Cell N='PageWidth' V='8.5'/><Cell N='PageHeight' V='11'/><Cell N='ShdwOffsetX' V='0.125'/><Cell N='ShdwOffsetY' V='-0.125'/><Cell N='PageScale' V='1' U='IN_F'/><Cell N='DrawingScale' V='1' U='IN_F'/><Cell N='DrawingSizeType' V='0'/><Cell N='DrawingScaleType' V='0'/><Cell N='InhibitSnap' V='0'/><Cell N='PageLockReplace' V='0' U='BOOL'/><Cell N='PageLockDuplicate' V='0' U='BOOL'/><Cell N='UIVisibility' V='0'/><Cell N='ShdwType' V='0'/><Cell N='ShdwObliqueAngle' V='0'/><Cell N='ShdwScaleFactor' V='1'/><Cell N='DrawingResizeType' V='1'/><Cell N='PageShapeSplit' V='1'/></PageSheet><Rel r:id='rId5'/></Page><Page ID='15' NameU='PowerPivot Screenshot' IsCustomNameU='1' Name='PowerPivot Screenshot' IsCustomName='1' ViewScale='-1' ViewCenterX='4.2459016393443' ViewCenterY='5.5'><PageSheet LineStyle='0' FillStyle='0' TextStyle='0'><Cell N='PageWidth' V='8.5'/><Cell N='PageHeight' V='11'/><Cell N='ShdwOffsetX' V='0.125'/><Cell N='ShdwOffsetY' V='-0.125'/><Cell N='PageScale' V='1' U='IN_F'/><Cell N='DrawingScale' V='1' U='IN_F'/><Cell N='DrawingSizeType' V='0'/><Cell N='DrawingScaleType' V='0'/><Cell N='InhibitSnap' V='0'/><Cell N='PageLockReplace' V='0' U='BOOL'/><Cell N='PageLockDuplicate' V='0' U='BOOL'/><Cell N='UIVisibility' V='0'/><Cell N='ShdwType' V='0'/><Cell N='ShdwObliqueAngle' V='0'/><Cell N='ShdwScaleFactor' V='1'/><Cell N='DrawingResizeType' V='1'/><Cell N='PageShapeSplit' V='1'/></PageSheet><Rel r:id='rId6'/></Page><Page ID='16' NameU='Dimensional Hierarchy' IsCustomNameU='1' Name='Dimensional Hierarchy' IsCustomName='1' ViewScale='-1' ViewCenterX='4.2459016393443' ViewCenterY='5.5'><PageSheet LineStyle='0' FillStyle='0' TextStyle='0'><Cell N='PageWidth' V='8.5'/><Cell N='PageHeight' V='11'/><Cell N='ShdwOffsetX' V='0.125'/><Cell N='ShdwOffsetY' V='-0.125'/><Cell N='PageScale' V='1' U='IN_F'/><Cell N='DrawingScale' V='1' U='IN_F'/><Cell N='DrawingSizeType' V='0'/><Cell N='DrawingScaleType' V='0'/><Cell N='InhibitSnap' V='0'/><Cell N='PageLockReplace' V='0' U='BOOL'/><Cell N='PageLockDuplicate' V='0' U='BOOL'/><Cell N='UIVisibility' V='0'/><Cell N='ShdwType' V='0'/><Cell N='ShdwObliqueAngle' V='0'/><Cell N='ShdwScaleFactor' V='1'/><Cell N='DrawingResizeType' V='1'/><Cell N='PageShapeSplit' V='1'/></PageSheet><Rel r:id='rId7'/></Page><Page ID='17' NameU='Page-9' IsCustomNameU='1' Name='Power View Report' IsCustomName='1' ViewScale='0.5' ViewCenterX='4.25' ViewCenterY='5.525'><PageSheet LineStyle='0' FillStyle='0' TextStyle='0'><Cell N='PageWidth' V='8.5'/><Cell N='PageHeight' V='11'/><Cell N='ShdwOffsetX' V='0.125'/><Cell N='ShdwOffsetY' V='-0.125'/><Cell N='PageScale' V='1' U='IN_F'/><Cell N='DrawingScale' V='1' U='IN_F'/><Cell N='DrawingSizeType' V='0'/><Cell N='DrawingScaleType' V='0'/><Cell N='InhibitSnap' V='0'/><Cell N='PageLockReplace' V='0' U='BOOL'/><Cell N='PageLockDuplicate' V='0' U='BOOL'/><Cell N='UIVisibility' V='0'/><Cell N='ShdwType' V='0'/><Cell N='ShdwObliqueAngle' V='0'/><Cell N='ShdwScaleFactor' V='1'/><Cell N='DrawingResizeType' V='1'/><Cell N='PageShapeSplit' V='1'/></PageSheet><Rel r:id='rId8'/></Page><Page ID='5' NameU='Page-3' IsCustomNameU='1' Name='Excel Services' IsCustomName='1' ViewScale='0.93333333333333' ViewCenterX='4.2589285714286' ViewCenterY='8.9330357142857'><PageSheet LineStyle='0' FillStyle='0' TextStyle='0'><Cell N='PageWidth' V='8.5'/><Cell N='PageHeight' V='11'/><Cell N='ShdwOffsetX' V='0.125'/><Cell N='ShdwOffsetY' V='-0.125'/><Cell N='PageScale' V='1' U='IN_F'><RefBy T='Page' ID='5'/></Cell><Cell N='DrawingScale' V='1' U='IN_F'><RefBy T='Page' ID='5'/></Cell><Cell N='DrawingSizeType' V='0'/><Cell N='DrawingScaleType' V='0'/><Cell N='InhibitSnap' V='0'/><Cell N='PageLockReplace' V='0' U='BOOL'/><Cell N='PageLockDuplicate' V='0' U='BOOL'/><Cell N='UIVisibility' V='0'/><Cell N='ShdwType' V='0'/><Cell N='ShdwObliqueAngle' V='0'/><Cell N='ShdwScaleFactor' V='1'/><Cell N='DrawingResizeType' V='1'/><Cell N='PageShapeSplit' V='1'/></PageSheet><Rel r:id='rId9'/></Page><Page ID='18' NameU='SSBI vs Developer Tools' IsCustomNameU='1' Name='SSBI vs Developer Tools' IsCustomName='1' ViewScale='0.97' ViewCenterX='3.9612068965517' ViewCenterY='8.7715517241379'><PageSheet LineStyle='0' FillStyle='0' TextStyle='0'><Cell N='PageWidth' V='8.5'/><Cell N='PageHeight' V='11'/><Cell N='ShdwOffsetX' V='0.125'/><Cell N='ShdwOffsetY' V='-0.125'/><Cell N='PageScale' V='1' U='IN_F'/><Cell N='DrawingScale' V='1' U='IN_F'/><Cell N='DrawingSizeType' V='0'/><Cell N='DrawingScaleType' V='0'/><Trigger N='RecalcColor'><RefBy T='Page' ID='18'/></Trigger><Cell N='InhibitSnap' V='0'/><Cell N='PageLockReplace' V='0' U='BOOL'/><Cell N='PageLockDuplicate' V='0' U='BOOL'/><Cell N='UIVisibility' V='0'/><Cell N='ShdwType' V='0'/><Cell N='ShdwObliqueAngle' V='0'/><Cell N='ShdwScaleFactor' V='1'/><Cell N='DrawingResizeType' V='1'/><Cell N='PageShapeSplit' V='1'/></PageSheet><Rel r:id='rId10'/></Page><Page ID='21' NameU='Data Model in VS' IsCustomNameU='1' Name='Data Model in VS' IsCustomName='1' ViewScale='0.5' ViewCenterX='4.25' ViewCenterY='5.525'><PageSheet LineStyle='0' FillStyle='0' TextStyle='0'><Cell N='PageWidth' V='8.5'/><Cell N='PageHeight' V='11'/><Cell N='ShdwOffsetX' V='0.125'/><Cell N='ShdwOffsetY' V='-0.125'/><Cell N='PageScale' V='1' U='IN_F'/><Cell N='DrawingScale' V='1' U='IN_F'/><Cell N='DrawingSizeType' V='0'/><Cell N='DrawingScaleType' V='0'/><Cell N='InhibitSnap' V='0'/><Cell N='PageLockReplace' V='0' U='BOOL'/><Cell N='PageLockDuplicate' V='0' U='BOOL'/><Cell N='UIVisibility' V='0'/><Cell N='ShdwType' V='0'/><Cell N='ShdwObliqueAngle' V='0'/><Cell N='ShdwScaleFactor' V='1'/><Cell N='DrawingResizeType' V='1'/><Cell N='PageShapeSplit' V='1'/></PageSheet><Rel r:id='rId11'/></Page><Page ID='24' NameU='PowerPivot Gallery' IsCustomNameU='1' Name='PowerPivot Gallery' IsCustomName='1' ViewScale='0.5' ViewCenterX='12.25' ViewCenterY='5.5083333333333'><PageSheet LineStyle='0' FillStyle='0' TextStyle='0'><Cell N='PageWidth' V='8.5'/><Cell N='PageHeight' V='11'/><Cell N='ShdwOffsetX' V='0.125'/><Cell N='ShdwOffsetY' V='-0.125'/><Cell N='PageScale' V='1' U='IN_F'/><Cell N='DrawingScale' V='1' U='IN_F'/><Cell N='DrawingSizeType' V='0'/><Cell N='DrawingScaleType' V='0'/><Cell N='InhibitSnap' V='0'/><Cell N='PageLockReplace' V='0' U='BOOL'/><Cell N='PageLockDuplicate' V='0' U='BOOL'/><Cell N='UIVisibility' V='0'/><Cell N='ShdwType' V='0'/><Cell N='ShdwObliqueAngle' V='0'/><Cell N='ShdwScaleFactor' V='1'/><Cell N='DrawingResizeType' V='1'/><Cell N='PageShapeSplit' V='1'/><Cell N='XRulerOrigin' V='8'/><Cell N='XGridOrigin' V='8'/></PageSheet><Rel r:id='rId12'/></Page><Page ID='25' NameU='PV in SP' IsCustomNameU='1' Name='PV in SP' IsCustomName='1' ViewScale='0.5' ViewCenterX='4.25' ViewCenterY='5.4916666666667'><PageSheet LineStyle='0' FillStyle='0' TextStyle='0'><Cell N='PageWidth' V='8.5'/><Cell N='PageHeight' V='11'/><Cell N='ShdwOffsetX' V='0.125'/><Cell N='ShdwOffsetY' V='-0.125'/><Cell N='PageScale' V='1' U='IN_F'/><Cell N='DrawingScale' V='1' U='IN_F'/><Cell N='DrawingSizeType' V='0'/><Cell N='DrawingScaleType' V='0'/><Cell N='InhibitSnap' V='0'/><Cell N='PageLockReplace' V='0' U='BOOL'/><Cell N='PageLockDuplicate' V='0' U='BOOL'/><Cell N='UIVisibility' V='0'/><Cell N='ShdwType' V='0'/><Cell N='ShdwObliqueAngle' V='0'/><Cell N='ShdwScaleFactor' V='1'/><Cell N='DrawingResizeType' V='1'/><Cell N='PageShapeSplit' V='1'/><Cell N='XRulerOrigin' V='8'/><Cell N='XGridOrigin' V='8'/></PageSheet><Rel r:id='rId13'/></Page><Page ID='28' NameU='Power BI Data Sources' IsCustomNameU='1' Name='Power BI Data Sources' IsCustomName='1' ViewScale='1.03' ViewCenterX='6.3508064516129' ViewCenterY='8.9556451612903'><PageSheet LineStyle='0' FillStyle='0' TextStyle='0'><Cell N='PageWidth' V='8.5'/><Cell N='PageHeight' V='11'/><Cell N='ShdwOffsetX' V='0.125'/><Cell N='ShdwOffsetY' V='-0.125'/><Cell N='PageScale' V='1' U='IN_F'/><Cell N='DrawingScale' V='1' U='IN_F'/><Cell N='DrawingSizeType' V='0'/><Cell N='DrawingScaleType' V='0'/><Trigger N='RecalcColor'><RefBy T='Page' ID='28'/></Trigger><Cell N='InhibitSnap' V='0'/><Cell N='PageLockReplace' V='0' U='BOOL'/><Cell N='PageLockDuplicate' V='0' U='BOOL'/><Cell N='UIVisibility' V='0'/><Cell N='ShdwType' V='0'/><Cell N='ShdwObliqueAngle' V='0'/><Cell N='ShdwScaleFactor' V='1'/><Cell N='DrawingResizeType' V='1'/><Cell N='PageShapeSplit' V='1'/><Section N='Layer'><Row IX='0'><Cell N='Name' V='Flowchart'/><Cell N='Color' V='255'/><Cell N='Status' V='0'/><Cell N='Visible' V='1'/><Cell N='Print' V='1'/><Cell N='Active' V='0'/><Cell N='Lock' V='0'/><Cell N='Snap' V='1'/><Cell N='Glue' V='1'/><Cell N='NameUniv' V='Flowchart'/><Cell N='ColorTrans' V='0'/></Row><Row IX='1'><Cell N='Name' V='Network'/><Cell N='Color' V='255'/><Cell N='Status' V='0'/><Cell N='Visible' V='1'/><Cell N='Print' V='1'/><Cell N='Active' V='0'/><Cell N='Lock' V='0'/><Cell N='Snap' V='1'/><Cell N='Glue' V='1'/><Cell N='NameUniv' V='Network'/><Cell N='ColorTrans' V='0'/></Row></Section></PageSheet><Rel r:id='rId14'/></Page><Page ID='32' NameU='BI Designer' IsCustomNameU='1' Name='BI Designer' IsCustomName='1' ViewScale='0.53333333333333' ViewCenterX='4.2109375' ViewCenterY='6.6328125'><PageSheet LineStyle='0' FillStyle='0' TextStyle='0'><Cell N='PageWidth' V='8.5'/><Cell N='PageHeight' V='11'/><Cell N='ShdwOffsetX' V='0.125'/><Cell N='ShdwOffsetY' V='-0.125'/><Cell N='PageScale' V='1' U='IN_F'/><Cell N='DrawingScale' V='1' U='IN_F'/><Cell N='DrawingSizeType' V='0'/><Cell N='DrawingScaleType' V='0'/><Cell N='InhibitSnap' V='0'/><Cell N='PageLockReplace' V='0' U='BOOL'/><Cell N='PageLockDuplicate' V='0' U='BOOL'/><Cell N='UIVisibility' V='0'/><Cell N='ShdwType' V='0'/><Cell N='ShdwObliqueAngle' V='0'/><Cell N='ShdwScaleFactor' V='1'/><Cell N='DrawingResizeType' V='1'/><Cell N='PageShapeSplit' V='1'/><Cell N='YRulerOrigin' V='-10.5'/><Cell N='YGridOrigin' V='-10.5'/></PageSheet><Rel r:id='rId15'/></Page><Page ID='31' NameU='Dashboard' IsCustomNameU='1' Name='Dashboard' IsCustomName='1' ViewScale='0.5' ViewCenterX='4.2416666666667' ViewCenterY='5.5083333333333'><PageSheet LineStyle='0' FillStyle='0' TextStyle='0'><Cell N='PageWidth' V='8.5'/><Cell N='PageHeight' V='11'/><Cell N='ShdwOffsetX' V='0.125'/><Cell N='ShdwOffsetY' V='-0.125'/><Cell N='PageScale' V='1' U='IN_F'/><Cell N='DrawingScale' V='1' U='IN_F'/><Cell N='DrawingSizeType' V='0'/><Cell N='DrawingScaleType' V='0'/><Cell N='InhibitSnap' V='0'/><Cell N='PageLockReplace' V='0' U='BOOL'/><Cell N='PageLockDuplicate' V='0' U='BOOL'/><Cell N='UIVisibility' V='0'/><Cell N='ShdwType' V='0'/><Cell N='ShdwObliqueAngle' V='0'/><Cell N='ShdwScaleFactor' V='1'/><Cell N='DrawingResizeType' V='1'/><Cell N='PageShapeSplit' V='1'/></PageSheet><Rel r:id='rId16'/></Page><Page ID='33' NameU='Natural QA' IsCustomNameU='1' Name='Natural QA' IsCustomName='1' ViewScale='0.5' ViewCenterX='4.225' ViewCenterY='7.6416666666667'><PageSheet LineStyle='0' FillStyle='0' TextStyle='0'><Cell N='PageWidth' V='8.5'/><Cell N='PageHeight' V='11'/><Cell N='ShdwOffsetX' V='0.125'/><Cell N='ShdwOffsetY' V='-0.125'/><Cell N='PageScale' V='1' U='IN_F'/><Cell N='DrawingScale' V='1' U='IN_F'/><Cell N='DrawingSizeType' V='0'/><Cell N='DrawingScaleType' V='0'/><Cell N='InhibitSnap' V='0'/><Cell N='PageLockReplace' V='0' U='BOOL'/><Cell N='PageLockDuplicate' V='0' U='BOOL'/><Cell N='UIVisibility' V='0'/><Cell N='ShdwType' V='0'/><Cell N='ShdwObliqueAngle' V='0'/><Cell N='ShdwScaleFactor' V='1'/><Cell N='DrawingResizeType' V='1'/><Cell N='PageShapeSplit' V='1'/></PageSheet><Rel r:id='rId17'/></Page></Pages>