<?xml version='1.0' encoding='utf-8' ?>
<PageContents xmlns='http://schemas.microsoft.com/office/visio/2012/main' xmlns:r='http://schemas.openxmlformats.org/officeDocument/2006/relationships' xml:space='preserve'><Shapes><Shape ID='22' Type='Shape' Master='2'><Cell N='PinX' V='3.3125'/><Cell N='PinY' V='9.125'/><Cell N='Width' V='6.125'/><Cell N='Height' V='3.3125'/><Cell N='LocPinX' V='3.0625' F='Inh'/><Cell N='LocPinY' V='1.65625' F='Inh'/><Cell N='FillForegnd' V='#ffffff' F='THEMEGUARD(THEMEVAL("Light"))'/><Cell N='FillBkgnd' V='#ffffff' F='THEMEGUARD(SHADE(FillForegnd,LUMDIFF(THEMEVAL("FillColor"),THEMEVAL("FillColor2"))))'/><Cell N='FillGradientEnabled' V='0'/><Cell N='VerticalAlign' V='2'/><Cell N='LineColor' V='#7f7f7f' F='THEMEGUARD(MSOTINT(RGB(255,255,255),-50))'/><Section N='Connection'><Row IX='0'><Cell N='X' V='3.0625' F='Inh'/><Cell N='Y' V='0' F='Inh'/></Row><Row IX='1'><Cell N='X' V='6.125' F='Inh'/><Cell N='Y' V='1.65625' F='Inh'/></Row><Row IX='2'><Cell N='X' V='3.0625' F='Inh'/><Cell N='Y' V='3.3125' F='Inh'/></Row><Row IX='3'><Cell N='X' V='0' F='Inh'/><Cell N='Y' V='1.65625' F='Inh'/></Row><Row IX='4'><Cell N='X' V='3.0625' F='Inh'/><Cell N='Y' V='1.65625' F='Inh'/></Row></Section><Section N='Character'><Row IX='0'><Cell N='Font' V='Arial'/><Cell N='Color' V='#7f7f7f' F='THEMEGUARD(MSOTINT(RGB(255,255,255),-50))'/><Cell N='Style' V='34'/></Row></Section><Section N='Geometry' IX='0'><Row T='MoveTo' IX='1'><Cell N='X' V='0' F='Inh'/><Cell N='Y' V='0' F='Inh'/></Row><Row T='LineTo' IX='2'><Cell N='X' V='6.125' F='Inh'/><Cell N='Y' V='0' F='Inh'/></Row><Row T='LineTo' IX='3'><Cell N='X' V='6.125' F='Inh'/><Cell N='Y' V='3.3125' F='Inh'/></Row><Row T='LineTo' IX='4'><Cell N='X' V='0' F='Inh'/><Cell N='Y' V='3.3125' F='Inh'/></Row><Row T='LineTo' IX='5'><Cell N='X' V='0' F='Inh'/><Cell N='Y' V='0' F='Inh'/></Row></Section><Text><cp IX='0'/>Microsoft best-of-breed BI solution architecture - circa 2010
</Text></Shape><Shape ID='1' NameU='Rectangle' Name='Rectangle' Type='Shape' Master='2'><Cell N='PinX' V='3.3125'/><Cell N='PinY' V='8.8984375'/><Cell N='Width' V='5.875'/><Cell N='Height' V='2.203125'/><Cell N='LocPinX' V='2.9375' F='Inh'/><Cell N='LocPinY' V='1.1015625' F='Inh'/><Cell N='VerticalAlign' V='2'/><Cell N='LineWeight' V='0.02083333333333333' U='PT'/><Cell N='LineColor' V='#000000' F='THEMEGUARD(RGB(0,0,0))'/><Cell N='FillForegnd' V='#fff2cc' F='THEMEGUARD(MSOTINT(THEMEVAL("AccentColor6"),80))'/><Cell N='FillBkgnd' V='#fff5d9' F='THEMEGUARD(SHADE(FillForegnd,LUMDIFF(THEMEVAL("FillColor"),THEMEVAL("FillColor2"))))'/><Cell N='FillGradientEnabled' V='0'/><Section N='Connection'><Row IX='0'><Cell N='X' V='2.9375' F='Inh'/><Cell N='Y' V='0' F='Inh'/></Row><Row IX='1'><Cell N='X' V='5.875' F='Inh'/><Cell N='Y' V='1.1015625' F='Inh'/></Row><Row IX='2'><Cell N='X' V='2.9375' F='Inh'/><Cell N='Y' V='2.203125' F='Inh'/></Row><Row IX='3'><Cell N='X' V='0' F='Inh'/><Cell N='Y' V='1.1015625' F='Inh'/></Row><Row IX='4'><Cell N='X' V='2.9375' F='Inh'/><Cell N='Y' V='1.1015625' F='Inh'/></Row></Section><Section N='Character'><Row IX='0'><Cell N='Font' V='Arial'/><Cell N='Size' V='0.1666666666666667' U='PT'/><Cell N='ComplexScriptFont' V='Arial'/></Row></Section><Section N='Geometry' IX='0'><Row T='MoveTo' IX='1'><Cell N='X' V='0' F='Inh'/><Cell N='Y' V='0' F='Inh'/></Row><Row T='LineTo' IX='2'><Cell N='X' V='5.875' F='Inh'/><Cell N='Y' V='0' F='Inh'/></Row><Row T='LineTo' IX='3'><Cell N='X' V='5.875' F='Inh'/><Cell N='Y' V='2.203125' F='Inh'/></Row><Row T='LineTo' IX='4'><Cell N='X' V='0' F='Inh'/><Cell N='Y' V='2.203125' F='Inh'/></Row><Row T='LineTo' IX='5'><Cell N='X' V='0' F='Inh'/><Cell N='Y' V='0' F='Inh'/></Row></Section><Text><cp IX='0'/>SQL Server Analysis Services
</Text></Shape><Shape ID='2' Type='Shape' Master='2'><Cell N='PinX' V='1.063425317370092'/><Cell N='PinY' V='10.375'/><Cell N='Width' V='1.376850634740183'/><Cell N='Height' V='0.453125'/><Cell N='LocPinX' V='0.6884253173700915' F='Width*0.5'/><Cell N='LocPinY' V='0.2265625' F='Inh'/><Cell N='LineWeight' V='0.01388888888888889' U='PT'/><Cell N='FillForegnd' V='#ebf1df' F='THEMEGUARD(MSOTINT(THEMEVAL("AccentColor2"),80))'/><Cell N='FillBkgnd' V='#f0f4e8' F='THEMEGUARD(SHADE(FillForegnd,LUMDIFF(THEMEVAL("FillColor"),THEMEVAL("FillColor2"))))'/><Cell N='FillGradientEnabled' V='0'/><Section N='Connection'><Row IX='0'><Cell N='X' V='0.6884253173700915' F='Inh'/><Cell N='Y' V='0' F='Inh'/></Row><Row IX='1'><Cell N='X' V='1.376850634740183' F='Inh'/><Cell N='Y' V='0.2265625' F='Inh'/></Row><Row IX='2'><Cell N='X' V='0.6884253173700915' F='Inh'/><Cell N='Y' V='0.453125' F='Inh'/></Row><Row IX='3'><Cell N='X' V='0' F='Inh'/><Cell N='Y' V='0.2265625' F='Inh'/></Row><Row IX='4'><Cell N='X' V='0.6884253173700915' F='Inh'/><Cell N='Y' V='0.2265625' F='Inh'/></Row></Section><Section N='Character'><Row IX='0'><Cell N='Font' V='Arial'/><Cell N='ComplexScriptFont' V='Arial'/></Row></Section><Section N='Geometry' IX='0'><Row T='MoveTo' IX='1'><Cell N='X' V='0' F='Inh'/><Cell N='Y' V='0' F='Inh'/></Row><Row T='LineTo' IX='2'><Cell N='X' V='1.376850634740183' F='Inh'/><Cell N='Y' V='0' F='Inh'/></Row><Row T='LineTo' IX='3'><Cell N='X' V='1.376850634740183' F='Inh'/><Cell N='Y' V='0.453125' F='Inh'/></Row><Row T='LineTo' IX='4'><Cell N='X' V='0' F='Inh'/><Cell N='Y' V='0.453125' F='Inh'/></Row><Row T='LineTo' IX='5'><Cell N='X' V='0' F='Inh'/><Cell N='Y' V='0' F='Inh'/></Row></Section><Text><cp IX='0'/>Excel 2010
</Text></Shape><Shape ID='3' NameU='Can' Name='Can' Type='Group' Master='4'><Cell N='PinX' V='2.078125'/><Cell N='PinY' V='9.03125'/><Cell N='Width' V='2.625'/><Cell N='Height' V='1.6875'/><Cell N='LocPinX' V='1.3125' F='Inh'/><Cell N='LocPinY' V='0.84375' F='Inh'/><Cell N='VerticalAlign' V='2'/><Cell N='LineWeight' V='0.01388888888888889' U='PT'/><Section N='Control'><Row N='Row_1'><Cell N='X' V='1.3125' F='Inh'/><Cell N='Y' V='1.544558823529411' F='BOUND(Height*0.91529411764706,0,FALSE,0,Height)'/></Row></Section><Section N='Connection'><Row IX='0'><Cell N='Y' V='0.84375' F='Inh'/></Row><Row IX='1'><Cell N='X' V='2.625' F='Inh'/><Cell N='Y' V='0.84375' F='Inh'/></Row><Row IX='2'><Cell N='X' V='1.3125' F='Inh'/></Row><Row IX='3'><Cell N='X' V='1.3125' F='Inh'/><Cell N='Y' V='1.6875' F='Inh'/></Row><Row IX='4'><Cell N='X' V='1.3125' F='Inh'/><Cell N='Y' V='1.544558823529411' F='Inh'/></Row></Section><Section N='Character'><Row IX='0'><Cell N='Font' V='Arial'/><Cell N='ComplexScriptFont' V='Arial'/></Row></Section><Section N='Geometry' IX='0'><Row T='Ellipse' IX='1'><Cell N='X' V='1.3125' F='Inh'/><Cell N='Y' V='1.616029411764705' F='Inh'/><Cell N='B' V='1.616029411764705' U='DL' F='Inh'/><Cell N='C' V='1.3125' U='DL' F='Inh'/><Cell N='D' V='1.6875' U='DL' F='Inh'/></Row></Section><Text><cp IX='0'/>
Multidimensional Database
</Text><Shapes><Shape ID='4' Type='Shape' MasterShape='6'><Cell N='PinX' V='1.3125' F='Inh'/><Cell N='PinY' V='0.84375' F='Inh'/><Cell N='Width' V='2.625' F='Inh'/><Cell N='Height' V='1.6875' F='Inh'/><Cell N='LocPinX' V='1.3125' F='Inh'/><Cell N='LocPinY' V='0.84375' F='Inh'/><Cell N='VerticalAlign' V='2'/><Cell N='LineWeight' V='0.01388888888888889' U='PT'/><Section N='User'><Row N='ControlHalfHeight'><Cell N='Value' V='0.0714705882352944' U='DL' F='Inh'/></Row></Section><Section N='Character'><Row IX='0'><Cell N='Font' V='Arial'/><Cell N='ComplexScriptFont' V='Arial'/></Row></Section><Section N='Geometry' IX='0'><Row T='MoveTo' IX='1'><Cell N='Y' V='0.0714705882352944' F='Inh'/></Row><Row T='EllipticalArcTo' IX='2'><Cell N='X' V='2.625' F='Inh'/><Cell N='Y' V='0.0714705882352944' F='Inh'/><Cell N='A' V='1.3125' U='DL' F='Inh'/><Cell N='D' V='18.36419753086413' F='Inh'/></Row><Row T='LineTo' IX='3'><Cell N='X' V='2.625' F='Inh'/><Cell N='Y' V='1.616029411764705' F='Inh'/></Row><Row T='LineTo' IX='4'><Cell N='Y' V='1.616029411764705' F='Inh'/></Row><Row T='LineTo' IX='5'><Cell N='Y' V='0.0714705882352944' F='Inh'/></Row></Section></Shape></Shapes></Shape><Shape ID='5' NameU='Rectangle.5' Name='Rectangle.5' Type='Shape' Master='2'><Cell N='PinX' V='4.063425317370092'/><Cell N='PinY' V='10.375'/><Cell N='Width' V='1.376850634740183'/><Cell N='Height' V='0.453125'/><Cell N='LocPinX' V='0.6884253173700915' F='Width*0.5'/><Cell N='LocPinY' V='0.2265625' F='Inh'/><Cell N='LineWeight' V='0.01388888888888889' U='PT'/><Cell N='FillForegnd' V='#dbeef3' F='THEMEGUARD(MSOTINT(THEMEVAL("AccentColor4"),80))'/><Cell N='FillBkgnd' V='#e4f2f5' F='THEMEGUARD(SHADE(FillForegnd,LUMDIFF(THEMEVAL("FillColor"),THEMEVAL("FillColor2"))))'/><Cell N='FillGradientEnabled' V='0'/><Section N='Connection'><Row IX='0'><Cell N='X' V='0.6884253173700915' F='Inh'/><Cell N='Y' V='0' F='Inh'/></Row><Row IX='1'><Cell N='X' V='1.376850634740183' F='Inh'/><Cell N='Y' V='0.2265625' F='Inh'/></Row><Row IX='2'><Cell N='X' V='0.6884253173700915' F='Inh'/><Cell N='Y' V='0.453125' F='Inh'/></Row><Row IX='3'><Cell N='X' V='0' F='Inh'/><Cell N='Y' V='0.2265625' F='Inh'/></Row><Row IX='4'><Cell N='X' V='0.6884253173700915' F='Inh'/><Cell N='Y' V='0.2265625' F='Inh'/></Row></Section><Section N='Character'><Row IX='0'><Cell N='Font' V='Arial'/><Cell N='ComplexScriptFont' V='Arial'/></Row></Section><Section N='Geometry' IX='0'><Row T='MoveTo' IX='1'><Cell N='X' V='0' F='Inh'/><Cell N='Y' V='0' F='Inh'/></Row><Row T='LineTo' IX='2'><Cell N='X' V='1.376850634740183' F='Inh'/><Cell N='Y' V='0' F='Inh'/></Row><Row T='LineTo' IX='3'><Cell N='X' V='1.376850634740183' F='Inh'/><Cell N='Y' V='0.453125' F='Inh'/></Row><Row T='LineTo' IX='4'><Cell N='X' V='0' F='Inh'/><Cell N='Y' V='0.453125' F='Inh'/></Row><Row T='LineTo' IX='5'><Cell N='X' V='0' F='Inh'/><Cell N='Y' V='0' F='Inh'/></Row></Section><Text><cp IX='0'/>PerformancePoint Services
</Text></Shape><Shape ID='6' NameU='Rectangle.6' Name='Rectangle.6' Type='Shape' Master='2'><Cell N='PinX' V='5.563425317370092'/><Cell N='PinY' V='10.375'/><Cell N='Width' V='1.376850634740183'/><Cell N='Height' V='0.453125'/><Cell N='LocPinX' V='0.6884253173700915' F='Width*0.5'/><Cell N='LocPinY' V='0.2265625' F='Inh'/><Cell N='LineWeight' V='0.01388888888888889' U='PT'/><Cell N='FillForegnd' V='#fcebdd' F='THEMEGUARD(MSOTINT(THEMEVAL("AccentColor5"),80))'/><Cell N='FillBkgnd' V='#fdf0e6' F='THEMEGUARD(SHADE(FillForegnd,LUMDIFF(THEMEVAL("FillColor"),THEMEVAL("FillColor2"))))'/><Cell N='FillGradientEnabled' V='0'/><Section N='Connection'><Row IX='0'><Cell N='X' V='0.6884253173700915' F='Inh'/><Cell N='Y' V='0' F='Inh'/></Row><Row IX='1'><Cell N='X' V='1.376850634740183' F='Inh'/><Cell N='Y' V='0.2265625' F='Inh'/></Row><Row IX='2'><Cell N='X' V='0.6884253173700915' F='Inh'/><Cell N='Y' V='0.453125' F='Inh'/></Row><Row IX='3'><Cell N='X' V='0' F='Inh'/><Cell N='Y' V='0.2265625' F='Inh'/></Row><Row IX='4'><Cell N='X' V='0.6884253173700915' F='Inh'/><Cell N='Y' V='0.2265625' F='Inh'/></Row></Section><Section N='Character'><Row IX='0'><Cell N='Font' V='Arial'/><Cell N='ComplexScriptFont' V='Arial'/></Row></Section><Section N='Geometry' IX='0'><Row T='MoveTo' IX='1'><Cell N='X' V='0' F='Inh'/><Cell N='Y' V='0' F='Inh'/></Row><Row T='LineTo' IX='2'><Cell N='X' V='1.376850634740183' F='Inh'/><Cell N='Y' V='0' F='Inh'/></Row><Row T='LineTo' IX='3'><Cell N='X' V='1.376850634740183' F='Inh'/><Cell N='Y' V='0.453125' F='Inh'/></Row><Row T='LineTo' IX='4'><Cell N='X' V='0' F='Inh'/><Cell N='Y' V='0.453125' F='Inh'/></Row><Row T='LineTo' IX='5'><Cell N='X' V='0' F='Inh'/><Cell N='Y' V='0' F='Inh'/></Row></Section><Text><cp IX='0'/>SQL Server
Reporting Services
</Text></Shape><Shape ID='7' NameU='Rectangle.7' Name='Rectangle.7' Type='Shape' Master='2'><Cell N='PinX' V='2.563425317370092'/><Cell N='PinY' V='10.375'/><Cell N='Width' V='1.376850634740183'/><Cell N='Height' V='0.453125'/><Cell N='LocPinX' V='0.6884253173700915' F='Width*0.5'/><Cell N='LocPinY' V='0.2265625' F='Inh'/><Cell N='LineWeight' V='0.01388888888888889' U='PT'/><Cell N='FillForegnd' V='#eeeaf2' F='THEMEGUARD(MSOTINT(THEMEVAL("AccentColor3"),80))'/><Cell N='FillBkgnd' V='#f2eff5' F='THEMEGUARD(SHADE(FillForegnd,LUMDIFF(THEMEVAL("FillColor"),THEMEVAL("FillColor2"))))'/><Cell N='FillGradientEnabled' V='0'/><Section N='Connection'><Row IX='0'><Cell N='X' V='0.6884253173700915' F='Inh'/><Cell N='Y' V='0' F='Inh'/></Row><Row IX='1'><Cell N='X' V='1.376850634740183' F='Inh'/><Cell N='Y' V='0.2265625' F='Inh'/></Row><Row IX='2'><Cell N='X' V='0.6884253173700915' F='Inh'/><Cell N='Y' V='0.453125' F='Inh'/></Row><Row IX='3'><Cell N='X' V='0' F='Inh'/><Cell N='Y' V='0.2265625' F='Inh'/></Row><Row IX='4'><Cell N='X' V='0.6884253173700915' F='Inh'/><Cell N='Y' V='0.2265625' F='Inh'/></Row></Section><Section N='Character'><Row IX='0'><Cell N='Font' V='Arial'/><Cell N='ComplexScriptFont' V='Arial'/></Row></Section><Section N='Geometry' IX='0'><Row T='MoveTo' IX='1'><Cell N='X' V='0' F='Inh'/><Cell N='Y' V='0' F='Inh'/></Row><Row T='LineTo' IX='2'><Cell N='X' V='1.376850634740183' F='Inh'/><Cell N='Y' V='0' F='Inh'/></Row><Row T='LineTo' IX='3'><Cell N='X' V='1.376850634740183' F='Inh'/><Cell N='Y' V='0.453125' F='Inh'/></Row><Row T='LineTo' IX='4'><Cell N='X' V='0' F='Inh'/><Cell N='Y' V='0.453125' F='Inh'/></Row><Row T='LineTo' IX='5'><Cell N='X' V='0' F='Inh'/><Cell N='Y' V='0' F='Inh'/></Row></Section><Text><cp IX='0'/>Excel Services
</Text></Shape><Shape ID='8' NameU='Square block' Name='Square block' Type='Group' Master='11'><Cell N='PinX' V='1.4375'/><Cell N='PinY' V='9.125'/><Cell N='Width' V='0.75'/><Cell N='Height' V='0.75'/><Cell N='LocPinX' V='0.375' F='Inh'/><Cell N='LocPinY' V='0.375' F='Inh'/><Cell N='TxtPinX' V='0.375' F='Inh'/><Cell N='TxtPinY' V='0.375' F='Inh'/><Cell N='TxtWidth' V='0.75' F='Inh'/><Cell N='TxtHeight' V='0.75' F='Inh'/><Cell N='TxtLocPinX' V='0.375' F='Inh'/><Cell N='TxtLocPinY' V='0.375' F='Inh'/><Section N='Scratch'><Row IX='0'><Cell N='X' V='0.1875' F='Inh'/><Cell N='Y' V='0.1875' F='Inh'/></Row><Row IX='1'><Cell N='X' V='0.1875' F='Inh'/><Cell N='Y' V='0.1875' F='Inh'/></Row></Section><Section N='Character'><Row IX='0'><Cell N='Font' V='Arial'/><Cell N='ComplexScriptFont' V='Arial'/></Row></Section><Text><cp IX='0'/>Sales
Performance 
Cube
</Text><Shapes><Shape ID='9' Type='Shape' MasterShape='6'><Cell N='PinX' V='0.375' F='Inh'/><Cell N='PinY' V='0.375' F='Inh'/><Cell N='Width' V='0.75' F='Inh'/><Cell N='Height' V='0.75' F='Inh'/><Cell N='LocPinX' V='0.375' F='Inh'/><Cell N='LocPinY' V='0.375' F='Inh'/><Section N='Geometry' IX='0'><Row T='LineTo' IX='2'><Cell N='X' V='0.75' F='Inh'/></Row><Row T='LineTo' IX='3'><Cell N='X' V='0.75' F='Inh'/><Cell N='Y' V='0.75' F='Inh'/></Row><Row T='LineTo' IX='4'><Cell N='X' V='0.875' U='IN' F='Inh'/><Cell N='Y' V='0.625' U='IN' F='Inh'/></Row><Row T='LineTo' IX='5'><Cell N='X' V='0.875' U='IN' F='Inh'/></Row><Row T='LineTo' IX='6'><Cell N='X' V='0.75' F='Inh'/></Row><Row T='LineTo' IX='7'><Cell N='X' V='0.875' U='IN' F='Inh'/></Row></Section></Shape><Shape ID='10' Type='Shape' MasterShape='7'><Cell N='PinX' V='0.375' F='Inh'/><Cell N='PinY' V='0.375' F='Inh'/><Cell N='Width' V='0.75' F='Inh'/><Cell N='Height' V='0.75' F='Inh'/><Cell N='LocPinX' V='0.375' F='Inh'/><Cell N='LocPinY' V='0.375' F='Inh'/><Cell N='TxtPinX' V='0.375' F='Inh'/><Cell N='TxtPinY' V='0.375' F='Inh'/><Cell N='TxtWidth' V='0.75' F='Inh'/><Cell N='TxtHeight' V='0.75' F='Inh'/><Cell N='TxtLocPinX' V='0.375' F='Inh'/><Cell N='TxtLocPinY' V='0.375' F='Inh'/><Section N='Character'><Row IX='0'><Cell N='Font' V='Arial'/><Cell N='ComplexScriptFont' V='Arial'/></Row></Section><Section N='Geometry' IX='0'><Row T='LineTo' IX='2'><Cell N='X' V='0.75' F='Inh'/></Row><Row T='LineTo' IX='3'><Cell N='X' V='0.75' F='Inh'/><Cell N='Y' V='0.75' F='Inh'/></Row><Row T='LineTo' IX='4'><Cell N='Y' V='0.75' F='Inh'/></Row></Section></Shape></Shapes></Shape><Shape ID='11' NameU='Can.11' Name='Can.11' Type='Group' Master='4'><Cell N='PinX' V='4.73828125'/><Cell N='PinY' V='9.03125'/><Cell N='Width' V='2.0234375'/><Cell N='Height' V='1.6875'/><Cell N='LocPinX' V='1.01171875' F='Inh'/><Cell N='LocPinY' V='0.84375' F='Inh'/><Cell N='VerticalAlign' V='2'/><Cell N='LineWeight' V='0.01388888888888889' U='PT'/><Section N='Control'><Row N='Row_1'><Cell N='X' V='1.01171875' F='Inh'/><Cell N='Y' V='1.544558823529411' F='BOUND(Height*0.91529411764706,0,FALSE,0,Height)'/></Row></Section><Section N='Connection'><Row IX='0'><Cell N='Y' V='0.84375' F='Inh'/></Row><Row IX='1'><Cell N='X' V='2.0234375' F='Inh'/><Cell N='Y' V='0.84375' F='Inh'/></Row><Row IX='2'><Cell N='X' V='1.01171875' F='Inh'/></Row><Row IX='3'><Cell N='X' V='1.01171875' F='Inh'/><Cell N='Y' V='1.6875' F='Inh'/></Row><Row IX='4'><Cell N='X' V='1.01171875' F='Inh'/><Cell N='Y' V='1.544558823529411' F='Inh'/></Row></Section><Section N='Character'><Row IX='0'><Cell N='Font' V='Arial'/><Cell N='ComplexScriptFont' V='Arial'/></Row></Section><Section N='Geometry' IX='0'><Row T='Ellipse' IX='1'><Cell N='X' V='1.01171875' F='Inh'/><Cell N='Y' V='1.616029411764705' F='Inh'/><Cell N='B' V='1.616029411764705' U='DL' F='Inh'/><Cell N='C' V='1.01171875' U='DL' F='Inh'/><Cell N='D' V='1.6875' U='DL' F='Inh'/></Row></Section><Text><cp IX='0'/>
Multidimensional Database
</Text><Shapes><Shape ID='12' Type='Shape' MasterShape='6'><Cell N='PinX' V='1.01171875' F='Inh'/><Cell N='PinY' V='0.84375' F='Inh'/><Cell N='Width' V='2.0234375' F='Inh'/><Cell N='Height' V='1.6875' F='Inh'/><Cell N='LocPinX' V='1.01171875' F='Inh'/><Cell N='LocPinY' V='0.84375' F='Inh'/><Cell N='VerticalAlign' V='2'/><Cell N='LineWeight' V='0.01388888888888889' U='PT'/><Section N='User'><Row N='ControlHalfHeight'><Cell N='Value' V='0.0714705882352944' U='DL' F='Inh'/></Row></Section><Section N='Character'><Row IX='0'><Cell N='Font' V='Arial'/><Cell N='ComplexScriptFont' V='Arial'/></Row></Section><Section N='Geometry' IX='0'><Row T='MoveTo' IX='1'><Cell N='Y' V='0.0714705882352944' F='Inh'/></Row><Row T='EllipticalArcTo' IX='2'><Cell N='X' V='2.0234375' F='Inh'/><Cell N='Y' V='0.0714705882352944' F='Inh'/><Cell N='A' V='1.01171875' U='DL' F='Inh'/><Cell N='D' V='14.15573559670776' F='Inh'/></Row><Row T='LineTo' IX='3'><Cell N='X' V='2.0234375' F='Inh'/><Cell N='Y' V='1.616029411764705' F='Inh'/></Row><Row T='LineTo' IX='4'><Cell N='Y' V='1.616029411764705' F='Inh'/></Row><Row T='LineTo' IX='5'><Cell N='Y' V='0.0714705882352944' F='Inh'/></Row></Section></Shape></Shapes></Shape><Shape ID='13' NameU='Square block.13' Name='Square block.13' Type='Group' Master='11'><Cell N='PinX' V='4.6875'/><Cell N='PinY' V='9.125'/><Cell N='Width' V='0.75'/><Cell N='Height' V='0.75'/><Cell N='LocPinX' V='0.375' F='Inh'/><Cell N='LocPinY' V='0.375' F='Inh'/><Cell N='TxtPinX' V='0.375' F='Inh'/><Cell N='TxtPinY' V='0.375' F='Inh'/><Cell N='TxtWidth' V='0.75' F='Inh'/><Cell N='TxtHeight' V='0.75' F='Inh'/><Cell N='TxtLocPinX' V='0.375' F='Inh'/><Cell N='TxtLocPinY' V='0.375' F='Inh'/><Section N='Scratch'><Row IX='0'><Cell N='X' V='0.1875' F='Inh'/><Cell N='Y' V='0.1875' F='Inh'/></Row><Row IX='1'><Cell N='X' V='0.1875' F='Inh'/><Cell N='Y' V='0.1875' F='Inh'/></Row></Section><Section N='Character'><Row IX='0'><Cell N='Font' V='Arial'/><Cell N='ComplexScriptFont' V='Arial'/></Row></Section><Text><cp IX='0'/>Customer
Satisfaction
Cube
</Text><Shapes><Shape ID='14' Type='Shape' MasterShape='6'><Cell N='PinX' V='0.375' F='Inh'/><Cell N='PinY' V='0.375' F='Inh'/><Cell N='Width' V='0.75' F='Inh'/><Cell N='Height' V='0.75' F='Inh'/><Cell N='LocPinX' V='0.375' F='Inh'/><Cell N='LocPinY' V='0.375' F='Inh'/><Section N='Geometry' IX='0'><Row T='LineTo' IX='2'><Cell N='X' V='0.75' F='Inh'/></Row><Row T='LineTo' IX='3'><Cell N='X' V='0.75' F='Inh'/><Cell N='Y' V='0.75' F='Inh'/></Row><Row T='LineTo' IX='4'><Cell N='X' V='0.875' U='IN' F='Inh'/><Cell N='Y' V='0.625' U='IN' F='Inh'/></Row><Row T='LineTo' IX='5'><Cell N='X' V='0.875' U='IN' F='Inh'/></Row><Row T='LineTo' IX='6'><Cell N='X' V='0.75' F='Inh'/></Row><Row T='LineTo' IX='7'><Cell N='X' V='0.875' U='IN' F='Inh'/></Row></Section></Shape><Shape ID='15' Type='Shape' MasterShape='7'><Cell N='PinX' V='0.375' F='Inh'/><Cell N='PinY' V='0.375' F='Inh'/><Cell N='Width' V='0.75' F='Inh'/><Cell N='Height' V='0.75' F='Inh'/><Cell N='LocPinX' V='0.375' F='Inh'/><Cell N='LocPinY' V='0.375' F='Inh'/><Cell N='TxtPinX' V='0.375' F='Inh'/><Cell N='TxtPinY' V='0.375' F='Inh'/><Cell N='TxtWidth' V='0.75' F='Inh'/><Cell N='TxtHeight' V='0.75' F='Inh'/><Cell N='TxtLocPinX' V='0.375' F='Inh'/><Cell N='TxtLocPinY' V='0.375' F='Inh'/><Section N='Character'><Row IX='0'><Cell N='Font' V='Arial'/><Cell N='ComplexScriptFont' V='Arial'/></Row></Section><Section N='Geometry' IX='0'><Row T='LineTo' IX='2'><Cell N='X' V='0.75' F='Inh'/></Row><Row T='LineTo' IX='3'><Cell N='X' V='0.75' F='Inh'/><Cell N='Y' V='0.75' F='Inh'/></Row><Row T='LineTo' IX='4'><Cell N='Y' V='0.75' F='Inh'/></Row></Section></Shape></Shapes></Shape><Shape ID='19' NameU='Square block.19' Name='Square block.19' Type='Group' Master='11'><Cell N='PinX' V='2.5625'/><Cell N='PinY' V='9.125'/><Cell N='Width' V='0.75'/><Cell N='Height' V='0.75'/><Cell N='LocPinX' V='0.375' F='Inh'/><Cell N='LocPinY' V='0.375' F='Inh'/><Cell N='TxtPinX' V='0.375' F='Inh'/><Cell N='TxtPinY' V='0.375' F='Inh'/><Cell N='TxtWidth' V='0.75' F='Inh'/><Cell N='TxtHeight' V='0.75' F='Inh'/><Cell N='TxtLocPinX' V='0.375' F='Inh'/><Cell N='TxtLocPinY' V='0.375' F='Inh'/><Section N='Scratch'><Row IX='0'><Cell N='X' V='0.1875' F='Inh'/><Cell N='Y' V='0.1875' F='Inh'/></Row><Row IX='1'><Cell N='X' V='0.1875' F='Inh'/><Cell N='Y' V='0.1875' F='Inh'/></Row></Section><Section N='Character'><Row IX='0'><Cell N='Font' V='Arial'/><Cell N='ComplexScriptFont' V='Arial'/></Row></Section><Text><cp IX='0'/>Expense
Monitoring
Cube
</Text><Shapes><Shape ID='20' Type='Shape' MasterShape='6'><Cell N='PinX' V='0.375' F='Inh'/><Cell N='PinY' V='0.375' F='Inh'/><Cell N='Width' V='0.75' F='Inh'/><Cell N='Height' V='0.75' F='Inh'/><Cell N='LocPinX' V='0.375' F='Inh'/><Cell N='LocPinY' V='0.375' F='Inh'/><Section N='Geometry' IX='0'><Row T='LineTo' IX='2'><Cell N='X' V='0.75' F='Inh'/></Row><Row T='LineTo' IX='3'><Cell N='X' V='0.75' F='Inh'/><Cell N='Y' V='0.75' F='Inh'/></Row><Row T='LineTo' IX='4'><Cell N='X' V='0.875' U='IN' F='Inh'/><Cell N='Y' V='0.625' U='IN' F='Inh'/></Row><Row T='LineTo' IX='5'><Cell N='X' V='0.875' U='IN' F='Inh'/></Row><Row T='LineTo' IX='6'><Cell N='X' V='0.75' F='Inh'/></Row><Row T='LineTo' IX='7'><Cell N='X' V='0.875' U='IN' F='Inh'/></Row></Section></Shape><Shape ID='21' Type='Shape' MasterShape='7'><Cell N='PinX' V='0.375' F='Inh'/><Cell N='PinY' V='0.375' F='Inh'/><Cell N='Width' V='0.75' F='Inh'/><Cell N='Height' V='0.75' F='Inh'/><Cell N='LocPinX' V='0.375' F='Inh'/><Cell N='LocPinY' V='0.375' F='Inh'/><Cell N='TxtPinX' V='0.375' F='Inh'/><Cell N='TxtPinY' V='0.375' F='Inh'/><Cell N='TxtWidth' V='0.75' F='Inh'/><Cell N='TxtHeight' V='0.75' F='Inh'/><Cell N='TxtLocPinX' V='0.375' F='Inh'/><Cell N='TxtLocPinY' V='0.375' F='Inh'/><Section N='Character'><Row IX='0'><Cell N='Font' V='Arial'/><Cell N='ComplexScriptFont' V='Arial'/></Row></Section><Section N='Geometry' IX='0'><Row T='LineTo' IX='2'><Cell N='X' V='0.75' F='Inh'/></Row><Row T='LineTo' IX='3'><Cell N='X' V='0.75' F='Inh'/><Cell N='Y' V='0.75' F='Inh'/></Row><Row T='LineTo' IX='4'><Cell N='Y' V='0.75' F='Inh'/></Row></Section></Shape></Shapes></Shape></Shapes></PageContents>