<?xml version='1.0' encoding='utf-8' ?>
<PageContents xmlns='http://schemas.microsoft.com/office/visio/2012/main' xmlns:r='http://schemas.openxmlformats.org/officeDocument/2006/relationships' xml:space='preserve'><Shapes><Shape ID='40' Type='Shape' Master='2'><Cell N='PinX' V='4.0625'/><Cell N='PinY' V='8.71875'/><Cell N='Width' V='7.625'/><Cell N='Height' V='4.0625'/><Cell N='LocPinX' V='3.8125' F='Inh'/><Cell N='LocPinY' V='2.03125' F='Inh'/><Cell N='LineColor' V='#7f7f7f' F='THEMEGUARD(MSOTINT(RGB(255,255,255),-50))'/><Section N='Connection'><Row IX='0'><Cell N='X' V='3.8125' F='Inh'/><Cell N='Y' V='0' F='Inh'/></Row><Row IX='1'><Cell N='X' V='7.625' F='Inh'/><Cell N='Y' V='2.03125' F='Inh'/></Row><Row IX='2'><Cell N='X' V='3.8125' F='Inh'/><Cell N='Y' V='4.0625' F='Inh'/></Row><Row IX='3'><Cell N='X' V='0' F='Inh'/><Cell N='Y' V='2.03125' F='Inh'/></Row><Row IX='4'><Cell N='X' V='3.8125' F='Inh'/><Cell N='Y' V='2.03125' F='Inh'/></Row></Section><Section N='Geometry' IX='0'><Row T='MoveTo' IX='1'><Cell N='X' V='0' F='Inh'/><Cell N='Y' V='0' F='Inh'/></Row><Row T='LineTo' IX='2'><Cell N='X' V='7.625' F='Inh'/><Cell N='Y' V='0' F='Inh'/></Row><Row T='LineTo' IX='3'><Cell N='X' V='7.625' F='Inh'/><Cell N='Y' V='4.0625' F='Inh'/></Row><Row T='LineTo' IX='4'><Cell N='X' V='0' F='Inh'/><Cell N='Y' V='4.0625' F='Inh'/></Row><Row T='LineTo' IX='5'><Cell N='X' V='0' F='Inh'/><Cell N='Y' V='0' F='Inh'/></Row></Section></Shape><Shape ID='39' NameU='Rectangle.39' Name='Rectangle.39' Type='Shape' Master='2'><Cell N='PinX' V='1.984730680301082'/><Cell N='PinY' V='9.528399525714461'/><Cell N='Width' V='3.190624126710265'/><Cell N='Height' V='2.193200948571081'/><Cell N='LocPinX' V='1.595312063355132' F='Width*0.5'/><Cell N='LocPinY' V='1.09660047428554' F='Height*0.5'/><Cell N='VerticalAlign' V='0'/><Cell N='LineWeight' V='0.03125' U='PT'/><Cell N='FillForegnd' V='#fff2cc' F='THEMEGUARD(MSOTINT(THEMEVAL("AccentColor6"),80))'/><Cell N='FillBkgnd' V='#fff5d9' F='THEMEGUARD(SHADE(FillForegnd,LUMDIFF(THEMEVAL("FillColor"),THEMEVAL("FillColor2"))))'/><Cell N='FillGradientEnabled' V='0'/><Section N='Connection'><Row IX='0'><Cell N='X' V='1.595312063355132' F='Inh'/><Cell N='Y' V='0' F='Inh'/></Row><Row IX='1'><Cell N='X' V='3.190624126710265' F='Inh'/><Cell N='Y' V='1.09660047428554' F='Inh'/></Row><Row IX='2'><Cell N='X' V='1.595312063355132' F='Inh'/><Cell N='Y' V='2.193200948571081' F='Inh'/></Row><Row IX='3'><Cell N='X' V='0' F='Inh'/><Cell N='Y' V='1.09660047428554' F='Inh'/></Row><Row IX='4'><Cell N='X' V='1.595312063355132' F='Inh'/><Cell N='Y' V='1.09660047428554' F='Inh'/></Row></Section><Section N='Character'><Row IX='0'><Cell N='Font' V='Arial'/><Cell N='ComplexScriptFont' V='Arial'/></Row></Section><Section N='Geometry' IX='0'><Row T='MoveTo' IX='1'><Cell N='X' V='0' F='Inh'/><Cell N='Y' V='0' F='Inh'/></Row><Row T='LineTo' IX='2'><Cell N='X' V='3.190624126710265' F='Inh'/><Cell N='Y' V='0' F='Inh'/></Row><Row T='LineTo' IX='3'><Cell N='X' V='3.190624126710265' F='Inh'/><Cell N='Y' V='2.193200948571081' F='Inh'/></Row><Row T='LineTo' IX='4'><Cell N='X' V='0' F='Inh'/><Cell N='Y' V='2.193200948571081' F='Inh'/></Row><Row T='LineTo' IX='5'><Cell N='X' V='0' F='Inh'/><Cell N='Y' V='0' F='Inh'/></Row></Section><Text><cp IX='0'/>Excel 2013 running on user’s desktop
</Text></Shape><Shape ID='22' NameU='Rectangle.22' Name='Rectangle.22' Type='Shape' Master='2'><Cell N='PinX' V='6.696696723204592'/><Cell N='PinY' V='7.562948608137878'/><Cell N='Width' V='2.077769319698918'/><Cell N='Height' V='1.415818805981397'/><Cell N='LocPinX' V='1.038884659849459' F='Width*0.5'/><Cell N='LocPinY' V='0.7079094029906987' F='Height*0.5'/><Cell N='VerticalAlign' V='2'/><Cell N='LineWeight' V='0.03125' U='PT'/><Cell N='FillForegnd' V='#fff2cc' F='THEMEGUARD(MSOTINT(THEMEVAL("AccentColor6"),80))'/><Cell N='FillBkgnd' V='#fff5d9' F='THEMEGUARD(SHADE(FillForegnd,LUMDIFF(THEMEVAL("FillColor"),THEMEVAL("FillColor2"))))'/><Cell N='FillGradientEnabled' V='0'/><Section N='Connection'><Row IX='0'><Cell N='X' V='1.038884659849459' F='Inh'/><Cell N='Y' V='0' F='Inh'/></Row><Row IX='1'><Cell N='X' V='2.077769319698918' F='Inh'/><Cell N='Y' V='0.7079094029906987' F='Inh'/></Row><Row IX='2'><Cell N='X' V='1.038884659849459' F='Inh'/><Cell N='Y' V='1.415818805981397' F='Inh'/></Row><Row IX='3'><Cell N='X' V='0' F='Inh'/><Cell N='Y' V='0.7079094029906987' F='Inh'/></Row><Row IX='4'><Cell N='X' V='1.038884659849459' F='Inh'/><Cell N='Y' V='0.7079094029906987' F='Inh'/></Row></Section><Section N='Character'><Row IX='0'><Cell N='Font' V='Arial'/><Cell N='ComplexScriptFont' V='Arial'/></Row></Section><Section N='Geometry' IX='0'><Row T='MoveTo' IX='1'><Cell N='X' V='0' F='Inh'/><Cell N='Y' V='0' F='Inh'/></Row><Row T='LineTo' IX='2'><Cell N='X' V='2.077769319698918' F='Inh'/><Cell N='Y' V='0' F='Inh'/></Row><Row T='LineTo' IX='3'><Cell N='X' V='2.077769319698918' F='Inh'/><Cell N='Y' V='1.415818805981397' F='Inh'/></Row><Row T='LineTo' IX='4'><Cell N='X' V='0' F='Inh'/><Cell N='Y' V='1.415818805981397' F='Inh'/></Row><Row T='LineTo' IX='5'><Cell N='X' V='0' F='Inh'/><Cell N='Y' V='0' F='Inh'/></Row></Section><Text><cp IX='0'/>SQL Server Analysis Services
</Text></Shape><Shape ID='14' NameU='Rectangle.14' Name='Rectangle.14' Type='Shape' Master='2'><Cell N='PinX' V='6.004106949971617'/><Cell N='PinY' V='9.509966669206909'/><Cell N='Width' V='3.462948866164865'/><Cell N='Height' V='2.193200948571081'/><Cell N='LocPinX' V='1.731474433082432' F='Width*0.5'/><Cell N='LocPinY' V='1.09660047428554' F='Height*0.5'/><Cell N='VerticalAlign' V='0'/><Cell N='LineWeight' V='0.03125' U='PT'/><Cell N='FillForegnd' V='#fff2cc' F='THEMEGUARD(MSOTINT(THEMEVAL("AccentColor6"),80))'/><Cell N='FillBkgnd' V='#fff5d9' F='THEMEGUARD(SHADE(FillForegnd,LUMDIFF(THEMEVAL("FillColor"),THEMEVAL("FillColor2"))))'/><Cell N='FillGradientEnabled' V='0'/><Section N='Connection'><Row IX='0'><Cell N='X' V='1.731474433082432' F='Inh'/><Cell N='Y' V='0' F='Inh'/></Row><Row IX='1'><Cell N='X' V='3.462948866164865' F='Inh'/><Cell N='Y' V='1.09660047428554' F='Inh'/></Row><Row IX='2'><Cell N='X' V='1.731474433082432' F='Inh'/><Cell N='Y' V='2.193200948571081' F='Inh'/></Row><Row IX='3'><Cell N='X' V='0' F='Inh'/><Cell N='Y' V='1.09660047428554' F='Inh'/></Row><Row IX='4'><Cell N='X' V='1.731474433082432' F='Inh'/><Cell N='Y' V='1.09660047428554' F='Inh'/></Row></Section><Section N='Character'><Row IX='0'><Cell N='Font' V='Arial'/><Cell N='ComplexScriptFont' V='Arial'/></Row></Section><Section N='Geometry' IX='0'><Row T='MoveTo' IX='1'><Cell N='X' V='0' F='Inh'/><Cell N='Y' V='0' F='Inh'/></Row><Row T='LineTo' IX='2'><Cell N='X' V='3.462948866164865' F='Inh'/><Cell N='Y' V='0' F='Inh'/></Row><Row T='LineTo' IX='3'><Cell N='X' V='3.462948866164865' F='Inh'/><Cell N='Y' V='2.193200948571081' F='Inh'/></Row><Row T='LineTo' IX='4'><Cell N='X' V='0' F='Inh'/><Cell N='Y' V='2.193200948571081' F='Inh'/></Row><Row T='LineTo' IX='5'><Cell N='X' V='0' F='Inh'/><Cell N='Y' V='0' F='Inh'/></Row></Section><Text><cp IX='0'/>Excel Services in SharePoint Server 2013
</Text></Shape><Shape ID='16' NameU='Can.16' Name='Can.16' Type='Group' Master='4'><Cell N='PinX' V='6.696696723204592'/><Cell N='PinY' V='7.589080537652356'/><Cell N='Width' V='1.183174195939662'/><Cell N='Height' V='0.7251182835607289'/><Cell N='LocPinX' V='0.591587097969831' F='Width*0.5'/><Cell N='LocPinY' V='0.3625591417803645' F='Height*0.5'/><Cell N='LineWeight' V='0.02083333333333333' U='PT'/><Cell N='LineColor' V='#612621' F='THEMEGUARD(MSOTINT(THEMEVAL("AccentColor"),-50))'/><Cell N='FillForegnd' V='#f9c499' F='THEMEGUARD(MSOTINT(THEMEVAL("AccentColor5"),40))'/><Cell N='FillBkgnd' V='#fbd5b5' F='THEMEGUARD(SHADE(FillForegnd,LUMDIFF(THEMEVAL("FillColor"),THEMEVAL("FillColor2"))))'/><Cell N='FillGradientEnabled' V='0'/><Cell N='TopMargin' V='0.1666666666666667' U='PT'/><Section N='Control'><Row N='Row_1'><Cell N='X' V='0.591587097969831' F='Inh'/><Cell N='Y' V='0.5800946268485832' F='Inh'/></Row></Section><Section N='Connection'><Row IX='0'><Cell N='Y' V='0.3625591417803645' F='Inh'/></Row><Row IX='1'><Cell N='X' V='1.183174195939662' F='Inh'/><Cell N='Y' V='0.3625591417803645' F='Inh'/></Row><Row IX='2'><Cell N='X' V='0.591587097969831' F='Inh'/></Row><Row IX='3'><Cell N='X' V='0.591587097969831' F='Inh'/><Cell N='Y' V='0.7251182835607289' F='Inh'/></Row><Row IX='4'><Cell N='X' V='0.591587097969831' F='Inh'/><Cell N='Y' V='0.5800946268485832' F='Inh'/></Row></Section><Section N='Character'><Row IX='0'><Cell N='Font' V='Arial'/><Cell N='Size' V='0.125' U='PT'/><Cell N='ComplexScriptFont' V='Arial'/></Row><Row IX='1'><Cell N='Font' V='Arial'/><Cell N='Color' V='Themed' F='THEMEVAL()'/><Cell N='Style' V='Themed' F='THEMEVAL()'/><Cell N='Case' V='0'/><Cell N='Pos' V='0'/><Cell N='FontScale' V='1'/><Cell N='Size' V='0.08333333333333333' U='PT'/><Cell N='DblUnderline' V='0'/><Cell N='Overline' V='0'/><Cell N='Strikethru' V='0'/><Cell N='DoubleStrikethrough' V='0'/><Cell N='Letterspace' V='0'/><Cell N='ColorTrans' V='0'/><Cell N='AsianFont' V='Themed' F='THEMEVAL()'/><Cell N='ComplexScriptFont' V='Arial'/><Cell N='ComplexScriptSize' V='-1'/><Cell N='LangID' V='en-US'/></Row><Row IX='2'><Cell N='Font' V='Arial'/><Cell N='Color' V='Themed' F='THEMEVAL()'/><Cell N='Style' V='Themed' F='THEMEVAL()'/><Cell N='Case' V='0'/><Cell N='Pos' V='0'/><Cell N='FontScale' V='1'/><Cell N='Size' V='0.1111111111111111' U='PT'/><Cell N='DblUnderline' V='0'/><Cell N='Overline' V='0'/><Cell N='Strikethru' V='0'/><Cell N='DoubleStrikethrough' V='0'/><Cell N='Letterspace' V='0'/><Cell N='ColorTrans' V='0'/><Cell N='AsianFont' V='Themed' F='THEMEVAL()'/><Cell N='ComplexScriptFont' V='Arial'/><Cell N='ComplexScriptSize' V='-1'/><Cell N='LangID' V='en-US'/></Row></Section><Section N='Paragraph'><Row IX='0'><Cell N='IndLeft' V='0' U='IN'/><Cell N='SpLine' V='-1'/><Cell N='SpBefore' V='0.3333333333333333' U='PT'/></Row><Row IX='1'><Cell N='IndFirst' V='0'/><Cell N='IndLeft' V='0'/><Cell N='IndRight' V='0'/><Cell N='SpLine' V='-1'/><Cell N='SpBefore' V='0.02777777777777778' U='PT'/><Cell N='SpAfter' V='0'/><Cell N='HorzAlign' V='1'/><Cell N='Bullet' V='0'/><Cell N='BulletStr' V=''/><Cell N='BulletFont' V='0'/><Cell N='BulletFontSize' V='-1'/><Cell N='TextPosAfterBullet' V='0'/><Cell N='Flags' V='0'/></Row></Section><Section N='Geometry' IX='0'><Row T='Ellipse' IX='1'><Cell N='X' V='0.591587097969831' F='Inh'/><Cell N='Y' V='0.652606455204656' F='Inh'/><Cell N='B' V='0.652606455204656' U='DL' F='Inh'/><Cell N='C' V='0.591587097969831' U='DL' F='Inh'/><Cell N='D' V='0.7251182835607289' U='DL' F='Inh'/></Row></Section><Text><cp IX='0'/><pp IX='0'/>Data Model
<cp IX='1'/><pp IX='1'/>(i.e. Tabular Database)<cp IX='2'/>
</Text><Shapes><Shape ID='17' Type='Shape' MasterShape='6'><Cell N='PinX' V='0.591587097969831' F='Inh'/><Cell N='PinY' V='0.3625591417803645' F='Inh'/><Cell N='Width' V='1.183174195939662' F='Inh'/><Cell N='Height' V='0.7251182835607289' F='Inh'/><Cell N='LocPinX' V='0.591587097969831' F='Inh'/><Cell N='LocPinY' V='0.3625591417803645' F='Inh'/><Cell N='LineWeight' V='0.02083333333333333' U='PT'/><Cell N='LineColor' V='#612621' F='THEMEGUARD(MSOTINT(THEMEVAL("AccentColor"),-50))'/><Cell N='FillForegnd' V='#f9c499' F='THEMEGUARD(MSOTINT(THEMEVAL("AccentColor5"),40))'/><Cell N='FillBkgnd' V='#fbd5b5' F='THEMEGUARD(SHADE(FillForegnd,LUMDIFF(THEMEVAL("FillColor"),THEMEVAL("FillColor2"))))'/><Cell N='FillGradientEnabled' V='0'/><Section N='User'><Row N='ControlHalfHeight'><Cell N='Value' V='0.07251182835607289' U='DL' F='Inh'/></Row><Row N='FillForegnd'><Cell N='Value' V='#f9c499' U='COLOR' F='Inh'/></Row></Section><Section N='FillGradient'><Row IX='0'><Cell N='GradientStopColor' V='#f5a767' F='Inh'/></Row><Row IX='1'><Cell N='GradientStopColor' V='#f5a767' F='Inh'/></Row><Row IX='2'><Cell N='GradientStopColor' V='#f5a767' F='Inh'/></Row><Row IX='3'><Cell N='GradientStopColor' V='#f5a767' F='Inh'/></Row><Row IX='4'><Cell N='GradientStopColor' V='#f5a767' F='Inh'/></Row><Row IX='5'><Cell N='GradientStopColor' V='#f5a767' F='Inh'/></Row><Row IX='6'><Cell N='GradientStopColor' V='#f5a767' F='Inh'/></Row><Row IX='7'><Cell N='GradientStopColor' V='#f5a767' F='Inh'/></Row><Row IX='8'><Cell N='GradientStopColor' V='#f5a767' F='Inh'/></Row><Row IX='9'><Cell N='GradientStopColor' V='#f5a767' F='Inh'/></Row></Section><Section N='Character'><Row IX='0'><Cell N='Font' V='Arial'/><Cell N='Size' V='0.125'/><Cell N='ComplexScriptFont' V='Arial'/></Row></Section><Section N='Geometry' IX='0'><Row T='MoveTo' IX='1'><Cell N='Y' V='0.07251182835607289' F='Inh'/></Row><Row T='EllipticalArcTo' IX='2'><Cell N='X' V='1.183174195939662' F='Inh'/><Cell N='Y' V='0.07251182835607289' F='Inh'/><Cell N='A' V='0.591587097969831' U='DL' F='Inh'/><Cell N='D' V='8.158490985288822' F='Inh'/></Row><Row T='LineTo' IX='3'><Cell N='X' V='1.183174195939662' F='Inh'/><Cell N='Y' V='0.652606455204656' F='Inh'/></Row><Row T='LineTo' IX='4'><Cell N='Y' V='0.652606455204656' F='Inh'/></Row><Row T='LineTo' IX='5'><Cell N='Y' V='0.07251182835607289' F='Inh'/></Row></Section></Shape></Shapes></Shape><Shape ID='23' NameU='Rectangle' Name='Rectangle' Type='Shape' Master='2'><Cell N='PinX' V='2.021715753882026'/><Cell N='PinY' V='9.465789132231139'/><Cell N='Width' V='2.885790721804054'/><Cell N='Height' V='1.704397878161803'/><Cell N='LocPinX' V='1.442895360902027' F='Width*0.5'/><Cell N='LocPinY' V='0.8521989390809014' F='Height*0.5'/><Cell N='VerticalAlign' V='0'/><Cell N='LineWeight' V='0.02083333333333333' U='PT'/><Cell N='LineColor' V='#595959' F='THEMEGUARD(MSOTINT(RGB(0,0,0),35))'/><Cell N='FillForegnd' V='#f2f2f2' F='THEMEGUARD(MSOTINT(RGB(255,255,255),-5))'/><Cell N='FillBkgnd' V='#f5f5f5' F='THEMEGUARD(SHADE(FillForegnd,LUMDIFF(THEMEVAL("FillColor"),THEMEVAL("FillColor2"))))'/><Cell N='FillGradientEnabled' V='0'/><Section N='Connection'><Row IX='0'><Cell N='X' V='1.442895360902027' F='Inh'/><Cell N='Y' V='0' F='Inh'/></Row><Row IX='1'><Cell N='X' V='2.885790721804054' F='Inh'/><Cell N='Y' V='0.8521989390809014' F='Inh'/></Row><Row IX='2'><Cell N='X' V='1.442895360902027' F='Inh'/><Cell N='Y' V='1.704397878161803' F='Inh'/></Row><Row IX='3'><Cell N='X' V='0' F='Inh'/><Cell N='Y' V='0.8521989390809014' F='Inh'/></Row><Row IX='4'><Cell N='X' V='1.442895360902027' F='Inh'/><Cell N='Y' V='0.8521989390809014' F='Inh'/></Row></Section><Section N='Character'><Row IX='0'><Cell N='Font' V='Arial'/><Cell N='Color' V='#3f3f3f' F='THEMEGUARD(MSOTINT(RGB(0,0,0),25))'/><Cell N='Size' V='0.1111111111111111' U='PT'/><Cell N='ComplexScriptFont' V='Arial'/></Row></Section><Section N='Geometry' IX='0'><Row T='MoveTo' IX='1'><Cell N='X' V='0' F='Inh'/><Cell N='Y' V='0' F='Inh'/></Row><Row T='LineTo' IX='2'><Cell N='X' V='2.885790721804054' F='Inh'/><Cell N='Y' V='0' F='Inh'/></Row><Row T='LineTo' IX='3'><Cell N='X' V='2.885790721804054' F='Inh'/><Cell N='Y' V='1.704397878161803' F='Inh'/></Row><Row T='LineTo' IX='4'><Cell N='X' V='0' F='Inh'/><Cell N='Y' V='1.704397878161803' F='Inh'/></Row><Row T='LineTo' IX='5'><Cell N='X' V='0' F='Inh'/><Cell N='Y' V='0' F='Inh'/></Row></Section><Text><cp IX='0'/>Excel Workbook File - WingtipSalesModel.xlsx
</Text></Shape><Shape ID='24' NameU='Can.12' IsCustomNameU='1' Name='Can.12' IsCustomName='1' Type='Group' Master='4'><Cell N='PinX' V='2.661577499111664'/><Cell N='PinY' V='9.424863699106879'/><Cell N='Width' V='1.028909086983965'/><Cell N='Height' V='0.7251182835607291'/><Cell N='LocPinX' V='0.5144545434919827' F='Width*0.5'/><Cell N='LocPinY' V='0.3625591417803645' F='Height*0.5'/><Cell N='LineWeight' V='0.01388888888888889' U='PT'/><Cell N='LineColor' V='#000000' F='THEMEGUARD(RGB(0,0,0))'/><Cell N='FillForegnd' V='#f9c499' F='THEMEGUARD(MSOTINT(THEMEVAL("AccentColor5"),40))'/><Cell N='FillBkgnd' V='#fbd5b5' F='THEMEGUARD(SHADE(FillForegnd,LUMDIFF(THEMEVAL("FillColor"),THEMEVAL("FillColor2"))))'/><Cell N='FillGradientEnabled' V='0'/><Section N='Control'><Row N='Row_1'><Cell N='X' V='0.5144545434919827' F='Inh'/><Cell N='Y' V='0.5800946268485833' F='Inh'/></Row></Section><Section N='Connection'><Row IX='0'><Cell N='Y' V='0.3625591417803645' F='Inh'/></Row><Row IX='1'><Cell N='X' V='1.028909086983965' F='Inh'/><Cell N='Y' V='0.3625591417803645' F='Inh'/></Row><Row IX='2'><Cell N='X' V='0.5144545434919827' F='Inh'/></Row><Row IX='3'><Cell N='X' V='0.5144545434919827' F='Inh'/><Cell N='Y' V='0.7251182835607291' F='Inh'/></Row><Row IX='4'><Cell N='X' V='0.5144545434919827' F='Inh'/><Cell N='Y' V='0.5800946268485833' F='Inh'/></Row></Section><Section N='Character'><Row IX='0'><Cell N='Font' V='Arial'/><Cell N='Size' V='0.125' U='PT'/><Cell N='ComplexScriptFont' V='Arial'/></Row><Row IX='1'><Cell N='Font' V='Arial'/><Cell N='Color' V='Themed' F='THEMEVAL()'/><Cell N='Style' V='Themed' F='THEMEVAL()'/><Cell N='Case' V='0'/><Cell N='Pos' V='0'/><Cell N='FontScale' V='1'/><Cell N='Size' V='0.08333333333333333' U='PT'/><Cell N='DblUnderline' V='0'/><Cell N='Overline' V='0'/><Cell N='Strikethru' V='0'/><Cell N='DoubleStrikethrough' V='0'/><Cell N='Letterspace' V='0'/><Cell N='ColorTrans' V='0'/><Cell N='AsianFont' V='Themed' F='THEMEVAL()'/><Cell N='ComplexScriptFont' V='Arial'/><Cell N='ComplexScriptSize' V='-1'/><Cell N='LangID' V='en-US'/></Row></Section><Section N='Paragraph'><Row IX='0'><Cell N='IndLeft' V='0' U='IN'/><Cell N='SpLine' V='-1.8'/><Cell N='SpBefore' V='0.1666666666666667' U='PT'/></Row></Section><Section N='Geometry' IX='0'><Row T='Ellipse' IX='1'><Cell N='X' V='0.5144545434919827' F='Inh'/><Cell N='Y' V='0.6526064552046562' F='Inh'/><Cell N='B' V='0.6526064552046562' U='DL' F='Inh'/><Cell N='C' V='0.5144545434919827' U='DL' F='Inh'/><Cell N='D' V='0.7251182835607291' U='DL' F='Inh'/></Row></Section><Text><cp IX='0'/><pp IX='0'/>Data Model<cp IX='1'/>
</Text><Shapes><Shape ID='25' Type='Shape' MasterShape='6'><Cell N='PinX' V='0.5144545434919827' F='Inh'/><Cell N='PinY' V='0.3625591417803645' F='Inh'/><Cell N='Width' V='1.028909086983965' F='Inh'/><Cell N='Height' V='0.7251182835607291' F='Inh'/><Cell N='LocPinX' V='0.5144545434919827' F='Inh'/><Cell N='LocPinY' V='0.3625591417803645' F='Inh'/><Cell N='LineWeight' V='0.01388888888888889' U='PT'/><Cell N='LineColor' V='#000000' F='THEMEGUARD(RGB(0,0,0))'/><Cell N='FillForegnd' V='#f9c499' F='THEMEGUARD(MSOTINT(THEMEVAL("AccentColor5"),40))'/><Cell N='FillBkgnd' V='#fbd5b5' F='THEMEGUARD(SHADE(FillForegnd,LUMDIFF(THEMEVAL("FillColor"),THEMEVAL("FillColor2"))))'/><Cell N='FillGradientEnabled' V='0'/><Section N='User'><Row N='ControlHalfHeight'><Cell N='Value' V='0.07251182835607289' U='DL' F='Inh'/></Row><Row N='FillForegnd'><Cell N='Value' V='#f9c499' U='COLOR' F='Inh'/></Row></Section><Section N='FillGradient'><Row IX='0'><Cell N='GradientStopColor' V='#f5a767' F='Inh'/></Row><Row IX='1'><Cell N='GradientStopColor' V='#f5a767' F='Inh'/></Row><Row IX='2'><Cell N='GradientStopColor' V='#f5a767' F='Inh'/></Row><Row IX='3'><Cell N='GradientStopColor' V='#f5a767' F='Inh'/></Row><Row IX='4'><Cell N='GradientStopColor' V='#f5a767' F='Inh'/></Row><Row IX='5'><Cell N='GradientStopColor' V='#f5a767' F='Inh'/></Row><Row IX='6'><Cell N='GradientStopColor' V='#f5a767' F='Inh'/></Row><Row IX='7'><Cell N='GradientStopColor' V='#f5a767' F='Inh'/></Row><Row IX='8'><Cell N='GradientStopColor' V='#f5a767' F='Inh'/></Row><Row IX='9'><Cell N='GradientStopColor' V='#f5a767' F='Inh'/></Row></Section><Section N='Character'><Row IX='0'><Cell N='Font' V='Arial'/><Cell N='Size' V='0.1111111111111111'/><Cell N='ComplexScriptFont' V='Arial'/></Row></Section><Section N='Geometry' IX='0'><Row T='MoveTo' IX='1'><Cell N='Y' V='0.07251182835607289' F='Inh'/></Row><Row T='EllipticalArcTo' IX='2'><Cell N='X' V='1.028909086983965' F='Inh'/><Cell N='Y' V='0.07251182835607289' F='Inh'/><Cell N='A' V='0.5144545434919827' U='DL' F='Inh'/><Cell N='D' V='7.094767228399323' F='Inh'/></Row><Row T='LineTo' IX='3'><Cell N='X' V='1.028909086983965' F='Inh'/><Cell N='Y' V='0.6526064552046562' F='Inh'/></Row><Row T='LineTo' IX='4'><Cell N='Y' V='0.6526064552046562' F='Inh'/></Row><Row T='LineTo' IX='5'><Cell N='Y' V='0.07251182835607289' F='Inh'/></Row></Section></Shape></Shapes></Shape><Shape ID='26' NameU='Rectangle.26' Name='Rectangle.26' Type='Shape' Master='2'><Cell N='PinX' V='1.528468005825604'/><Cell N='PinY' V='9.209550230388116'/><Cell N='Width' V='0.8747978881252639'/><Cell N='Height' V='0.8709114177449859'/><Cell N='LocPinX' V='0.4373989440626318' F='Width*0.5'/><Cell N='LocPinY' V='0.4354557088724929' F='Height*0.5'/><Cell N='VerticalAlign' V='2'/><Cell N='FillForegnd' V='#dbeef3' F='THEMEGUARD(MSOTINT(THEMEVAL("AccentColor4"),80))'/><Cell N='FillBkgnd' V='#e4f2f5' F='THEMEGUARD(SHADE(FillForegnd,LUMDIFF(THEMEVAL("FillColor"),THEMEVAL("FillColor2"))))'/><Cell N='FillGradientEnabled' V='0'/><Cell N='LineWeight' V='0.01388888888888889' U='PT'/><Section N='Connection'><Row IX='0'><Cell N='X' V='0.437398944062632' F='Inh'/><Cell N='Y' V='0' F='Inh'/></Row><Row IX='1'><Cell N='X' V='0.8747978881252639' F='Inh'/><Cell N='Y' V='0.435455708872493' F='Inh'/></Row><Row IX='2'><Cell N='X' V='0.437398944062632' F='Inh'/><Cell N='Y' V='0.8709114177449859' F='Inh'/></Row><Row IX='3'><Cell N='X' V='0' F='Inh'/><Cell N='Y' V='0.435455708872493' F='Inh'/></Row><Row IX='4'><Cell N='X' V='0.437398944062632' F='Inh'/><Cell N='Y' V='0.435455708872493' F='Inh'/></Row></Section><Section N='Character'><Row IX='0'><Cell N='Font' V='Arial'/><Cell N='Size' V='0.08333333333333333' U='PT'/><Cell N='ComplexScriptFont' V='Arial'/></Row></Section><Section N='Geometry' IX='0'><Row T='MoveTo' IX='1'><Cell N='X' V='0' F='Inh'/><Cell N='Y' V='0' F='Inh'/></Row><Row T='LineTo' IX='2'><Cell N='X' V='0.8747978881252639' F='Inh'/><Cell N='Y' V='0' F='Inh'/></Row><Row T='LineTo' IX='3'><Cell N='X' V='0.8747978881252639' F='Inh'/><Cell N='Y' V='0.8709114177449859' F='Inh'/></Row><Row T='LineTo' IX='4'><Cell N='X' V='0' F='Inh'/><Cell N='Y' V='0.8709114177449859' F='Inh'/></Row><Row T='LineTo' IX='5'><Cell N='X' V='0' F='Inh'/><Cell N='Y' V='0' F='Inh'/></Row></Section><Text><cp IX='0'/>Worksheet
</Text></Shape><Shape ID='27' NameU='Rectangle.27' Name='Rectangle.27' Type='Shape' Master='2'><Cell N='PinX' V='1.363565458398976'/><Cell N='PinY' V='9.397832785269332'/><Cell N='Width' V='0.8747978881252639'/><Cell N='Height' V='0.8709114177449859'/><Cell N='LocPinX' V='0.4373989440626318' F='Width*0.5'/><Cell N='LocPinY' V='0.4354557088724929' F='Height*0.5'/><Cell N='VerticalAlign' V='2'/><Cell N='FillForegnd' V='#eeeaf2' F='THEMEGUARD(MSOTINT(THEMEVAL("AccentColor3"),80))'/><Cell N='FillBkgnd' V='#f2eff5' F='THEMEGUARD(SHADE(FillForegnd,LUMDIFF(THEMEVAL("FillColor"),THEMEVAL("FillColor2"))))'/><Cell N='FillGradientEnabled' V='0'/><Cell N='LineWeight' V='0.01388888888888889' U='PT'/><Section N='Connection'><Row IX='0'><Cell N='X' V='0.437398944062632' F='Inh'/><Cell N='Y' V='0' F='Inh'/></Row><Row IX='1'><Cell N='X' V='0.8747978881252639' F='Inh'/><Cell N='Y' V='0.435455708872493' F='Inh'/></Row><Row IX='2'><Cell N='X' V='0.437398944062632' F='Inh'/><Cell N='Y' V='0.8709114177449859' F='Inh'/></Row><Row IX='3'><Cell N='X' V='0' F='Inh'/><Cell N='Y' V='0.435455708872493' F='Inh'/></Row><Row IX='4'><Cell N='X' V='0.437398944062632' F='Inh'/><Cell N='Y' V='0.435455708872493' F='Inh'/></Row></Section><Section N='Character'><Row IX='0'><Cell N='Font' V='Arial'/><Cell N='Size' V='0.08333333333333333' U='PT'/><Cell N='ComplexScriptFont' V='Arial'/></Row></Section><Section N='Geometry' IX='0'><Row T='MoveTo' IX='1'><Cell N='X' V='0' F='Inh'/><Cell N='Y' V='0' F='Inh'/></Row><Row T='LineTo' IX='2'><Cell N='X' V='0.8747978881252639' F='Inh'/><Cell N='Y' V='0' F='Inh'/></Row><Row T='LineTo' IX='3'><Cell N='X' V='0.8747978881252639' F='Inh'/><Cell N='Y' V='0.8709114177449859' F='Inh'/></Row><Row T='LineTo' IX='4'><Cell N='X' V='0' F='Inh'/><Cell N='Y' V='0.8709114177449859' F='Inh'/></Row><Row T='LineTo' IX='5'><Cell N='X' V='0' F='Inh'/><Cell N='Y' V='0' F='Inh'/></Row></Section><Text><cp IX='0'/>Worksheet
</Text></Shape><Shape ID='28' NameU='Rectangle.28' Name='Rectangle.28' Type='Shape' Master='2'><Cell N='PinX' V='1.198662910972348'/><Cell N='PinY' V='9.586115340150544'/><Cell N='Width' V='0.8747978881252639'/><Cell N='Height' V='0.8709114177449859'/><Cell N='LocPinX' V='0.4373989440626318' F='Width*0.5'/><Cell N='LocPinY' V='0.4354557088724929' F='Height*0.5'/><Cell N='VerticalAlign' V='2'/><Cell N='FillForegnd' V='#ebf1df' F='THEMEGUARD(MSOTINT(THEMEVAL("AccentColor2"),80))'/><Cell N='FillBkgnd' V='#f0f4e8' F='THEMEGUARD(SHADE(FillForegnd,LUMDIFF(THEMEVAL("FillColor"),THEMEVAL("FillColor2"))))'/><Cell N='FillGradientEnabled' V='0'/><Cell N='LineWeight' V='0.01388888888888889' U='PT'/><Section N='Connection'><Row IX='0'><Cell N='X' V='0.437398944062632' F='Inh'/><Cell N='Y' V='0' F='Inh'/></Row><Row IX='1'><Cell N='X' V='0.8747978881252639' F='Inh'/><Cell N='Y' V='0.435455708872493' F='Inh'/></Row><Row IX='2'><Cell N='X' V='0.437398944062632' F='Inh'/><Cell N='Y' V='0.8709114177449859' F='Inh'/></Row><Row IX='3'><Cell N='X' V='0' F='Inh'/><Cell N='Y' V='0.435455708872493' F='Inh'/></Row><Row IX='4'><Cell N='X' V='0.437398944062632' F='Inh'/><Cell N='Y' V='0.435455708872493' F='Inh'/></Row></Section><Section N='Character'><Row IX='0'><Cell N='Font' V='Arial'/><Cell N='Size' V='0.08333333333333333' U='PT'/><Cell N='ComplexScriptFont' V='Arial'/></Row></Section><Section N='Geometry' IX='0'><Row T='MoveTo' IX='1'><Cell N='X' V='0' F='Inh'/><Cell N='Y' V='0' F='Inh'/></Row><Row T='LineTo' IX='2'><Cell N='X' V='0.8747978881252639' F='Inh'/><Cell N='Y' V='0' F='Inh'/></Row><Row T='LineTo' IX='3'><Cell N='X' V='0.8747978881252639' F='Inh'/><Cell N='Y' V='0.8709114177449859' F='Inh'/></Row><Row T='LineTo' IX='4'><Cell N='X' V='0' F='Inh'/><Cell N='Y' V='0.8709114177449859' F='Inh'/></Row><Row T='LineTo' IX='5'><Cell N='X' V='0' F='Inh'/><Cell N='Y' V='0' F='Inh'/></Row></Section><Text><cp IX='0'/>Worksheet
</Text></Shape><Shape ID='29' NameU='Rectangle.29' Name='Rectangle.29' Type='Shape' Master='2'><Cell N='PinX' V='6.032964857189659'/><Cell N='PinY' V='9.465789132231139'/><Cell N='Width' V='3.058938165112296'/><Cell N='Height' V='1.704397878161803'/><Cell N='LocPinX' V='1.529469082556148' F='Width*0.5'/><Cell N='LocPinY' V='0.8521989390809014' F='Height*0.5'/><Cell N='VerticalAlign' V='0'/><Cell N='LineWeight' V='0.02083333333333333' U='PT'/><Cell N='LineColor' V='#595959' F='THEMEGUARD(MSOTINT(RGB(0,0,0),35))'/><Cell N='FillForegnd' V='#f2f2f2' F='THEMEGUARD(MSOTINT(RGB(255,255,255),-5))'/><Cell N='FillBkgnd' V='#f5f5f5' F='THEMEGUARD(SHADE(FillForegnd,LUMDIFF(THEMEVAL("FillColor"),THEMEVAL("FillColor2"))))'/><Cell N='FillGradientEnabled' V='0'/><Section N='Connection'><Row IX='0'><Cell N='X' V='1.529469082556148' F='Inh'/><Cell N='Y' V='0' F='Inh'/></Row><Row IX='1'><Cell N='X' V='3.058938165112296' F='Inh'/><Cell N='Y' V='0.8521989390809014' F='Inh'/></Row><Row IX='2'><Cell N='X' V='1.529469082556148' F='Inh'/><Cell N='Y' V='1.704397878161803' F='Inh'/></Row><Row IX='3'><Cell N='X' V='0' F='Inh'/><Cell N='Y' V='0.8521989390809014' F='Inh'/></Row><Row IX='4'><Cell N='X' V='1.529469082556148' F='Inh'/><Cell N='Y' V='0.8521989390809014' F='Inh'/></Row></Section><Section N='Character'><Row IX='0'><Cell N='Font' V='Arial'/><Cell N='Color' V='#3f3f3f' F='THEMEGUARD(MSOTINT(RGB(0,0,0),25))'/><Cell N='Size' V='0.1111111111111111' U='PT'/><Cell N='ComplexScriptFont' V='Arial'/></Row></Section><Section N='Geometry' IX='0'><Row T='MoveTo' IX='1'><Cell N='X' V='0' F='Inh'/><Cell N='Y' V='0' F='Inh'/></Row><Row T='LineTo' IX='2'><Cell N='X' V='3.058938165112296' F='Inh'/><Cell N='Y' V='0' F='Inh'/></Row><Row T='LineTo' IX='3'><Cell N='X' V='3.058938165112296' F='Inh'/><Cell N='Y' V='1.704397878161803' F='Inh'/></Row><Row T='LineTo' IX='4'><Cell N='X' V='0' F='Inh'/><Cell N='Y' V='1.704397878161803' F='Inh'/></Row><Row T='LineTo' IX='5'><Cell N='X' V='0' F='Inh'/><Cell N='Y' V='0' F='Inh'/></Row></Section><Text><cp IX='0'/>Excel Workbook File as stored in SharePoint
</Text></Shape><Shape ID='32' NameU='Rectangle.32' Name='Rectangle.32' Type='Shape' Master='2'><Cell N='PinX' V='5.508992191472904'/><Cell N='PinY' V='9.209550230388116'/><Cell N='Width' V='0.8747978881252639'/><Cell N='Height' V='0.8709114177449859'/><Cell N='LocPinX' V='0.4373989440626318' F='Width*0.5'/><Cell N='LocPinY' V='0.4354557088724929' F='Height*0.5'/><Cell N='VerticalAlign' V='2'/><Cell N='FillForegnd' V='#dbeef3' F='THEMEGUARD(MSOTINT(THEMEVAL("AccentColor4"),80))'/><Cell N='FillBkgnd' V='#e4f2f5' F='THEMEGUARD(SHADE(FillForegnd,LUMDIFF(THEMEVAL("FillColor"),THEMEVAL("FillColor2"))))'/><Cell N='FillGradientEnabled' V='0'/><Cell N='LineWeight' V='0.01388888888888889' U='PT'/><Section N='Connection'><Row IX='0'><Cell N='X' V='0.437398944062632' F='Inh'/><Cell N='Y' V='0' F='Inh'/></Row><Row IX='1'><Cell N='X' V='0.8747978881252639' F='Inh'/><Cell N='Y' V='0.435455708872493' F='Inh'/></Row><Row IX='2'><Cell N='X' V='0.437398944062632' F='Inh'/><Cell N='Y' V='0.8709114177449859' F='Inh'/></Row><Row IX='3'><Cell N='X' V='0' F='Inh'/><Cell N='Y' V='0.435455708872493' F='Inh'/></Row><Row IX='4'><Cell N='X' V='0.437398944062632' F='Inh'/><Cell N='Y' V='0.435455708872493' F='Inh'/></Row></Section><Section N='Character'><Row IX='0'><Cell N='Font' V='Arial'/><Cell N='Size' V='0.08333333333333333' U='PT'/><Cell N='ComplexScriptFont' V='Arial'/></Row></Section><Section N='Geometry' IX='0'><Row T='MoveTo' IX='1'><Cell N='X' V='0' F='Inh'/><Cell N='Y' V='0' F='Inh'/></Row><Row T='LineTo' IX='2'><Cell N='X' V='0.8747978881252639' F='Inh'/><Cell N='Y' V='0' F='Inh'/></Row><Row T='LineTo' IX='3'><Cell N='X' V='0.8747978881252639' F='Inh'/><Cell N='Y' V='0.8709114177449859' F='Inh'/></Row><Row T='LineTo' IX='4'><Cell N='X' V='0' F='Inh'/><Cell N='Y' V='0.8709114177449859' F='Inh'/></Row><Row T='LineTo' IX='5'><Cell N='X' V='0' F='Inh'/><Cell N='Y' V='0' F='Inh'/></Row></Section><Text><cp IX='0'/>Worksheet
</Text></Shape><Shape ID='33' NameU='Rectangle.33' Name='Rectangle.33' Type='Shape' Master='2'><Cell N='PinX' V='5.344089644046278'/><Cell N='PinY' V='9.397832785269332'/><Cell N='Width' V='0.8747978881252639'/><Cell N='Height' V='0.8709114177449859'/><Cell N='LocPinX' V='0.4373989440626318' F='Width*0.5'/><Cell N='LocPinY' V='0.4354557088724929' F='Height*0.5'/><Cell N='VerticalAlign' V='2'/><Cell N='FillForegnd' V='#eeeaf2' F='THEMEGUARD(MSOTINT(THEMEVAL("AccentColor3"),80))'/><Cell N='FillBkgnd' V='#f2eff5' F='THEMEGUARD(SHADE(FillForegnd,LUMDIFF(THEMEVAL("FillColor"),THEMEVAL("FillColor2"))))'/><Cell N='FillGradientEnabled' V='0'/><Cell N='LineWeight' V='0.01388888888888889' U='PT'/><Section N='Connection'><Row IX='0'><Cell N='X' V='0.437398944062632' F='Inh'/><Cell N='Y' V='0' F='Inh'/></Row><Row IX='1'><Cell N='X' V='0.8747978881252639' F='Inh'/><Cell N='Y' V='0.435455708872493' F='Inh'/></Row><Row IX='2'><Cell N='X' V='0.437398944062632' F='Inh'/><Cell N='Y' V='0.8709114177449859' F='Inh'/></Row><Row IX='3'><Cell N='X' V='0' F='Inh'/><Cell N='Y' V='0.435455708872493' F='Inh'/></Row><Row IX='4'><Cell N='X' V='0.437398944062632' F='Inh'/><Cell N='Y' V='0.435455708872493' F='Inh'/></Row></Section><Section N='Character'><Row IX='0'><Cell N='Font' V='Arial'/><Cell N='Size' V='0.08333333333333333' U='PT'/><Cell N='ComplexScriptFont' V='Arial'/></Row></Section><Section N='Geometry' IX='0'><Row T='MoveTo' IX='1'><Cell N='X' V='0' F='Inh'/><Cell N='Y' V='0' F='Inh'/></Row><Row T='LineTo' IX='2'><Cell N='X' V='0.8747978881252639' F='Inh'/><Cell N='Y' V='0' F='Inh'/></Row><Row T='LineTo' IX='3'><Cell N='X' V='0.8747978881252639' F='Inh'/><Cell N='Y' V='0.8709114177449859' F='Inh'/></Row><Row T='LineTo' IX='4'><Cell N='X' V='0' F='Inh'/><Cell N='Y' V='0.8709114177449859' F='Inh'/></Row><Row T='LineTo' IX='5'><Cell N='X' V='0' F='Inh'/><Cell N='Y' V='0' F='Inh'/></Row></Section><Text><cp IX='0'/>Worksheet
</Text></Shape><Shape ID='34' NameU='Rectangle.34' Name='Rectangle.34' Type='Shape' Master='2'><Cell N='PinX' V='5.179187096619649'/><Cell N='PinY' V='9.586115340150544'/><Cell N='Width' V='0.8747978881252639'/><Cell N='Height' V='0.8709114177449859'/><Cell N='LocPinX' V='0.4373989440626318' F='Width*0.5'/><Cell N='LocPinY' V='0.4354557088724929' F='Height*0.5'/><Cell N='VerticalAlign' V='2'/><Cell N='FillForegnd' V='#ebf1df' F='THEMEGUARD(MSOTINT(THEMEVAL("AccentColor2"),80))'/><Cell N='FillBkgnd' V='#f0f4e8' F='THEMEGUARD(SHADE(FillForegnd,LUMDIFF(THEMEVAL("FillColor"),THEMEVAL("FillColor2"))))'/><Cell N='FillGradientEnabled' V='0'/><Cell N='LineWeight' V='0.01388888888888889' U='PT'/><Section N='Connection'><Row IX='0'><Cell N='X' V='0.437398944062632' F='Inh'/><Cell N='Y' V='0' F='Inh'/></Row><Row IX='1'><Cell N='X' V='0.8747978881252639' F='Inh'/><Cell N='Y' V='0.435455708872493' F='Inh'/></Row><Row IX='2'><Cell N='X' V='0.437398944062632' F='Inh'/><Cell N='Y' V='0.8709114177449859' F='Inh'/></Row><Row IX='3'><Cell N='X' V='0' F='Inh'/><Cell N='Y' V='0.435455708872493' F='Inh'/></Row><Row IX='4'><Cell N='X' V='0.437398944062632' F='Inh'/><Cell N='Y' V='0.435455708872493' F='Inh'/></Row></Section><Section N='Character'><Row IX='0'><Cell N='Font' V='Arial'/><Cell N='Size' V='0.08333333333333333' U='PT'/><Cell N='ComplexScriptFont' V='Arial'/></Row></Section><Section N='Geometry' IX='0'><Row T='MoveTo' IX='1'><Cell N='X' V='0' F='Inh'/><Cell N='Y' V='0' F='Inh'/></Row><Row T='LineTo' IX='2'><Cell N='X' V='0.8747978881252639' F='Inh'/><Cell N='Y' V='0' F='Inh'/></Row><Row T='LineTo' IX='3'><Cell N='X' V='0.8747978881252639' F='Inh'/><Cell N='Y' V='0.8709114177449859' F='Inh'/></Row><Row T='LineTo' IX='4'><Cell N='X' V='0' F='Inh'/><Cell N='Y' V='0.8709114177449859' F='Inh'/></Row><Row T='LineTo' IX='5'><Cell N='X' V='0' F='Inh'/><Cell N='Y' V='0' F='Inh'/></Row></Section><Text><cp IX='0'/>Worksheet
</Text></Shape><Shape ID='21' NameU='Arrow box' Name='Arrow box' Type='Shape' Master='8'><Cell N='PinX' V='6.683923491339582'/><Cell N='PinY' V='8.902169265330649'/><Cell N='Width' V='0.8757742250539763'/><Cell N='Height' V='1.704397878161803'/><Cell N='LocPinX' V='0.4378871125269881' F='Width*0.5'/><Cell N='LocPinY' V='0.8521989390809016' F='Height*0.5'/><Cell N='TxtPinX' V='0.4378871125269881' F='Inh'/><Cell N='TxtPinY' V='1.491348143391578' F='Inh'/><Cell N='TxtWidth' V='0.8757742250539763' F='Inh'/><Cell N='TxtHeight' V='0.4260994695404508' F='Inh'/><Cell N='TxtLocPinX' V='0.4378871125269881' F='Inh'/><Cell N='TxtLocPinY' V='0.2130497347702254' F='Inh'/><Section N='Control'><Row N='Row_1'><Cell N='X' V='0.4378871125269881' F='Inh'/><Cell N='Y' V='1.74021014'/><Cell N='XDyn' V='0.4378871125269881' F='Inh'/><Cell N='YDyn' V='1.74021014' F='Inh'/></Row><Row N='Row_2'><Cell N='X' V='0.1878871125269881' U='IN' F='Inh'/><Cell N='XDyn' V='0.4378871125269881' F='Inh'/></Row></Section><Section N='Connection'><Row IX='0'><Cell N='X' V='0.4378871125269881' F='Inh'/><Cell N='Y' V='1.704397878161803' F='Inh'/></Row><Row IX='1'><Cell N='X' V='0.4378871125269881' F='Inh'/></Row><Row IX='2'><Cell N='Y' V='1.491348143391578' F='Inh'/></Row><Row IX='3'><Cell N='X' V='0.8757742250539763' F='Inh'/><Cell N='Y' V='1.491348143391578' F='Inh'/></Row></Section><Section N='Character'><Row IX='0'><Cell N='Font' V='Arial'/><Cell N='Size' V='0.125' U='PT'/><Cell N='ComplexScriptFont' V='Arial'/></Row></Section><Section N='Geometry' IX='0'><Row T='MoveTo' IX='1'><Cell N='X' V='0.3128871125269881' U='IN' F='Inh'/><Cell N='Y' V='1.278298408621353' F='Inh'/></Row><Row T='LineTo' IX='2'><Cell N='X' V='0.3128871125269881' U='IN' F='Inh'/></Row><Row T='LineTo' IX='3'><Cell N='X' V='0.1878871125269881' U='IN' F='Inh'/></Row><Row T='LineTo' IX='4'><Cell N='X' V='0.4378871125269881' F='Inh'/></Row><Row T='LineTo' IX='5'><Cell N='X' V='0.6878871125269881' U='IN' F='Inh'/></Row><Row T='LineTo' IX='6'><Cell N='X' V='0.5628871125269881' U='IN' F='Inh'/></Row><Row T='LineTo' IX='7'><Cell N='X' V='0.5628871125269881' U='IN' F='Inh'/><Cell N='Y' V='1.278298408621353' F='Inh'/></Row><Row T='LineTo' IX='8'><Cell N='X' V='0.8757742250539763' F='Inh'/><Cell N='Y' V='1.278298408621353' F='Inh'/></Row><Row T='LineTo' IX='9'><Cell N='X' V='0.8757742250539763' F='Inh'/><Cell N='Y' V='1.704397878161803' F='Inh'/></Row><Row T='LineTo' IX='10'><Cell N='Y' V='1.704397878161803' F='Inh'/></Row><Row T='LineTo' IX='11'><Cell N='Y' V='1.278298408621353' F='Inh'/></Row><Row T='LineTo' IX='12'><Cell N='X' V='0.3128871125269881' U='IN' F='Inh'/><Cell N='Y' V='1.278298408621353' F='Inh'/></Row></Section><Text><cp IX='0'/>BISM
Connection
</Text></Shape><Shape ID='35' NameU='1-D single' Name='1-D single' Type='Group' Master='12'><Cell N='PinX' V='4.041769259144862' F='Inh'/><Cell N='PinY' V='9.528399525714461' F='Inh'/><Cell N='Width' V='0.923453030977297' F='Inh'/><Cell N='LocPinX' V='0.4617265154886483' F='Inh'/><Cell N='BeginX' V='3.580042743656214' F='PAR(PNT(Sheet.39!Connections.X2,Sheet.39!Connections.Y2))'/><Cell N='BeginY' V='9.528399525714461' F='PAR(PNT(Sheet.39!Connections.X2,Sheet.39!Connections.Y2))'/><Cell N='EndX' V='4.503495774633511'/><Cell N='EndY' V='9.528399525714461'/><Section N='Character'><Row IX='0'><Cell N='Font' V='Arial'/><Cell N='ComplexScriptFont' V='Arial'/></Row></Section><Shapes><Shape ID='36' Type='Shape' MasterShape='5'><Cell N='PinX' V='0.4617265154886483' F='Inh'/><Cell N='Width' V='0.9234530309772966' F='Inh'/><Cell N='LocPinX' V='0.4617265154886483' F='Inh'/><Cell N='TxtPinX' V='0.4617265154886483' F='Inh'/><Cell N='TxtWidth' V='0.9234530309772966' F='Inh'/><Cell N='TxtLocPinX' V='0.4617265154886483' F='Inh'/><Section N='Character'><Row IX='0'><Cell N='Font' V='Arial'/><Cell N='ComplexScriptFont' V='Arial'/></Row></Section><Section N='Geometry' IX='0'><Row T='LineTo' IX='2'><Cell N='X' V='0.7984530309772966' U='IN' F='Inh'/></Row><Row T='LineTo' IX='3'><Cell N='X' V='0.7984530309772966' U='IN' F='Inh'/></Row><Row T='LineTo' IX='4'><Cell N='X' V='0.9234530309772966' F='Inh'/></Row><Row T='LineTo' IX='5'><Cell N='X' V='0.7984530309772966' U='IN' F='Inh'/></Row><Row T='LineTo' IX='6'><Cell N='X' V='0.7984530309772966' U='IN' F='Inh'/></Row></Section></Shape><Shape ID='37' Type='Shape' MasterShape='6'><Cell N='PinX' V='0.4617265154886483' F='Inh'/><Cell N='Width' V='0.9234530309772966' F='Inh'/><Cell N='LocPinX' V='0.4617265154886483' F='Inh'/><Cell N='TxtPinX' V='0.4617265154886483' F='Inh'/><Cell N='TxtWidth' V='0.9234530309772966' F='Inh'/><Cell N='TxtLocPinX' V='0.4617265154886483' F='Inh'/><Section N='Character'><Row IX='0'><Cell N='Font' V='Arial'/><Cell N='ComplexScriptFont' V='Arial'/></Row></Section><Section N='Geometry' IX='0'><Row T='LineTo' IX='2'><Cell N='X' V='0.7984530309772966' U='IN' F='Inh'/></Row><Row T='LineTo' IX='3'><Cell N='X' V='0.7984530309772966' U='IN' F='Inh'/></Row><Row T='LineTo' IX='4'><Cell N='X' V='0.9234530309772966' F='Inh'/></Row><Row T='LineTo' IX='5'><Cell N='X' V='0.7984530309772966' U='IN' F='Inh'/></Row><Row T='LineTo' IX='6'><Cell N='X' V='0.7984530309772966' U='IN' F='Inh'/></Row><Row T='LineTo' IX='8'><Cell N='X' V='0' F='Inh'/></Row></Section></Shape><Shape ID='38' Type='Shape' MasterShape='8'><Section N='Character'><Row IX='0'><Cell N='Font' V='Arial'/><Cell N='ComplexScriptFont' V='Arial'/></Row></Section></Shape></Shapes></Shape></Shapes><Connects><Connect FromSheet='35' FromCell='BeginX' FromPart='9' ToSheet='39' ToCell='Connections.X2' ToPart='101'/></Connects></PageContents>