<?xml version='1.0' encoding='utf-8' ?>
<PageContents xmlns='http://schemas.microsoft.com/office/visio/2012/main' xmlns:r='http://schemas.openxmlformats.org/officeDocument/2006/relationships' xml:space='preserve'><Shapes><Shape ID='31' NameU='Rectangle.31' Name='Rectangle.31' Type='Shape' Master='2'><Cell N='PinX' V='4.25'/><Cell N='PinY' V='9.3515625'/><Cell N='Width' V='8'/><Cell N='Height' V='0.703125'/><Cell N='LocPinX' V='4' F='Width*0.5'/><Cell N='LocPinY' V='0.3515625' F='Inh'/><Cell N='FillForegnd' V='#ffffff' F='THEMEGUARD(RGB(255,255,255))'/><Cell N='FillBkgnd' V='#ffffff' F='THEMEGUARD(SHADE(FillForegnd,LUMDIFF(THEMEVAL("FillColor"),THEMEVAL("FillColor2"))))'/><Cell N='FillGradientEnabled' V='0'/><Section N='Connection'><Row IX='0'><Cell N='X' V='4' F='Inh'/><Cell N='Y' V='0' F='Inh'/></Row><Row IX='1'><Cell N='X' V='8' F='Inh'/><Cell N='Y' V='0.3515625' F='Inh'/></Row><Row IX='2'><Cell N='X' V='4' F='Inh'/><Cell N='Y' V='0.703125' F='Inh'/></Row><Row IX='3'><Cell N='X' V='0' F='Inh'/><Cell N='Y' V='0.3515625' F='Inh'/></Row><Row IX='4'><Cell N='X' V='4' F='Inh'/><Cell N='Y' V='0.3515625' F='Inh'/></Row></Section><Section N='Geometry' IX='0'><Row T='MoveTo' IX='1'><Cell N='X' V='0' F='Inh'/><Cell N='Y' V='0' F='Inh'/></Row><Row T='LineTo' IX='2'><Cell N='X' V='8' F='Inh'/><Cell N='Y' V='0' F='Inh'/></Row><Row T='LineTo' IX='3'><Cell N='X' V='8' F='Inh'/><Cell N='Y' V='0.703125' F='Inh'/></Row><Row T='LineTo' IX='4'><Cell N='X' V='0' F='Inh'/><Cell N='Y' V='0.703125' F='Inh'/></Row><Row T='LineTo' IX='5'><Cell N='X' V='0' F='Inh'/><Cell N='Y' V='0' F='Inh'/></Row></Section></Shape><Shape ID='32' NameU='Rectangle.32' Name='Rectangle.32' Type='Shape' Master='2'><Cell N='PinX' V='4.25'/><Cell N='PinY' V='8.0625'/><Cell N='Width' V='8'/><Cell N='Height' V='1.875'/><Cell N='LocPinX' V='4' F='Width*0.5'/><Cell N='LocPinY' V='0.9375' F='Inh'/><Cell N='FillForegnd' V='#ffffff' F='THEMEGUARD(RGB(255,255,255))'/><Cell N='FillBkgnd' V='#ffffff' F='THEMEGUARD(SHADE(FillForegnd,LUMDIFF(THEMEVAL("FillColor"),THEMEVAL("FillColor2"))))'/><Cell N='FillGradientEnabled' V='0'/><Section N='Connection'><Row IX='0'><Cell N='X' V='4' F='Inh'/><Cell N='Y' V='0' F='Inh'/></Row><Row IX='1'><Cell N='X' V='8' F='Inh'/><Cell N='Y' V='0.9375' F='Inh'/></Row><Row IX='2'><Cell N='X' V='4' F='Inh'/><Cell N='Y' V='1.875' F='Inh'/></Row><Row IX='3'><Cell N='X' V='0' F='Inh'/><Cell N='Y' V='0.9375' F='Inh'/></Row><Row IX='4'><Cell N='X' V='4' F='Inh'/><Cell N='Y' V='0.9375' F='Inh'/></Row></Section><Section N='Character'><Row IX='0'><Cell N='Style' V='17'/></Row></Section><Section N='Geometry' IX='0'><Row T='MoveTo' IX='1'><Cell N='X' V='0' F='Inh'/><Cell N='Y' V='0' F='Inh'/></Row><Row T='LineTo' IX='2'><Cell N='X' V='8' F='Inh'/><Cell N='Y' V='0' F='Inh'/></Row><Row T='LineTo' IX='3'><Cell N='X' V='8' F='Inh'/><Cell N='Y' V='1.875' F='Inh'/></Row><Row T='LineTo' IX='4'><Cell N='X' V='0' F='Inh'/><Cell N='Y' V='1.875' F='Inh'/></Row><Row T='LineTo' IX='5'><Cell N='X' V='0' F='Inh'/><Cell N='Y' V='0' F='Inh'/></Row></Section></Shape><Shape ID='30' NameU='Rectangle' Name='Rectangle' Type='Shape' Master='2'><Cell N='PinX' V='4.25'/><Cell N='PinY' V='10.0234375'/><Cell N='Width' V='8'/><Cell N='Height' V='0.703125'/><Cell N='LocPinX' V='4' F='Width*0.5'/><Cell N='LocPinY' V='0.3515625' F='Inh'/><Cell N='FillForegnd' V='#ffffff' F='THEMEGUARD(RGB(255,255,255))'/><Cell N='FillBkgnd' V='#ffffff' F='THEMEGUARD(SHADE(FillForegnd,LUMDIFF(THEMEVAL("FillColor"),THEMEVAL("FillColor2"))))'/><Cell N='FillGradientEnabled' V='0'/><Section N='Connection'><Row IX='0'><Cell N='X' V='4' F='Inh'/><Cell N='Y' V='0' F='Inh'/></Row><Row IX='1'><Cell N='X' V='8' F='Inh'/><Cell N='Y' V='0.3515625' F='Inh'/></Row><Row IX='2'><Cell N='X' V='4' F='Inh'/><Cell N='Y' V='0.703125' F='Inh'/></Row><Row IX='3'><Cell N='X' V='0' F='Inh'/><Cell N='Y' V='0.3515625' F='Inh'/></Row><Row IX='4'><Cell N='X' V='4' F='Inh'/><Cell N='Y' V='0.3515625' F='Inh'/></Row></Section><Section N='Geometry' IX='0'><Row T='MoveTo' IX='1'><Cell N='X' V='0' F='Inh'/><Cell N='Y' V='0' F='Inh'/></Row><Row T='LineTo' IX='2'><Cell N='X' V='8' F='Inh'/><Cell N='Y' V='0' F='Inh'/></Row><Row T='LineTo' IX='3'><Cell N='X' V='8' F='Inh'/><Cell N='Y' V='0.703125' F='Inh'/></Row><Row T='LineTo' IX='4'><Cell N='X' V='0' F='Inh'/><Cell N='Y' V='0.703125' F='Inh'/></Row><Row T='LineTo' IX='5'><Cell N='X' V='0' F='Inh'/><Cell N='Y' V='0' F='Inh'/></Row></Section></Shape><Shape ID='9' NameU='Rectangle.9' Name='Rectangle.9' Type='Shape' Master='2'><Cell N='PinX' V='7.125'/><Cell N='PinY' V='10.0234375'/><Cell N='Width' V='2'/><Cell N='Height' V='0.453125'/><Cell N='LocPinX' V='0.9999999999999991' F='Width*0.5'/><Cell N='LocPinY' V='0.2265625' F='Inh'/><Cell N='FillForegnd' V='#dbeef3' F='THEMEGUARD(MSOTINT(THEMEVAL("AccentColor4"),80))'/><Cell N='FillBkgnd' V='#e4f2f5' F='THEMEGUARD(SHADE(FillForegnd,LUMDIFF(THEMEVAL("FillColor"),THEMEVAL("FillColor2"))))'/><Cell N='FillGradientEnabled' V='0'/><Section N='Connection'><Row IX='0'><Cell N='X' V='0.9999999999999991' F='Inh'/><Cell N='Y' V='0' F='Inh'/></Row><Row IX='1'><Cell N='X' V='2' F='Inh'/><Cell N='Y' V='0.2265625' F='Inh'/></Row><Row IX='2'><Cell N='X' V='0.9999999999999991' F='Inh'/><Cell N='Y' V='0.453125' F='Inh'/></Row><Row IX='3'><Cell N='X' V='0' F='Inh'/><Cell N='Y' V='0.2265625' F='Inh'/></Row><Row IX='4'><Cell N='X' V='0.9999999999999991' F='Inh'/><Cell N='Y' V='0.2265625' F='Inh'/></Row></Section><Section N='Character'><Row IX='0'><Cell N='Font' V='Arial'/><Cell N='Size' V='0.125' U='PT'/><Cell N='ComplexScriptFont' V='Arial'/></Row></Section><Section N='Geometry' IX='0'><Row T='MoveTo' IX='1'><Cell N='X' V='0' F='Inh'/><Cell N='Y' V='0' F='Inh'/></Row><Row T='LineTo' IX='2'><Cell N='X' V='2' F='Inh'/><Cell N='Y' V='0' F='Inh'/></Row><Row T='LineTo' IX='3'><Cell N='X' V='2' F='Inh'/><Cell N='Y' V='0.453125' F='Inh'/></Row><Row T='LineTo' IX='4'><Cell N='X' V='0' F='Inh'/><Cell N='Y' V='0.453125' F='Inh'/></Row><Row T='LineTo' IX='5'><Cell N='X' V='0' F='Inh'/><Cell N='Y' V='0' F='Inh'/></Row></Section><Text><cp IX='0'/>Developer instance of SSIS
SQL Server Integration Services
</Text></Shape><Shape ID='15' Type='Shape' Master='2'><Cell N='PinX' V='4.9375'/><Cell N='PinY' V='10.0234375'/><Cell N='Width' V='2.125'/><Cell N='Height' V='0.453125'/><Cell N='LocPinX' V='1.0625' F='Width*0.5'/><Cell N='LocPinY' V='0.2265625' F='Inh'/><Cell N='FillForegnd' V='#eeeaf2' F='THEMEGUARD(MSOTINT(THEMEVAL("AccentColor3"),80))'/><Cell N='FillBkgnd' V='#f2eff5' F='THEMEGUARD(SHADE(FillForegnd,LUMDIFF(THEMEVAL("FillColor"),THEMEVAL("FillColor2"))))'/><Cell N='FillGradientEnabled' V='0'/><Section N='Connection'><Row IX='0'><Cell N='X' V='1.0625' F='Inh'/><Cell N='Y' V='0' F='Inh'/></Row><Row IX='1'><Cell N='X' V='2.125' F='Inh'/><Cell N='Y' V='0.2265625' F='Inh'/></Row><Row IX='2'><Cell N='X' V='1.0625' F='Inh'/><Cell N='Y' V='0.453125' F='Inh'/></Row><Row IX='3'><Cell N='X' V='0' F='Inh'/><Cell N='Y' V='0.2265625' F='Inh'/></Row><Row IX='4'><Cell N='X' V='1.0625' F='Inh'/><Cell N='Y' V='0.2265625' F='Inh'/></Row></Section><Section N='Character'><Row IX='0'><Cell N='Font' V='Arial'/><Cell N='Size' V='0.125' U='PT'/><Cell N='ComplexScriptFont' V='Arial'/></Row></Section><Section N='Geometry' IX='0'><Row T='MoveTo' IX='1'><Cell N='X' V='0' F='Inh'/><Cell N='Y' V='0' F='Inh'/></Row><Row T='LineTo' IX='2'><Cell N='X' V='2.125' F='Inh'/><Cell N='Y' V='0' F='Inh'/></Row><Row T='LineTo' IX='3'><Cell N='X' V='2.125' F='Inh'/><Cell N='Y' V='0.453125' F='Inh'/></Row><Row T='LineTo' IX='4'><Cell N='X' V='0' F='Inh'/><Cell N='Y' V='0.453125' F='Inh'/></Row><Row T='LineTo' IX='5'><Cell N='X' V='0' F='Inh'/><Cell N='Y' V='0' F='Inh'/></Row></Section><Text><cp IX='0'/>Integration Services Project
in Visual Studio
</Text></Shape><Shape ID='16' NameU='Rectangle.16' Name='Rectangle.16' Type='Shape' Master='2'><Cell N='PinX' V='3.060386169118474'/><Cell N='PinY' V='10.0234375'/><Cell N='Width' V='1.125'/><Cell N='Height' V='0.453125'/><Cell N='LocPinX' V='0.5625' F='Width*0.5'/><Cell N='LocPinY' V='0.2265625' F='Inh'/><Cell N='FillForegnd' V='#ebf1df' F='THEMEGUARD(MSOTINT(THEMEVAL("AccentColor2"),80))'/><Cell N='FillBkgnd' V='#f0f4e8' F='THEMEGUARD(SHADE(FillForegnd,LUMDIFF(THEMEVAL("FillColor"),THEMEVAL("FillColor2"))))'/><Cell N='FillGradientEnabled' V='0'/><Section N='Connection'><Row IX='0'><Cell N='X' V='0.5625' F='Inh'/><Cell N='Y' V='0' F='Inh'/></Row><Row IX='1'><Cell N='X' V='1.125' F='Inh'/><Cell N='Y' V='0.2265625' F='Inh'/></Row><Row IX='2'><Cell N='X' V='0.5625' F='Inh'/><Cell N='Y' V='0.453125' F='Inh'/></Row><Row IX='3'><Cell N='X' V='0' F='Inh'/><Cell N='Y' V='0.2265625' F='Inh'/></Row><Row IX='4'><Cell N='X' V='0.5625' F='Inh'/><Cell N='Y' V='0.2265625' F='Inh'/></Row></Section><Section N='Character'><Row IX='0'><Cell N='Font' V='Arial'/><Cell N='Size' V='0.125' U='PT'/><Cell N='ComplexScriptFont' V='Arial'/></Row></Section><Section N='Geometry' IX='0'><Row T='MoveTo' IX='1'><Cell N='X' V='0' F='Inh'/><Cell N='Y' V='0' F='Inh'/></Row><Row T='LineTo' IX='2'><Cell N='X' V='1.125' F='Inh'/><Cell N='Y' V='0' F='Inh'/></Row><Row T='LineTo' IX='3'><Cell N='X' V='1.125' F='Inh'/><Cell N='Y' V='0.453125' F='Inh'/></Row><Row T='LineTo' IX='4'><Cell N='X' V='0' F='Inh'/><Cell N='Y' V='0.453125' F='Inh'/></Row><Row T='LineTo' IX='5'><Cell N='X' V='0' F='Inh'/><Cell N='Y' V='0' F='Inh'/></Row></Section><Text><cp IX='0'/>Power Query
</Text></Shape><Shape ID='17' NameU='Rectangle.17' Name='Rectangle.17' Type='Shape' Master='2'><Cell N='PinX' V='1.32044816415497'/><Cell N='PinY' V='10.0234375'/><Cell N='Width' V='1.859103671690061'/><Cell N='Height' V='0.453125'/><Cell N='LocPinX' V='0.929551835845031' F='Width*0.5'/><Cell N='LocPinY' V='0.2265625' F='Inh'/><Cell N='FillForegnd' V='#f2dcda' F='THEMEGUARD(MSOTINT(THEMEVAL("AccentColor"),80))'/><Cell N='FillBkgnd' V='#f5e3e2' F='THEMEGUARD(SHADE(FillForegnd,LUMDIFF(THEMEVAL("FillColor"),THEMEVAL("FillColor2"))))'/><Cell N='FillPattern' V='0'/><Cell N='LineGradientEnabled' V='0'/><Cell N='FillGradientEnabled' V='0'/><Cell N='LinePattern' V='0'/><Section N='Connection'><Row IX='0'><Cell N='X' V='0.9295518358450305' F='Inh'/><Cell N='Y' V='0' F='Inh'/></Row><Row IX='1'><Cell N='X' V='1.859103671690061' F='Inh'/><Cell N='Y' V='0.2265625' F='Inh'/></Row><Row IX='2'><Cell N='X' V='0.9295518358450305' F='Inh'/><Cell N='Y' V='0.453125' F='Inh'/></Row><Row IX='3'><Cell N='X' V='0' F='Inh'/><Cell N='Y' V='0.2265625' F='Inh'/></Row><Row IX='4'><Cell N='X' V='0.9295518358450305' F='Inh'/><Cell N='Y' V='0.2265625' F='Inh'/></Row></Section><Section N='Character'><Row IX='0'><Cell N='Font' V='Arial'/><Cell N='ComplexScriptFont' V='Arial'/></Row></Section><Section N='Paragraph'><Row IX='0'><Cell N='HorzAlign' V='0'/></Row></Section><Section N='Geometry' IX='0'><Row T='MoveTo' IX='1'><Cell N='X' V='0' F='Inh'/><Cell N='Y' V='0' F='Inh'/></Row><Row T='LineTo' IX='2'><Cell N='X' V='1.859103671690061' F='Inh'/><Cell N='Y' V='0' F='Inh'/></Row><Row T='LineTo' IX='3'><Cell N='X' V='1.859103671690061' F='Inh'/><Cell N='Y' V='0.453125' F='Inh'/></Row><Row T='LineTo' IX='4'><Cell N='X' V='0' F='Inh'/><Cell N='Y' V='0.453125' F='Inh'/></Row><Row T='LineTo' IX='5'><Cell N='X' V='0' F='Inh'/><Cell N='Y' V='0' F='Inh'/></Row></Section><Text><cp IX='0'/><pp IX='0'/>Tools used to Extract, Load and Transform Data
</Text></Shape><Shape ID='18' NameU='Rectangle.18' Name='Rectangle.18' Type='Shape' Master='2'><Cell N='PinX' V='7.125'/><Cell N='PinY' V='9.3515625'/><Cell N='Width' V='2'/><Cell N='Height' V='0.453125'/><Cell N='LocPinX' V='0.9999999999999991' F='Width*0.5'/><Cell N='LocPinY' V='0.2265625' F='Inh'/><Cell N='FillForegnd' V='#dbeef3' F='THEMEGUARD(MSOTINT(THEMEVAL("AccentColor4"),80))'/><Cell N='FillBkgnd' V='#e4f2f5' F='THEMEGUARD(SHADE(FillForegnd,LUMDIFF(THEMEVAL("FillColor"),THEMEVAL("FillColor2"))))'/><Cell N='FillGradientEnabled' V='0'/><Section N='Connection'><Row IX='0'><Cell N='X' V='0.9999999999999991' F='Inh'/><Cell N='Y' V='0' F='Inh'/></Row><Row IX='1'><Cell N='X' V='2' F='Inh'/><Cell N='Y' V='0.2265625' F='Inh'/></Row><Row IX='2'><Cell N='X' V='0.9999999999999991' F='Inh'/><Cell N='Y' V='0.453125' F='Inh'/></Row><Row IX='3'><Cell N='X' V='0' F='Inh'/><Cell N='Y' V='0.2265625' F='Inh'/></Row><Row IX='4'><Cell N='X' V='0.9999999999999991' F='Inh'/><Cell N='Y' V='0.2265625' F='Inh'/></Row></Section><Section N='Character'><Row IX='0'><Cell N='Font' V='Arial'/><Cell N='Size' V='0.125' U='PT'/><Cell N='ComplexScriptFont' V='Arial'/></Row></Section><Section N='Geometry' IX='0'><Row T='MoveTo' IX='1'><Cell N='X' V='0' F='Inh'/><Cell N='Y' V='0' F='Inh'/></Row><Row T='LineTo' IX='2'><Cell N='X' V='2' F='Inh'/><Cell N='Y' V='0' F='Inh'/></Row><Row T='LineTo' IX='3'><Cell N='X' V='2' F='Inh'/><Cell N='Y' V='0.453125' F='Inh'/></Row><Row T='LineTo' IX='4'><Cell N='X' V='0' F='Inh'/><Cell N='Y' V='0.453125' F='Inh'/></Row><Row T='LineTo' IX='5'><Cell N='X' V='0' F='Inh'/><Cell N='Y' V='0' F='Inh'/></Row></Section><Text><cp IX='0'/>Developer instance of SSAS
SQL Server Analysis Services
</Text></Shape><Shape ID='19' NameU='Rectangle.19' Name='Rectangle.19' Type='Shape' Master='2'><Cell N='PinX' V='4.9375'/><Cell N='PinY' V='9.3515625'/><Cell N='Width' V='2.125'/><Cell N='Height' V='0.453125'/><Cell N='LocPinX' V='1.0625' F='Width*0.5'/><Cell N='LocPinY' V='0.2265625' F='Inh'/><Cell N='FillForegnd' V='#eeeaf2' F='THEMEGUARD(MSOTINT(THEMEVAL("AccentColor3"),80))'/><Cell N='FillBkgnd' V='#f2eff5' F='THEMEGUARD(SHADE(FillForegnd,LUMDIFF(THEMEVAL("FillColor"),THEMEVAL("FillColor2"))))'/><Cell N='FillGradientEnabled' V='0'/><Section N='Connection'><Row IX='0'><Cell N='X' V='1.0625' F='Inh'/><Cell N='Y' V='0' F='Inh'/></Row><Row IX='1'><Cell N='X' V='2.125' F='Inh'/><Cell N='Y' V='0.2265625' F='Inh'/></Row><Row IX='2'><Cell N='X' V='1.0625' F='Inh'/><Cell N='Y' V='0.453125' F='Inh'/></Row><Row IX='3'><Cell N='X' V='0' F='Inh'/><Cell N='Y' V='0.2265625' F='Inh'/></Row><Row IX='4'><Cell N='X' V='1.0625' F='Inh'/><Cell N='Y' V='0.2265625' F='Inh'/></Row></Section><Section N='Character'><Row IX='0'><Cell N='Font' V='Arial'/><Cell N='Size' V='0.125' U='PT'/><Cell N='ComplexScriptFont' V='Arial'/></Row></Section><Section N='Geometry' IX='0'><Row T='MoveTo' IX='1'><Cell N='X' V='0' F='Inh'/><Cell N='Y' V='0' F='Inh'/></Row><Row T='LineTo' IX='2'><Cell N='X' V='2.125' F='Inh'/><Cell N='Y' V='0' F='Inh'/></Row><Row T='LineTo' IX='3'><Cell N='X' V='2.125' F='Inh'/><Cell N='Y' V='0.453125' F='Inh'/></Row><Row T='LineTo' IX='4'><Cell N='X' V='0' F='Inh'/><Cell N='Y' V='0.453125' F='Inh'/></Row><Row T='LineTo' IX='5'><Cell N='X' V='0' F='Inh'/><Cell N='Y' V='0' F='Inh'/></Row></Section><Text><cp IX='0'/>Analysis Services Tabular Project 
in Visual Studio
</Text></Shape><Shape ID='20' NameU='Rectangle.20' Name='Rectangle.20' Type='Shape' Master='2'><Cell N='PinX' V='3.060386169118474'/><Cell N='PinY' V='9.3515625'/><Cell N='Width' V='1.125'/><Cell N='Height' V='0.453125'/><Cell N='LocPinX' V='0.5625' F='Width*0.5'/><Cell N='LocPinY' V='0.2265625' F='Inh'/><Cell N='FillForegnd' V='#ebf1df' F='THEMEGUARD(MSOTINT(THEMEVAL("AccentColor2"),80))'/><Cell N='FillBkgnd' V='#f0f4e8' F='THEMEGUARD(SHADE(FillForegnd,LUMDIFF(THEMEVAL("FillColor"),THEMEVAL("FillColor2"))))'/><Cell N='FillGradientEnabled' V='0'/><Section N='Connection'><Row IX='0'><Cell N='X' V='0.5625' F='Inh'/><Cell N='Y' V='0' F='Inh'/></Row><Row IX='1'><Cell N='X' V='1.125' F='Inh'/><Cell N='Y' V='0.2265625' F='Inh'/></Row><Row IX='2'><Cell N='X' V='0.5625' F='Inh'/><Cell N='Y' V='0.453125' F='Inh'/></Row><Row IX='3'><Cell N='X' V='0' F='Inh'/><Cell N='Y' V='0.2265625' F='Inh'/></Row><Row IX='4'><Cell N='X' V='0.5625' F='Inh'/><Cell N='Y' V='0.2265625' F='Inh'/></Row></Section><Section N='Character'><Row IX='0'><Cell N='Font' V='Arial'/><Cell N='Size' V='0.125' U='PT'/><Cell N='ComplexScriptFont' V='Arial'/></Row></Section><Section N='Geometry' IX='0'><Row T='MoveTo' IX='1'><Cell N='X' V='0' F='Inh'/><Cell N='Y' V='0' F='Inh'/></Row><Row T='LineTo' IX='2'><Cell N='X' V='1.125' F='Inh'/><Cell N='Y' V='0' F='Inh'/></Row><Row T='LineTo' IX='3'><Cell N='X' V='1.125' F='Inh'/><Cell N='Y' V='0.453125' F='Inh'/></Row><Row T='LineTo' IX='4'><Cell N='X' V='0' F='Inh'/><Cell N='Y' V='0.453125' F='Inh'/></Row><Row T='LineTo' IX='5'><Cell N='X' V='0' F='Inh'/><Cell N='Y' V='0' F='Inh'/></Row></Section><Text><cp IX='0'/>Power Pivot
</Text></Shape><Shape ID='21' NameU='Rectangle.21' Name='Rectangle.21' Type='Shape' Master='2'><Cell N='PinX' V='1.304551835845031'/><Cell N='PinY' V='9.3515625'/><Cell N='Width' V='1.859103671690061'/><Cell N='Height' V='0.453125'/><Cell N='LocPinX' V='0.929551835845031' F='Width*0.5'/><Cell N='LocPinY' V='0.2265625' F='Inh'/><Cell N='FillForegnd' V='#f2dcda' F='THEMEGUARD(MSOTINT(THEMEVAL("AccentColor"),80))'/><Cell N='FillBkgnd' V='#f5e3e2' F='THEMEGUARD(SHADE(FillForegnd,LUMDIFF(THEMEVAL("FillColor"),THEMEVAL("FillColor2"))))'/><Cell N='FillPattern' V='0'/><Cell N='LineGradientEnabled' V='0'/><Cell N='FillGradientEnabled' V='0'/><Cell N='LinePattern' V='0'/><Section N='Connection'><Row IX='0'><Cell N='X' V='0.9295518358450305' F='Inh'/><Cell N='Y' V='0' F='Inh'/></Row><Row IX='1'><Cell N='X' V='1.859103671690061' F='Inh'/><Cell N='Y' V='0.2265625' F='Inh'/></Row><Row IX='2'><Cell N='X' V='0.9295518358450305' F='Inh'/><Cell N='Y' V='0.453125' F='Inh'/></Row><Row IX='3'><Cell N='X' V='0' F='Inh'/><Cell N='Y' V='0.2265625' F='Inh'/></Row><Row IX='4'><Cell N='X' V='0.9295518358450305' F='Inh'/><Cell N='Y' V='0.2265625' F='Inh'/></Row></Section><Section N='Character'><Row IX='0'><Cell N='Font' V='Arial'/><Cell N='ComplexScriptFont' V='Arial'/></Row></Section><Section N='Paragraph'><Row IX='0'><Cell N='HorzAlign' V='0'/></Row></Section><Section N='Geometry' IX='0'><Row T='MoveTo' IX='1'><Cell N='X' V='0' F='Inh'/><Cell N='Y' V='0' F='Inh'/></Row><Row T='LineTo' IX='2'><Cell N='X' V='1.859103671690061' F='Inh'/><Cell N='Y' V='0' F='Inh'/></Row><Row T='LineTo' IX='3'><Cell N='X' V='1.859103671690061' F='Inh'/><Cell N='Y' V='0.453125' F='Inh'/></Row><Row T='LineTo' IX='4'><Cell N='X' V='0' F='Inh'/><Cell N='Y' V='0.453125' F='Inh'/></Row><Row T='LineTo' IX='5'><Cell N='X' V='0' F='Inh'/><Cell N='Y' V='0' F='Inh'/></Row></Section><Text><cp IX='0'/><pp IX='0'/>Tools used to create and design a data model
</Text></Shape><Shape ID='24' NameU='Rectangle.24' Name='Rectangle.24' Type='Shape' Master='2'><Cell N='PinX' V='7.125'/><Cell N='PinY' V='8.6484375'/><Cell N='Width' V='2'/><Cell N='Height' V='0.453125'/><Cell N='LocPinX' V='0.9999999999999991' F='Width*0.5'/><Cell N='LocPinY' V='0.2265625' F='Inh'/><Cell N='FillForegnd' V='#dbeef3' F='THEMEGUARD(MSOTINT(THEMEVAL("AccentColor4"),80))'/><Cell N='FillBkgnd' V='#e4f2f5' F='THEMEGUARD(SHADE(FillForegnd,LUMDIFF(THEMEVAL("FillColor"),THEMEVAL("FillColor2"))))'/><Cell N='FillGradientEnabled' V='0'/><Section N='Connection'><Row IX='0'><Cell N='X' V='0.9999999999999991' F='Inh'/><Cell N='Y' V='0' F='Inh'/></Row><Row IX='1'><Cell N='X' V='2' F='Inh'/><Cell N='Y' V='0.2265625' F='Inh'/></Row><Row IX='2'><Cell N='X' V='0.9999999999999991' F='Inh'/><Cell N='Y' V='0.453125' F='Inh'/></Row><Row IX='3'><Cell N='X' V='0' F='Inh'/><Cell N='Y' V='0.2265625' F='Inh'/></Row><Row IX='4'><Cell N='X' V='0.9999999999999991' F='Inh'/><Cell N='Y' V='0.2265625' F='Inh'/></Row></Section><Section N='Character'><Row IX='0'><Cell N='Font' V='Arial'/><Cell N='Size' V='0.125' U='PT'/><Cell N='ComplexScriptFont' V='Arial'/></Row></Section><Section N='Geometry' IX='0'><Row T='MoveTo' IX='1'><Cell N='X' V='0' F='Inh'/><Cell N='Y' V='0' F='Inh'/></Row><Row T='LineTo' IX='2'><Cell N='X' V='2' F='Inh'/><Cell N='Y' V='0' F='Inh'/></Row><Row T='LineTo' IX='3'><Cell N='X' V='2' F='Inh'/><Cell N='Y' V='0.453125' F='Inh'/></Row><Row T='LineTo' IX='4'><Cell N='X' V='0' F='Inh'/><Cell N='Y' V='0.453125' F='Inh'/></Row><Row T='LineTo' IX='5'><Cell N='X' V='0' F='Inh'/><Cell N='Y' V='0' F='Inh'/></Row></Section><Text><cp IX='0'/>Developer instance of SSRS
SQL Server Reporting Services
</Text></Shape><Shape ID='25' NameU='Rectangle.25' Name='Rectangle.25' Type='Shape' Master='2'><Cell N='PinX' V='4.9375'/><Cell N='PinY' V='8.6484375'/><Cell N='Width' V='2.125'/><Cell N='Height' V='0.453125'/><Cell N='LocPinX' V='1.0625' F='Width*0.5'/><Cell N='LocPinY' V='0.2265625' F='Inh'/><Cell N='FillForegnd' V='#eeeaf2' F='THEMEGUARD(MSOTINT(THEMEVAL("AccentColor3"),80))'/><Cell N='FillBkgnd' V='#f2eff5' F='THEMEGUARD(SHADE(FillForegnd,LUMDIFF(THEMEVAL("FillColor"),THEMEVAL("FillColor2"))))'/><Cell N='FillGradientEnabled' V='0'/><Section N='Connection'><Row IX='0'><Cell N='X' V='1.0625' F='Inh'/><Cell N='Y' V='0' F='Inh'/></Row><Row IX='1'><Cell N='X' V='2.125' F='Inh'/><Cell N='Y' V='0.2265625' F='Inh'/></Row><Row IX='2'><Cell N='X' V='1.0625' F='Inh'/><Cell N='Y' V='0.453125' F='Inh'/></Row><Row IX='3'><Cell N='X' V='0' F='Inh'/><Cell N='Y' V='0.2265625' F='Inh'/></Row><Row IX='4'><Cell N='X' V='1.0625' F='Inh'/><Cell N='Y' V='0.2265625' F='Inh'/></Row></Section><Section N='Character'><Row IX='0'><Cell N='Font' V='Arial'/><Cell N='Size' V='0.125' U='PT'/><Cell N='ComplexScriptFont' V='Arial'/></Row></Section><Section N='Geometry' IX='0'><Row T='MoveTo' IX='1'><Cell N='X' V='0' F='Inh'/><Cell N='Y' V='0' F='Inh'/></Row><Row T='LineTo' IX='2'><Cell N='X' V='2.125' F='Inh'/><Cell N='Y' V='0' F='Inh'/></Row><Row T='LineTo' IX='3'><Cell N='X' V='2.125' F='Inh'/><Cell N='Y' V='0.453125' F='Inh'/></Row><Row T='LineTo' IX='4'><Cell N='X' V='0' F='Inh'/><Cell N='Y' V='0.453125' F='Inh'/></Row><Row T='LineTo' IX='5'><Cell N='X' V='0' F='Inh'/><Cell N='Y' V='0' F='Inh'/></Row></Section><Text><cp IX='0'/>Report Server Project
in Visual Studio
</Text></Shape><Shape ID='26' NameU='Rectangle.26' Name='Rectangle.26' Type='Shape' Master='2'><Cell N='PinX' V='3.060386169118474'/><Cell N='PinY' V='8.6484375'/><Cell N='Width' V='1.125'/><Cell N='Height' V='0.453125'/><Cell N='LocPinX' V='0.5625' F='Width*0.5'/><Cell N='LocPinY' V='0.2265625' F='Inh'/><Cell N='FillForegnd' V='#ebf1df' F='THEMEGUARD(MSOTINT(THEMEVAL("AccentColor2"),80))'/><Cell N='FillBkgnd' V='#f0f4e8' F='THEMEGUARD(SHADE(FillForegnd,LUMDIFF(THEMEVAL("FillColor"),THEMEVAL("FillColor2"))))'/><Cell N='FillGradientEnabled' V='0'/><Section N='Connection'><Row IX='0'><Cell N='X' V='0.5625' F='Inh'/><Cell N='Y' V='0' F='Inh'/></Row><Row IX='1'><Cell N='X' V='1.125' F='Inh'/><Cell N='Y' V='0.2265625' F='Inh'/></Row><Row IX='2'><Cell N='X' V='0.5625' F='Inh'/><Cell N='Y' V='0.453125' F='Inh'/></Row><Row IX='3'><Cell N='X' V='0' F='Inh'/><Cell N='Y' V='0.2265625' F='Inh'/></Row><Row IX='4'><Cell N='X' V='0.5625' F='Inh'/><Cell N='Y' V='0.2265625' F='Inh'/></Row></Section><Section N='Character'><Row IX='0'><Cell N='Font' V='Arial'/><Cell N='Size' V='0.125' U='PT'/><Cell N='ComplexScriptFont' V='Arial'/></Row></Section><Section N='Geometry' IX='0'><Row T='MoveTo' IX='1'><Cell N='X' V='0' F='Inh'/><Cell N='Y' V='0' F='Inh'/></Row><Row T='LineTo' IX='2'><Cell N='X' V='1.125' F='Inh'/><Cell N='Y' V='0' F='Inh'/></Row><Row T='LineTo' IX='3'><Cell N='X' V='1.125' F='Inh'/><Cell N='Y' V='0.453125' F='Inh'/></Row><Row T='LineTo' IX='4'><Cell N='X' V='0' F='Inh'/><Cell N='Y' V='0.453125' F='Inh'/></Row><Row T='LineTo' IX='5'><Cell N='X' V='0' F='Inh'/><Cell N='Y' V='0' F='Inh'/></Row></Section><Text><cp IX='0'/>PivotTables and PivotCharts
</Text></Shape><Shape ID='27' NameU='Rectangle.27' Name='Rectangle.27' Type='Shape' Master='2'><Cell N='PinX' V='1.304551835845031'/><Cell N='PinY' V='8.6015625'/><Cell N='Width' V='1.859103671690061'/><Cell N='Height' V='0.453125'/><Cell N='LocPinX' V='0.929551835845031' F='Width*0.5'/><Cell N='LocPinY' V='0.2265625' F='Inh'/><Cell N='FillForegnd' V='#f2dcda' F='THEMEGUARD(MSOTINT(THEMEVAL("AccentColor"),80))'/><Cell N='FillBkgnd' V='#f5e3e2' F='THEMEGUARD(SHADE(FillForegnd,LUMDIFF(THEMEVAL("FillColor"),THEMEVAL("FillColor2"))))'/><Cell N='FillPattern' V='0'/><Cell N='LineGradientEnabled' V='0'/><Cell N='FillGradientEnabled' V='0'/><Cell N='LinePattern' V='0'/><Section N='Connection'><Row IX='0'><Cell N='X' V='0.9295518358450305' F='Inh'/><Cell N='Y' V='0' F='Inh'/></Row><Row IX='1'><Cell N='X' V='1.859103671690061' F='Inh'/><Cell N='Y' V='0.2265625' F='Inh'/></Row><Row IX='2'><Cell N='X' V='0.9295518358450305' F='Inh'/><Cell N='Y' V='0.453125' F='Inh'/></Row><Row IX='3'><Cell N='X' V='0' F='Inh'/><Cell N='Y' V='0.2265625' F='Inh'/></Row><Row IX='4'><Cell N='X' V='0.9295518358450305' F='Inh'/><Cell N='Y' V='0.2265625' F='Inh'/></Row></Section><Section N='Character'><Row IX='0'><Cell N='Font' V='Arial'/><Cell N='ComplexScriptFont' V='Arial'/></Row></Section><Section N='Paragraph'><Row IX='0'><Cell N='HorzAlign' V='0'/></Row></Section><Section N='Geometry' IX='0'><Row T='MoveTo' IX='1'><Cell N='X' V='0' F='Inh'/><Cell N='Y' V='0' F='Inh'/></Row><Row T='LineTo' IX='2'><Cell N='X' V='1.859103671690061' F='Inh'/><Cell N='Y' V='0' F='Inh'/></Row><Row T='LineTo' IX='3'><Cell N='X' V='1.859103671690061' F='Inh'/><Cell N='Y' V='0.453125' F='Inh'/></Row><Row T='LineTo' IX='4'><Cell N='X' V='0' F='Inh'/><Cell N='Y' V='0.453125' F='Inh'/></Row><Row T='LineTo' IX='5'><Cell N='X' V='0' F='Inh'/><Cell N='Y' V='0' F='Inh'/></Row></Section><Text><cp IX='0'/><pp IX='0'/>Tools used to create and design reports, dashboards and other BI visualizations
</Text></Shape><Shape ID='28' NameU='Rectangle.28' Name='Rectangle.28' Type='Shape' Master='2'><Cell N='PinX' V='3.060386169118476'/><Cell N='PinY' V='8.1015625'/><Cell N='Width' V='1.125'/><Cell N='Height' V='0.453125'/><Cell N='LocPinX' V='0.5625' F='Width*0.5'/><Cell N='LocPinY' V='0.2265625' F='Inh'/><Cell N='FillForegnd' V='#ebf1df' F='THEMEGUARD(MSOTINT(THEMEVAL("AccentColor2"),80))'/><Cell N='FillBkgnd' V='#f0f4e8' F='THEMEGUARD(SHADE(FillForegnd,LUMDIFF(THEMEVAL("FillColor"),THEMEVAL("FillColor2"))))'/><Cell N='FillGradientEnabled' V='0'/><Section N='Connection'><Row IX='0'><Cell N='X' V='0.5625' F='Inh'/><Cell N='Y' V='0' F='Inh'/></Row><Row IX='1'><Cell N='X' V='1.125' F='Inh'/><Cell N='Y' V='0.2265625' F='Inh'/></Row><Row IX='2'><Cell N='X' V='0.5625' F='Inh'/><Cell N='Y' V='0.453125' F='Inh'/></Row><Row IX='3'><Cell N='X' V='0' F='Inh'/><Cell N='Y' V='0.2265625' F='Inh'/></Row><Row IX='4'><Cell N='X' V='0.5625' F='Inh'/><Cell N='Y' V='0.2265625' F='Inh'/></Row></Section><Section N='Character'><Row IX='0'><Cell N='Font' V='Arial'/><Cell N='Size' V='0.125' U='PT'/><Cell N='ComplexScriptFont' V='Arial'/></Row></Section><Section N='Geometry' IX='0'><Row T='MoveTo' IX='1'><Cell N='X' V='0' F='Inh'/><Cell N='Y' V='0' F='Inh'/></Row><Row T='LineTo' IX='2'><Cell N='X' V='1.125' F='Inh'/><Cell N='Y' V='0' F='Inh'/></Row><Row T='LineTo' IX='3'><Cell N='X' V='1.125' F='Inh'/><Cell N='Y' V='0.453125' F='Inh'/></Row><Row T='LineTo' IX='4'><Cell N='X' V='0' F='Inh'/><Cell N='Y' V='0.453125' F='Inh'/></Row><Row T='LineTo' IX='5'><Cell N='X' V='0' F='Inh'/><Cell N='Y' V='0' F='Inh'/></Row></Section><Text><cp IX='0'/>Power Map
</Text></Shape><Shape ID='29' NameU='Rectangle.29' Name='Rectangle.29' Type='Shape' Master='2'><Cell N='PinX' V='3.060386169118476'/><Cell N='PinY' V='7.5234375'/><Cell N='Width' V='1.125'/><Cell N='Height' V='0.453125'/><Cell N='LocPinX' V='0.5625' F='Width*0.5'/><Cell N='LocPinY' V='0.2265625' F='Inh'/><Cell N='FillForegnd' V='#ebf1df' F='THEMEGUARD(MSOTINT(THEMEVAL("AccentColor2"),80))'/><Cell N='FillBkgnd' V='#f0f4e8' F='THEMEGUARD(SHADE(FillForegnd,LUMDIFF(THEMEVAL("FillColor"),THEMEVAL("FillColor2"))))'/><Cell N='FillGradientEnabled' V='0'/><Section N='Connection'><Row IX='0'><Cell N='X' V='0.5625' F='Inh'/><Cell N='Y' V='0' F='Inh'/></Row><Row IX='1'><Cell N='X' V='1.125' F='Inh'/><Cell N='Y' V='0.2265625' F='Inh'/></Row><Row IX='2'><Cell N='X' V='0.5625' F='Inh'/><Cell N='Y' V='0.453125' F='Inh'/></Row><Row IX='3'><Cell N='X' V='0' F='Inh'/><Cell N='Y' V='0.2265625' F='Inh'/></Row><Row IX='4'><Cell N='X' V='0.5625' F='Inh'/><Cell N='Y' V='0.2265625' F='Inh'/></Row></Section><Section N='Character'><Row IX='0'><Cell N='Font' V='Arial'/><Cell N='Size' V='0.125' U='PT'/><Cell N='ComplexScriptFont' V='Arial'/></Row></Section><Section N='Geometry' IX='0'><Row T='MoveTo' IX='1'><Cell N='X' V='0' F='Inh'/><Cell N='Y' V='0' F='Inh'/></Row><Row T='LineTo' IX='2'><Cell N='X' V='1.125' F='Inh'/><Cell N='Y' V='0' F='Inh'/></Row><Row T='LineTo' IX='3'><Cell N='X' V='1.125' F='Inh'/><Cell N='Y' V='0.453125' F='Inh'/></Row><Row T='LineTo' IX='4'><Cell N='X' V='0' F='Inh'/><Cell N='Y' V='0.453125' F='Inh'/></Row><Row T='LineTo' IX='5'><Cell N='X' V='0' F='Inh'/><Cell N='Y' V='0' F='Inh'/></Row></Section><Text><cp IX='0'/>Power Map
</Text></Shape><Shape ID='1' NameU='Rectangle.11' IsCustomNameU='1' Name='Rectangle.11' IsCustomName='1' Type='Shape' Master='2'><Cell N='PinX' V='3.061443084559237'/><Cell N='PinY' V='8.9375'/><Cell N='Width' V='1.377113830881527'/><Cell N='Height' V='3.625'/><Cell N='LocPinX' V='0.6885569154407635' F='Width*0.5'/><Cell N='LocPinY' V='1.8125' F='Inh'/><Cell N='TopMargin' V='0.1111111111111111' U='PT'/><Cell N='VerticalAlign' V='0'/><Cell N='FillForegnd' V='#f2f2f2' F='THEMEGUARD(MSOTINT(RGB(255,255,255),-5))'/><Cell N='FillBkgnd' V='#f5f5f5' F='THEMEGUARD(SHADE(FillForegnd,LUMDIFF(THEMEVAL("FillColor"),THEMEVAL("FillColor2"))))'/><Cell N='FillPattern' V='0'/><Cell N='FillForegndTrans' V='0.67'/><Cell N='FillBkgndTrans' V='0.67'/><Cell N='FillGradientEnabled' V='0'/><Cell N='RotateGradientWithShape' V='0'/><Cell N='LineColor' V='#595959' F='THEMEGUARD(MSOTINT(RGB(0,0,0),35))'/><Section N='Connection'><Row IX='0'><Cell N='X' V='0.6885569154407635' F='Inh'/><Cell N='Y' V='0' F='Inh'/></Row><Row IX='1'><Cell N='X' V='1.377113830881527' F='Inh'/><Cell N='Y' V='1.8125' F='Inh'/></Row><Row IX='2'><Cell N='X' V='0.6885569154407635' F='Inh'/><Cell N='Y' V='3.625' F='Inh'/></Row><Row IX='3'><Cell N='X' V='0' F='Inh'/><Cell N='Y' V='1.8125' F='Inh'/></Row><Row IX='4'><Cell N='X' V='0.6885569154407635' F='Inh'/><Cell N='Y' V='1.8125' F='Inh'/></Row></Section><Section N='Character'><Row IX='0'><Cell N='Font' V='Arial'/><Cell N='Color' V='#595959' F='THEMEGUARD(MSOTINT(RGB(0,0,0),35))'/><Cell N='Size' V='0.1944444444444445' U='PT'/><Cell N='ComplexScriptFont' V='Arial'/></Row></Section><Section N='Geometry' IX='0'><Row T='MoveTo' IX='1'><Cell N='X' V='0' F='Inh'/><Cell N='Y' V='0' F='Inh'/></Row><Row T='LineTo' IX='2'><Cell N='X' V='1.377113830881527' F='Inh'/><Cell N='Y' V='0' F='Inh'/></Row><Row T='LineTo' IX='3'><Cell N='X' V='1.377113830881527' F='Inh'/><Cell N='Y' V='3.625' F='Inh'/></Row><Row T='LineTo' IX='4'><Cell N='X' V='0' F='Inh'/><Cell N='Y' V='3.625' F='Inh'/></Row><Row T='LineTo' IX='5'><Cell N='X' V='0' F='Inh'/><Cell N='Y' V='0' F='Inh'/></Row></Section><Text><cp IX='0'/>SSBI Tools
</Text></Shape><Shape ID='6' NameU='Rectangle.6' Name='Rectangle.6' Type='Shape' Master='2'><Cell N='PinX' V='6'/><Cell N='PinY' V='8.9375'/><Cell N='Width' V='4.5'/><Cell N='Height' V='3.625'/><Cell N='LocPinX' V='2.25' F='Width*0.5'/><Cell N='LocPinY' V='1.8125' F='Inh'/><Cell N='TopMargin' V='0.1111111111111111' U='PT'/><Cell N='VerticalAlign' V='0'/><Cell N='FillForegnd' V='#f2dcda' F='THEMEGUARD(MSOTINT(THEMEVAL("AccentColor"),80))'/><Cell N='FillBkgnd' V='#f5e3e2' F='THEMEGUARD(SHADE(FillForegnd,LUMDIFF(THEMEVAL("FillColor"),THEMEVAL("FillColor2"))))'/><Cell N='FillPattern' V='0'/><Cell N='FillForegndTrans' V='0.65'/><Cell N='FillBkgndTrans' V='0.65'/><Cell N='FillGradientEnabled' V='0'/><Cell N='RotateGradientWithShape' V='0'/><Cell N='LineColor' V='#595959' F='THEMEGUARD(MSOTINT(RGB(0,0,0),35))'/><Section N='Connection'><Row IX='0'><Cell N='X' V='2.25' F='Inh'/><Cell N='Y' V='0' F='Inh'/></Row><Row IX='1'><Cell N='X' V='4.5' F='Inh'/><Cell N='Y' V='1.8125' F='Inh'/></Row><Row IX='2'><Cell N='X' V='2.25' F='Inh'/><Cell N='Y' V='3.625' F='Inh'/></Row><Row IX='3'><Cell N='X' V='0' F='Inh'/><Cell N='Y' V='1.8125' F='Inh'/></Row><Row IX='4'><Cell N='X' V='2.25' F='Inh'/><Cell N='Y' V='1.8125' F='Inh'/></Row></Section><Section N='Paragraph'><Row IX='0'><Cell N='SpLine' V='-1'/><Cell N='SpBefore' V='0.3333333333333333' U='PT'/></Row></Section><Section N='Character'><Row IX='0'><Cell N='Font' V='Arial'/><Cell N='Color' V='#595959' F='THEMEGUARD(MSOTINT(RGB(0,0,0),35))'/><Cell N='Size' V='0.1944444444444445' U='PT'/><Cell N='ComplexScriptFont' V='Arial'/></Row></Section><Section N='Geometry' IX='0'><Row T='MoveTo' IX='1'><Cell N='X' V='0' F='Inh'/><Cell N='Y' V='0' F='Inh'/></Row><Row T='LineTo' IX='2'><Cell N='X' V='4.5' F='Inh'/><Cell N='Y' V='0' F='Inh'/></Row><Row T='LineTo' IX='3'><Cell N='X' V='4.5' F='Inh'/><Cell N='Y' V='3.625' F='Inh'/></Row><Row T='LineTo' IX='4'><Cell N='X' V='0' F='Inh'/><Cell N='Y' V='3.625' F='Inh'/></Row><Row T='LineTo' IX='5'><Cell N='X' V='0' F='Inh'/><Cell N='Y' V='0' F='Inh'/></Row></Section><Text><cp IX='0'/><pp IX='0'/>BI Developer Tools
</Text></Shape></Shapes></PageContents>