<?xml version="1.0" encoding="utf-8"?>
<!-- _lcid="1033" _version="12.0.3111" _dal="1" -->
<!-- _LocalBinding -->

<!-- Insert Feature.xml Code Snippet here.  To do this:
1) Right click on this page and select "Insert Snippet" (or press Ctrl+K, then X)
2) Select Snippets->SharePoint Workflow->Feature.xml Code -->
<Feature  Id="{FD50657C-0BBD-4c76-9006-1DA3ABB94403}"
                    Title="Litware Timesheet Approval Workflow"
                    Description="This feature is a workflow that ..."
                    Version="12.0.0.0"
                    Scope="Site"
                    ReceiverAssembly="Microsoft.Office.Workflow.Feature, Version=12.0.0.0, Culture=neutral, PublicKeyToken=71e9bce111e9429c"
                    ReceiverClass="Microsoft.Office.Workflow.Feature.WorkflowFeatureReceiver"
                    xmlns="http://schemas.microsoft.com/sharepoint/"
		            ImageUrl="WorkflowSolutionFeature.gif">
	<ElementManifests>
		<ElementManifest Location="workflow.xml" />
    <ElementFile Location="CustomApprovalAssoc.xsn" />
    <ElementFile Location="CustomApprovalInit.xsn" />
    <ElementFile Location="CustomApprovalTask.xsn" />

  </ElementManifests>
	<Properties>
		<Property Key="GloballyAvailable" Value="true" />

		<!-- Value for RegisterForms key indicates the path to the forms relative to feature file location -->
		<!-- if you don't have forms, use *.xsn -->
		<Property Key="RegisterForms" Value="*.xsn" />
	</Properties>
</Feature>


