<?xml version='1.0' encoding='utf-8' ?>
<MasterContents xmlns='http://schemas.microsoft.com/office/visio/2012/main' xmlns:r='http://schemas.openxmlformats.org/officeDocument/2006/relationships' xml:space='preserve'><Shapes><Shape ID='5' Type='Group' LineStyle='9' FillStyle='9' TextStyle='9'><Cell N='PinX' V='8.432291666666668'/><Cell N='PinY' V='0.3229166666666661'/><Cell N='Width' V='0.8645833333333333'/><Cell N='Height' V='0.6458333333333333'/><Cell N='LocPinX' V='0.4322916666666666' F='Width*0.5'/><Cell N='LocPinY' V='0.3229166666666666' F='Height*0.5'/><Cell N='Angle' V='0'/><Cell N='FlipX' V='0'/><Cell N='FlipY' V='0'/><Cell N='ResizeMode' V='0'/><Cell N='QuickStyleVariation' V='4'/><Shapes><Shape ID='6' Type='Group' LineStyle='9' FillStyle='9' TextStyle='9'><Cell N='PinX' V='0.4322916666666666' F='Sheet.5!Width*0.5'/><Cell N='PinY' V='0.3229166666666666' F='Sheet.5!Height*0.5'/><Cell N='Width' V='0.8645833333333333' F='Sheet.5!Width*1'/><Cell N='Height' V='0.6458333333333333' F='Sheet.5!Height*1'/><Cell N='LocPinX' V='0.4322916666666666' F='Width*0.5'/><Cell N='LocPinY' V='0.3229166666666666' F='Height*0.5'/><Cell N='Angle' V='0'/><Cell N='FlipX' V='0'/><Cell N='FlipY' V='0'/><Cell N='ResizeMode' V='0'/><Cell N='QuickStyleVariation' V='4'/><Shapes><Shape ID='7' Type='Shape' LineStyle='9' FillStyle='9' TextStyle='9'><Cell N='PinX' V='0.4322916666666666' F='Sheet.6!Width*0.5'/><Cell N='PinY' V='0.3229166666666666' F='Sheet.6!Height*0.5'/><Cell N='Width' V='0.8645833333333333' F='Sheet.6!Width*1'/><Cell N='Height' V='0.6458333333333333' F='Sheet.6!Height*1'/><Cell N='LocPinX' V='0.4322916666666666' F='Width*0.5'/><Cell N='LocPinY' V='0.3229166666666666' F='Height*0.5'/><Cell N='Angle' V='0'/><Cell N='FlipX' V='0'/><Cell N='FlipY' V='0'/><Cell N='ResizeMode' V='0'/><Cell N='FillForegnd' V='1' F='THEMEVAL("FillColor",1)'/><Section N='Geometry' IX='0'><Cell N='NoFill' V='0'/><Cell N='NoLine' V='0'/><Cell N='NoShow' V='0'/><Cell N='NoSnap' V='0'/><Cell N='NoQuickDrag' V='0'/><Row T='MoveTo' IX='1'><Cell N='X' V='0.8645833333333333' F='Width*1'/><Cell N='Y' V='0.59375' F='Height*0.91935483870968'/></Row><Row T='NURBSTo' IX='2'><Cell N='X' V='0.8125' F='Width*0.93975903614458'/><Cell N='Y' V='0.6458333333333333' F='Height*1'/><Cell N='A' V='0'/><Cell N='B' V='1'/><Cell N='C' V='0'/><Cell N='D' V='1'/><Cell N='E' V='NURBS(1, 3, 0, 0, 1,0.96451612903226,0,1, 0.97349397590361,1,0,1)' U='NURBS' F='NURBS(1,3,0,0,1,0.96451612903226,0,1,0.97349397590361,1,0,1)'/></Row><Row T='LineTo' IX='3'><Cell N='X' V='0.5625' F='Width*0.65060240963855'/><Cell N='Y' V='0.6458333333333333' F='Height*1'/></Row><Row T='NURBSTo' IX='4'><Cell N='X' V='0.5260416666666666' F='Width*0.60843373493976'/><Cell N='Y' V='0.63125' F='Height*0.97741935483871'/><Cell N='A' V='0'/><Cell N='B' V='1'/><Cell N='C' V='0'/><Cell N='D' V='1'/><Cell N='E' V='NURBS(1, 3, 0, 0, 0.63373493975904,1,0,1, 0.61927710843374,0.99032258064516,0,1)' U='NURBS' F='NURBS(1,3,0,0,0.63373493975904,1,0,1,0.61927710843374,0.99032258064516,0,1)'/></Row><Row T='NURBSTo' IX='5'><Cell N='X' V='0.4895833333333333' F='Width*0.56626506024096'/><Cell N='Y' V='0.6458333333333333' F='Height*1'/><Cell N='A' V='0'/><Cell N='B' V='1'/><Cell N='C' V='0'/><Cell N='D' V='1'/><Cell N='E' V='NURBS(1, 3, 0, 0, 0.59759036144578,0.99032258064516,0,1, 0.58313253012048,1,0,1)' U='NURBS' F='NURBS(1,3,0,0,0.59759036144578,0.99032258064516,0,1,0.58313253012048,1,0,1)'/></Row><Row T='LineTo' IX='6'><Cell N='X' V='0.375' F='Width*0.43373493975904'/><Cell N='Y' V='0.6458333333333333' F='Height*1'/></Row><Row T='NURBSTo' IX='7'><Cell N='X' V='0.3385416666666667' F='Width*0.39156626506024'/><Cell N='Y' V='0.63125' F='Height*0.97741935483871'/><Cell N='A' V='0'/><Cell N='B' V='1'/><Cell N='C' V='0'/><Cell N='D' V='1'/><Cell N='E' V='NURBS(1, 3, 0, 0, 0.41686746987952,1,0,1, 0.40240963855422,0.99032258064516,0,1)' U='NURBS' F='NURBS(1,3,0,0,0.41686746987952,1,0,1,0.40240963855422,0.99032258064516,0,1)'/></Row><Row T='NURBSTo' IX='8'><Cell N='X' V='0.3020833333333333' F='Width*0.34939759036145'/><Cell N='Y' V='0.6458333333333333' F='Height*1'/><Cell N='A' V='0'/><Cell N='B' V='1'/><Cell N='C' V='0'/><Cell N='D' V='1'/><Cell N='E' V='NURBS(1, 3, 0, 0, 0.38072289156627,0.99032258064516,0,1, 0.36626506024096,1,0,1)' U='NURBS' F='NURBS(1,3,0,0,0.38072289156627,0.99032258064516,0,1,0.36626506024096,1,0,1)'/></Row><Row T='LineTo' IX='9'><Cell N='X' V='0.05208333333333334' F='Width*0.060240963855422'/><Cell N='Y' V='0.6458333333333333' F='Height*1'/></Row><Row T='NURBSTo' IX='10'><Cell N='X' V='0' F='Width*0'/><Cell N='Y' V='0.59375' F='Height*0.91935483870968'/><Cell N='A' V='0'/><Cell N='B' V='1'/><Cell N='C' V='0'/><Cell N='D' V='1'/><Cell N='E' V='NURBS(1, 3, 0, 0, 0.026506024096386,1,0,1, 0,0.96451612903226,0,1)' U='NURBS' F='NURBS(1,3,0,0,0.026506024096386,1,0,1,0,0.96451612903226,0,1)'/></Row><Row T='LineTo' IX='11'><Cell N='X' V='0' F='Width*0'/><Cell N='Y' V='0.05208333333333337' F='Height*0.080645161290323'/></Row><Row T='LineTo' IX='12'><Cell N='X' V='0.03125' F='Width*0.036144578313253'/><Cell N='Y' V='0.05208333333333337' F='Height*0.080645161290323'/></Row><Row T='LineTo' IX='13'><Cell N='X' V='0.03125' F='Width*0.036144578313253'/><Cell N='Y' V='0' F='Height*0'/></Row><Row T='LineTo' IX='14'><Cell N='X' V='0.8333333333333334' F='Width*0.96385542168675'/><Cell N='Y' V='0' F='Height*0'/></Row><Row T='LineTo' IX='15'><Cell N='X' V='0.8333333333333334' F='Width*0.96385542168675'/><Cell N='Y' V='0.05208333333333337' F='Height*0.080645161290323'/></Row><Row T='LineTo' IX='16'><Cell N='X' V='0.8645833333333333' F='Width*1'/><Cell N='Y' V='0.05208333333333337' F='Height*0.080645161290323'/></Row><Row T='LineTo' IX='17'><Cell N='X' V='0.8645833333333333' F='Width*1'/><Cell N='Y' V='0.59375' F='Height*0.91935483870968'/></Row><Row T='LineTo' IX='18'><Cell N='X' V='0.8645833333333333' F='Width*1'/><Cell N='Y' V='0.59375' F='Height*0.91935483870968'/></Row></Section></Shape><Shape ID='8' Type='Shape' LineStyle='9' FillStyle='9' TextStyle='9'><Cell N='PinX' V='0.1770833333333301' F='Sheet.6!Width*0.20481927710843'/><Cell N='PinY' V='0.3489583333333325' F='Sheet.6!Height*0.54032258064516'/><Cell N='Width' V='0.2916666666666654' F='Sheet.6!Width*0.33734939759036'/><Cell N='Height' V='0.53125' F='Sheet.6!Height*0.82258064516129'/><Cell N='LocPinX' V='0.1458333333333333' F='Width*0.5'/><Cell N='LocPinY' V='0.265625' F='Height*0.5'/><Cell N='Angle' V='0'/><Cell N='FlipX' V='0'/><Cell N='FlipY' V='0'/><Cell N='ResizeMode' V='0'/><Cell N='FillForegnd' V='#515050' F='THEMEVAL("FillColor",RGB(81,80,80))'/><Section N='Geometry' IX='0'><Cell N='NoFill' V='0'/><Cell N='NoLine' V='0'/><Cell N='NoShow' V='0'/><Cell N='NoSnap' V='0'/><Cell N='NoQuickDrag' V='0'/><Row T='MoveTo' IX='1'><Cell N='X' V='0.2916666666666654' F='Width*1'/><Cell N='Y' V='1.110223024625156E-16' F='Height*2.089831575765E-16'/></Row><Row T='LineTo' IX='2'><Cell N='X' V='0' F='Width*0'/><Cell N='Y' V='1.110223024625156E-16' F='Height*2.089831575765E-16'/></Row><Row T='LineTo' IX='3'><Cell N='X' V='0' F='Width*0'/><Cell N='Y' V='0.5104166666666665' F='Height*0.96078431372549'/></Row><Row T='NURBSTo' IX='4'><Cell N='X' V='0.02083333333333325' F='Width*0.071428571428571'/><Cell N='Y' V='0.53125' F='Height*1'/><Cell N='A' V='0'/><Cell N='B' V='1'/><Cell N='C' V='0'/><Cell N='D' V='1'/><Cell N='E' V='NURBS(1, 3, 0, 0, 0,0.98235294117647,0,1, 0.032142857142857,1,0,1)' U='NURBS' F='NURBS(1,3,0,0,0,0.98235294117647,0,1,0.032142857142857,1,0,1)'/></Row><Row T='LineTo' IX='5'><Cell N='X' V='0.2708333333333322' F='Width*0.92857142857143'/><Cell N='Y' V='0.53125' F='Height*1'/></Row><Row T='NURBSTo' IX='6'><Cell N='X' V='0.2916666666666654' F='Width*1'/><Cell N='Y' V='0.5104166666666665' F='Height*0.96078431372549'/><Cell N='A' V='0'/><Cell N='B' V='1'/><Cell N='C' V='0'/><Cell N='D' V='1'/><Cell N='E' V='NURBS(1, 3, 0, 0, 0.96785714285714,1,0,1, 1,0.98235294117647,0,1)' U='NURBS' F='NURBS(1,3,0,0,0.96785714285714,1,0,1,1,0.98235294117647,0,1)'/></Row><Row T='LineTo' IX='7'><Cell N='X' V='0.2916666666666654' F='Width*1'/><Cell N='Y' V='1.110223024625156E-16' F='Height*2.089831575765E-16'/></Row><Row T='LineTo' IX='8'><Cell N='X' V='0.2916666666666654' F='Width*1'/><Cell N='Y' V='1.110223024625156E-16' F='Height*2.089831575765E-16'/></Row></Section></Shape><Shape ID='9' Type='Shape' LineStyle='9' FillStyle='9' TextStyle='9'><Cell N='PinX' V='0.6875000000000032' F='Sheet.6!Width*0.79518072289157'/><Cell N='PinY' V='0.3489583333333325' F='Sheet.6!Height*0.54032258064516'/><Cell N='Width' V='0.2916666666666654' F='Sheet.6!Width*0.33734939759036'/><Cell N='Height' V='0.53125' F='Sheet.6!Height*0.82258064516129'/><Cell N='LocPinX' V='0.1458333333333333' F='Width*0.5'/><Cell N='LocPinY' V='0.265625' F='Height*0.5'/><Cell N='Angle' V='0'/><Cell N='FlipX' V='0'/><Cell N='FlipY' V='0'/><Cell N='ResizeMode' V='0'/><Cell N='FillForegnd' V='#515050' F='THEMEVAL("FillColor",RGB(81,80,80))'/><Section N='Geometry' IX='0'><Cell N='NoFill' V='0'/><Cell N='NoLine' V='0'/><Cell N='NoShow' V='0'/><Cell N='NoSnap' V='0'/><Cell N='NoQuickDrag' V='0'/><Row T='MoveTo' IX='1'><Cell N='X' V='0.2916666666666654' F='Width*1'/><Cell N='Y' V='1.110223024625156E-16' F='Height*2.089831575765E-16'/></Row><Row T='LineTo' IX='2'><Cell N='X' V='0' F='Width*0'/><Cell N='Y' V='1.110223024625156E-16' F='Height*2.089831575765E-16'/></Row><Row T='LineTo' IX='3'><Cell N='X' V='0' F='Width*0'/><Cell N='Y' V='0.5104166666666665' F='Height*0.96078431372549'/></Row><Row T='NURBSTo' IX='4'><Cell N='X' V='0.02083333333333328' F='Width*0.071428571428572'/><Cell N='Y' V='0.53125' F='Height*1'/><Cell N='A' V='0'/><Cell N='B' V='1'/><Cell N='C' V='0'/><Cell N='D' V='1'/><Cell N='E' V='NURBS(1, 3, 0, 0, 0,0.98235294117647,0,1, 0.032142857142857,1,0,1)' U='NURBS' F='NURBS(1,3,0,0,0,0.98235294117647,0,1,0.032142857142857,1,0,1)'/></Row><Row T='LineTo' IX='5'><Cell N='X' V='0.2708333333333322' F='Width*0.92857142857143'/><Cell N='Y' V='0.53125' F='Height*1'/></Row><Row T='NURBSTo' IX='6'><Cell N='X' V='0.2916666666666654' F='Width*1'/><Cell N='Y' V='0.5104166666666665' F='Height*0.96078431372549'/><Cell N='A' V='0'/><Cell N='B' V='1'/><Cell N='C' V='0'/><Cell N='D' V='1'/><Cell N='E' V='NURBS(1, 3, 0, 0, 0.96785714285714,1,0,1, 1,0.98235294117647,0,1)' U='NURBS' F='NURBS(1,3,0,0,0.96785714285714,1,0,1,1,0.98235294117647,0,1)'/></Row><Row T='LineTo' IX='7'><Cell N='X' V='0.2916666666666654' F='Width*1'/><Cell N='Y' V='1.110223024625156E-16' F='Height*2.089831575765E-16'/></Row><Row T='LineTo' IX='8'><Cell N='X' V='0.2916666666666654' F='Width*1'/><Cell N='Y' V='1.110223024625156E-16' F='Height*2.089831575765E-16'/></Row></Section></Shape><Shape ID='10' Type='Shape' LineStyle='9' FillStyle='9' TextStyle='9'><Cell N='PinX' V='0.4322916666666666' F='Sheet.6!Width*0.5'/><Cell N='PinY' V='0.3489583333333325' F='Sheet.6!Height*0.54032258064516'/><Cell N='Width' V='0.1562500000000043' F='Sheet.6!Width*0.18072289156627'/><Cell N='Height' V='0.53125' F='Sheet.6!Height*0.82258064516129'/><Cell N='LocPinX' V='0.078125' F='Width*0.5'/><Cell N='LocPinY' V='0.265625' F='Height*0.5'/><Cell N='Angle' V='0'/><Cell N='FlipX' V='0'/><Cell N='FlipY' V='0'/><Cell N='ResizeMode' V='0'/><Cell N='FillForegnd' V='#515050' F='THEMEVAL("FillColor",RGB(81,80,80))'/><Section N='Geometry' IX='0'><Cell N='NoFill' V='0'/><Cell N='NoLine' V='0'/><Cell N='NoShow' V='0'/><Cell N='NoSnap' V='0'/><Cell N='NoQuickDrag' V='0'/><Row T='MoveTo' IX='1'><Cell N='X' V='0.1562500000000043' F='Width*1'/><Cell N='Y' V='1.110223024625156E-16' F='Height*2.089831575765E-16'/></Row><Row T='LineTo' IX='2'><Cell N='X' V='0' F='Width*0'/><Cell N='Y' V='1.110223024625156E-16' F='Height*2.089831575765E-16'/></Row><Row T='LineTo' IX='3'><Cell N='X' V='0' F='Width*0'/><Cell N='Y' V='0.5104166666666665' F='Height*0.96078431372549'/></Row><Row T='NURBSTo' IX='4'><Cell N='X' V='0.02083333333333388' F='Width*0.13333333333333'/><Cell N='Y' V='0.53125' F='Height*1'/><Cell N='A' V='0'/><Cell N='B' V='1'/><Cell N='C' V='0'/><Cell N='D' V='1'/><Cell N='E' V='NURBS(1, 3, 0, 0, 0,0.98235294117647,0,1, 0.06,1,0,1)' U='NURBS' F='NURBS(1,3,0,0,0,0.98235294117647,0,1,0.06,1,0,1)'/></Row><Row T='LineTo' IX='5'><Cell N='X' V='0.1354166666666704' F='Width*0.86666666666667'/><Cell N='Y' V='0.53125' F='Height*1'/></Row><Row T='NURBSTo' IX='6'><Cell N='X' V='0.1562500000000043' F='Width*1'/><Cell N='Y' V='0.5104166666666665' F='Height*0.96078431372549'/><Cell N='A' V='0'/><Cell N='B' V='1'/><Cell N='C' V='0'/><Cell N='D' V='1'/><Cell N='E' V='NURBS(1, 3, 0, 0, 0.94,1,0,1, 1,0.98235294117647,0,1)' U='NURBS' F='NURBS(1,3,0,0,0.94,1,0,1,1,0.98235294117647,0,1)'/></Row><Row T='LineTo' IX='7'><Cell N='X' V='0.1562500000000043' F='Width*1'/><Cell N='Y' V='1.110223024625156E-16' F='Height*2.089831575765E-16'/></Row><Row T='LineTo' IX='8'><Cell N='X' V='0.1562500000000043' F='Width*1'/><Cell N='Y' V='1.110223024625156E-16' F='Height*2.089831575765E-16'/></Row></Section></Shape><Shape ID='11' Type='Shape' LineStyle='9' FillStyle='9' TextStyle='9'><Cell N='PinX' V='0.4322916666666666' F='Sheet.6!Width*0.5'/><Cell N='PinY' V='0.04687499999999979' F='Sheet.6!Height*0.07258064516129'/><Cell N='Width' V='0.739583333333335' F='Sheet.6!Width*0.85542168674699'/><Cell N='Height' V='0.03125000000000028' F='Sheet.6!Height*0.048387096774194'/><Cell N='LocPinX' V='0.3697916666666666' F='Width*0.5'/><Cell N='LocPinY' V='0.015625' F='Height*0.5'/><Cell N='Angle' V='0'/><Cell N='FlipX' V='0'/><Cell N='FlipY' V='0'/><Cell N='ResizeMode' V='0'/><Cell N='FillForegnd' V='#515050' F='THEMEVAL("FillColor",RGB(81,80,80))'/><Section N='Geometry' IX='0'><Cell N='NoFill' V='0'/><Cell N='NoLine' V='0'/><Cell N='NoShow' V='0'/><Cell N='NoSnap' V='0'/><Cell N='NoQuickDrag' V='0'/><Row T='MoveTo' IX='1'><Cell N='X' V='0' F='Width*0'/><Cell N='Y' V='0' F='Height*0'/></Row><Row T='LineTo' IX='2'><Cell N='X' V='0.7395833333333333' F='Width*1'/><Cell N='Y' V='0' F='Height*0'/></Row><Row T='LineTo' IX='3'><Cell N='X' V='0.7395833333333333' F='Width*1'/><Cell N='Y' V='0.03125' F='Height*1'/></Row><Row T='LineTo' IX='4'><Cell N='X' V='0' F='Width*0'/><Cell N='Y' V='0.03125' F='Height*1'/></Row><Row T='LineTo' IX='5'><Cell N='X' V='0' F='Geometry1.X1'/><Cell N='Y' V='0' F='Geometry1.Y1'/></Row></Section></Shape><Shape ID='12' Type='Shape' LineStyle='9' FillStyle='9' TextStyle='9'><Cell N='PinX' V='0.1770833333333301' F='Sheet.6!Width*0.20481927710843'/><Cell N='PinY' V='0.53125' F='Sheet.6!Height*0.82258064516129'/><Cell N='Width' V='0.2083333333333361' F='Sheet.6!Width*0.24096385542169'/><Cell N='Height' V='0.04166666666666662' F='Sheet.6!Height*0.064516129032258'/><Cell N='LocPinX' V='0.1041666666666666' F='Width*0.5'/><Cell N='LocPinY' V='0.02083333333333332' F='Height*0.5'/><Cell N='Angle' V='0'/><Cell N='FlipX' V='0'/><Cell N='FlipY' V='0'/><Cell N='ResizeMode' V='0'/><Cell N='FillForegnd' V='1' F='THEMEVAL("FillColor",1)'/><Section N='Geometry' IX='0'><Cell N='NoFill' V='0'/><Cell N='NoLine' V='0'/><Cell N='NoShow' V='0'/><Cell N='NoSnap' V='0'/><Cell N='NoQuickDrag' V='0'/><Row T='MoveTo' IX='1'><Cell N='X' V='0' F='Width*0'/><Cell N='Y' V='0' F='Height*0'/></Row><Row T='LineTo' IX='2'><Cell N='X' V='0.2083333333333333' F='Width*1'/><Cell N='Y' V='0' F='Height*0'/></Row><Row T='LineTo' IX='3'><Cell N='X' V='0.2083333333333333' F='Width*1'/><Cell N='Y' V='0.04166666666666663' F='Height*1'/></Row><Row T='LineTo' IX='4'><Cell N='X' V='0' F='Width*0'/><Cell N='Y' V='0.04166666666666663' F='Height*1'/></Row><Row T='LineTo' IX='5'><Cell N='X' V='0' F='Geometry1.X1'/><Cell N='Y' V='0' F='Geometry1.Y1'/></Row></Section></Shape><Shape ID='13' Type='Shape' LineStyle='9' FillStyle='9' TextStyle='9'><Cell N='PinX' V='0.6875000000000032' F='Sheet.6!Width*0.79518072289157'/><Cell N='PinY' V='0.5520833333333337' F='Sheet.6!Height*0.85483870967742'/><Cell N='Width' V='0.2083333333333361' F='Sheet.6!Width*0.24096385542169'/><Cell N='Height' V='0.04166666666666662' F='Sheet.6!Height*0.064516129032258'/><Cell N='LocPinX' V='0.1041666666666666' F='Width*0.5'/><Cell N='LocPinY' V='0.02083333333333332' F='Height*0.5'/><Cell N='Angle' V='0'/><Cell N='FlipX' V='0'/><Cell N='FlipY' V='0'/><Cell N='ResizeMode' V='0'/><Cell N='FillForegnd' V='1' F='THEMEVAL("FillColor",1)'/><Section N='Geometry' IX='0'><Cell N='NoFill' V='0'/><Cell N='NoLine' V='0'/><Cell N='NoShow' V='0'/><Cell N='NoSnap' V='0'/><Cell N='NoQuickDrag' V='0'/><Row T='MoveTo' IX='1'><Cell N='X' V='0' F='Width*0'/><Cell N='Y' V='0' F='Height*0'/></Row><Row T='LineTo' IX='2'><Cell N='X' V='0.2083333333333333' F='Width*1'/><Cell N='Y' V='0' F='Height*0'/></Row><Row T='LineTo' IX='3'><Cell N='X' V='0.2083333333333333' F='Width*1'/><Cell N='Y' V='0.04166666666666663' F='Height*1'/></Row><Row T='LineTo' IX='4'><Cell N='X' V='0' F='Width*0'/><Cell N='Y' V='0.04166666666666663' F='Height*1'/></Row><Row T='LineTo' IX='5'><Cell N='X' V='0' F='Geometry1.X1'/><Cell N='Y' V='0' F='Geometry1.Y1'/></Row></Section></Shape><Shape ID='14' Type='Shape' LineStyle='9' FillStyle='9' TextStyle='9'><Cell N='PinX' V='0.6875000000000032' F='Sheet.6!Width*0.79518072289157'/><Cell N='PinY' V='0.4791666666666681' F='Sheet.6!Height*0.74193548387097'/><Cell N='Width' V='0.2083333333333361' F='Sheet.6!Width*0.24096385542169'/><Cell N='Height' V='0.04166666666666662' F='Sheet.6!Height*0.064516129032258'/><Cell N='LocPinX' V='0.1041666666666666' F='Width*0.5'/><Cell N='LocPinY' V='0.02083333333333332' F='Height*0.5'/><Cell N='Angle' V='0'/><Cell N='FlipX' V='0'/><Cell N='FlipY' V='0'/><Cell N='ResizeMode' V='0'/><Cell N='FillForegnd' V='1' F='THEMEVAL("FillColor",1)'/><Section N='Geometry' IX='0'><Cell N='NoFill' V='0'/><Cell N='NoLine' V='0'/><Cell N='NoShow' V='0'/><Cell N='NoSnap' V='0'/><Cell N='NoQuickDrag' V='0'/><Row T='MoveTo' IX='1'><Cell N='X' V='0' F='Width*0'/><Cell N='Y' V='0' F='Height*0'/></Row><Row T='LineTo' IX='2'><Cell N='X' V='0.2083333333333333' F='Width*1'/><Cell N='Y' V='0' F='Height*0'/></Row><Row T='LineTo' IX='3'><Cell N='X' V='0.2083333333333333' F='Width*1'/><Cell N='Y' V='0.04166666666666663' F='Height*1'/></Row><Row T='LineTo' IX='4'><Cell N='X' V='0' F='Width*0'/><Cell N='Y' V='0.04166666666666663' F='Height*1'/></Row><Row T='LineTo' IX='5'><Cell N='X' V='0' F='Geometry1.X1'/><Cell N='Y' V='0' F='Geometry1.Y1'/></Row></Section></Shape><Shape ID='15' Type='Shape' LineStyle='9' FillStyle='9' TextStyle='9'><Cell N='PinX' V='0.4322916666666666' F='Sheet.6!Width*0.5'/><Cell N='PinY' V='0.5364583333333316' F='Sheet.6!Height*0.83064516129032'/><Cell N='Width' V='0.07291666666666634' F='Sheet.6!Width*0.08433734939759'/><Cell N='Height' V='0.07291666666666562' F='Sheet.6!Height*0.11290322580645'/><Cell N='LocPinX' V='0.03645833333333332' F='Width*0.5'/><Cell N='LocPinY' V='0.03645833333333332' F='Height*0.5'/><Cell N='Angle' V='0'/><Cell N='FlipX' V='0'/><Cell N='FlipY' V='0'/><Cell N='ResizeMode' V='0'/><Cell N='FillForegnd' V='1' F='THEMEVAL("FillColor",1)'/><Section N='Geometry' IX='0'><Cell N='NoFill' V='0'/><Cell N='NoLine' V='0'/><Cell N='NoShow' V='0'/><Cell N='NoSnap' V='0'/><Cell N='NoQuickDrag' V='0'/><Row T='MoveTo' IX='1'><Cell N='X' V='0' F='Width*0'/><Cell N='Y' V='0' F='Height*0'/></Row><Row T='LineTo' IX='2'><Cell N='X' V='0.07291666666666663' F='Width*1'/><Cell N='Y' V='0' F='Height*0'/></Row><Row T='LineTo' IX='3'><Cell N='X' V='0.07291666666666663' F='Width*1'/><Cell N='Y' V='0.07291666666666663' F='Height*1'/></Row><Row T='LineTo' IX='4'><Cell N='X' V='0' F='Width*0'/><Cell N='Y' V='0.07291666666666663' F='Height*1'/></Row><Row T='LineTo' IX='5'><Cell N='X' V='0' F='Geometry1.X1'/><Cell N='Y' V='0' F='Geometry1.Y1'/></Row></Section></Shape></Shapes></Shape></Shapes></Shape></Shapes></MasterContents>