<?xml version='1.0' encoding='utf-8' ?>
<MasterContents xmlns='http://schemas.microsoft.com/office/visio/2012/main' xmlns:r='http://schemas.openxmlformats.org/officeDocument/2006/relationships' xml:space='preserve'><Shapes><Shape ID='5' Type='Group' LineStyle='9' FillStyle='9' TextStyle='9'><Cell N='PinX' V='0.3927083333333332'/><Cell N='PinY' V='0.3489583333333322'/><Cell N='Width' V='0.7854166666666665'/><Cell N='Height' V='0.6979166666666666'/><Cell N='LocPinX' V='0.3927083333333333' F='Width*0.5'/><Cell N='LocPinY' V='0.3489583333333333' F='Height*0.5'/><Cell N='Angle' V='0'/><Cell N='FlipX' V='0'/><Cell N='FlipY' V='0'/><Cell N='ResizeMode' V='0'/><Cell N='QuickStyleVariation' V='4'/><Shapes><Shape ID='6' Type='Group' LineStyle='9' FillStyle='9' TextStyle='9'><Cell N='PinX' V='0.3927083333333333' F='Sheet.5!Width*0.5'/><Cell N='PinY' V='0.3489583333333333' F='Sheet.5!Height*0.5'/><Cell N='Width' V='0.7854166666666665' F='Sheet.5!Width*1'/><Cell N='Height' V='0.6979166666666666' F='Sheet.5!Height*1'/><Cell N='LocPinX' V='0.3927083333333333' F='Width*0.5'/><Cell N='LocPinY' V='0.3489583333333333' F='Height*0.5'/><Cell N='Angle' V='0'/><Cell N='FlipX' V='0'/><Cell N='FlipY' V='0'/><Cell N='ResizeMode' V='0'/><Cell N='QuickStyleVariation' V='4'/><Shapes><Shape ID='7' Type='Shape' LineStyle='9' FillStyle='9' TextStyle='9'><Cell N='PinX' V='0.3927083333333333' F='Sheet.6!Width*0.5'/><Cell N='PinY' V='0.3489583333333333' F='Sheet.6!Height*0.5'/><Cell N='Width' V='0.7854166666666665' F='Sheet.6!Width*1'/><Cell N='Height' V='0.6979166666666666' F='Sheet.6!Height*1'/><Cell N='LocPinX' V='0.3927083333333333' F='Width*0.5'/><Cell N='LocPinY' V='0.3489583333333333' F='Height*0.5'/><Cell N='Angle' V='0'/><Cell N='FlipX' V='0'/><Cell N='FlipY' V='0'/><Cell N='ResizeMode' V='0'/><Cell N='FillForegnd' V='1' F='THEMEVAL("FillColor",1)'/><Section N='Geometry' IX='0'><Cell N='NoFill' V='0'/><Cell N='NoLine' V='0'/><Cell N='NoShow' V='0'/><Cell N='NoSnap' V='0'/><Cell N='NoQuickDrag' V='0'/><Row T='MoveTo' IX='1'><Cell N='X' V='0.065625' F='Width*0.083554376657825'/><Cell N='Y' V='0' F='Height*0'/></Row><Row T='NURBSTo' IX='2'><Cell N='X' V='0.01041666666666666' F='Width*0.013262599469496'/><Cell N='Y' V='0.02812500000000006' F='Height*0.040298507462687'/><Cell N='A' V='0'/><Cell N='B' V='1'/><Cell N='C' V='0'/><Cell N='D' V='1'/><Cell N='E' V='NURBS(1, 3, 0, 0, 0.051724137931034,0,0,1, 0.026525198938992,0.014925373134328,0,1)' U='NURBS' F='NURBS(1,3,0,0,0.051724137931034,0,0,1,0.026525198938992,0.014925373134328,0,1)'/></Row><Row T='NURBSTo' IX='3'><Cell N='X' V='0.01354166666666667' F='Width*0.017241379310345'/><Cell N='Y' V='0.09062500000000005' F='Height*0.12985074626866'/><Cell N='A' V='0'/><Cell N='B' V='1'/><Cell N='C' V='0'/><Cell N='D' V='1'/><Cell N='E' V='NURBS(1, 3, 0, 0, 0,0.065671641791045,0,1, 0.0013262599469496,0.098507462686567,0,1)' U='NURBS' F='NURBS(1,3,0,0,0,0.065671641791045,0,1,0.0013262599469496,0.098507462686567,0,1)'/></Row><Row T='LineTo' IX='4'><Cell N='X' V='0.3395833333333334' F='Width*0.43236074270557'/><Cell N='Y' V='0.6635416666666667' F='Height*0.95074626865672'/></Row><Row T='NURBSTo' IX='5'><Cell N='X' V='0.3927083333333333' F='Width*0.5'/><Cell N='Y' V='0.6979166666666666' F='Height*1'/><Cell N='A' V='0'/><Cell N='B' V='1'/><Cell N='C' V='0'/><Cell N='D' V='1'/><Cell N='E' V='NURBS(1, 3, 0, 0, 0.44827586206897,0.98208955223881,0,1, 0.47214854111406,1,0,1)' U='NURBS' F='NURBS(1,3,0,0,0.44827586206897,0.98208955223881,0,1,0.47214854111406,1,0,1)'/></Row><Row T='NURBSTo' IX='6'><Cell N='X' V='0.4458333333333334' F='Width*0.56763925729443'/><Cell N='Y' V='0.6635416666666667' F='Height*0.95074626865672'/><Cell N='A' V='0'/><Cell N='B' V='1'/><Cell N='C' V='0'/><Cell N='D' V='1'/><Cell N='E' V='NURBS(1, 3, 0, 0, 0.52652519893899,1,0,1, 0.55172413793103,0.98208955223881,0,1)' U='NURBS' F='NURBS(1,3,0,0,0.52652519893899,1,0,1,0.55172413793103,0.98208955223881,0,1)'/></Row><Row T='LineTo' IX='7'><Cell N='X' V='0.771875' F='Width*0.98275862068966'/><Cell N='Y' V='0.09062500000000005' F='Height*0.12985074626866'/></Row><Row T='NURBSTo' IX='8'><Cell N='X' V='0.775' F='Width*0.9867374005305'/><Cell N='Y' V='0.02812500000000006' F='Height*0.040298507462687'/><Cell N='A' V='0'/><Cell N='B' V='1'/><Cell N='C' V='0'/><Cell N='D' V='1'/><Cell N='E' V='NURBS(1, 3, 0, 0, 0.99867374005305,0.098507462686567,0,1, 1,0.067164179104478,0,1)' U='NURBS' F='NURBS(1,3,0,0,0.99867374005305,0.098507462686567,0,1,1,0.067164179104478,0,1)'/></Row><Row T='NURBSTo' IX='9'><Cell N='X' V='0.7197916666666666' F='Width*0.91644562334218'/><Cell N='Y' V='0' F='Height*0'/><Cell N='A' V='0'/><Cell N='B' V='1'/><Cell N='C' V='0'/><Cell N='D' V='1'/><Cell N='E' V='NURBS(1, 3, 0, 0, 0.97347480106101,0.014925373134328,0,1, 0.94694960212202,0,0,1)' U='NURBS' F='NURBS(1,3,0,0,0.97347480106101,0.014925373134328,0,1,0.94694960212202,0,0,1)'/></Row><Row T='LineTo' IX='10'><Cell N='X' V='0.065625' F='Width*0.083554376657825'/><Cell N='Y' V='0' F='Height*0'/></Row><Row T='LineTo' IX='11'><Cell N='X' V='0.065625' F='Width*0.083554376657825'/><Cell N='Y' V='0' F='Height*0'/></Row></Section></Shape><Shape ID='8' Type='Shape' LineStyle='9' FillStyle='9' TextStyle='9'><Cell N='PinX' V='0.3911458333333367' F='Sheet.6!Width*0.49801061007958'/><Cell N='PinY' V='0.3520833333333344' F='Sheet.6!Height*0.5044776119403'/><Cell N='Width' V='0.7302083333333324' F='Sheet.6!Width*0.92970822281167'/><Cell N='Height' V='0.6416666666666688' F='Sheet.6!Height*0.91940298507463'/><Cell N='LocPinX' V='0.3651041666666666' F='Width*0.5'/><Cell N='LocPinY' V='0.3208333333333333' F='Height*0.5'/><Cell N='Angle' V='0'/><Cell N='FlipX' V='0'/><Cell N='FlipY' V='0'/><Cell N='ResizeMode' V='0'/><Cell N='FillForegnd' V='#505150' F='THEMEVAL("FillColor",RGB(80,81,80))'/><Section N='Geometry' IX='0'><Cell N='NoFill' V='0'/><Cell N='NoLine' V='0'/><Cell N='NoShow' V='0'/><Cell N='NoSnap' V='0'/><Cell N='NoQuickDrag' V='0'/><Row T='MoveTo' IX='1'><Cell N='X' V='0.03958333333333329' F='Width*0.054208273894437'/><Cell N='Y' V='0' F='Height*0'/></Row><Row T='NURBSTo' IX='2'><Cell N='X' V='0.01354166666666665' F='Width*0.018544935805991'/><Cell N='Y' V='0.04479166666666683' F='Height*0.069805194805195'/><Cell N='A' V='0'/><Cell N='B' V='1'/><Cell N='C' V='0'/><Cell N='D' V='1'/><Cell N='E' V='NURBS(1, 3, 0, 0, 0.015691868758916,0,0,1, 0,0.030844155844156,0,1)' U='NURBS' F='NURBS(1,3,0,0,0.015691868758916,0,0,1,0,0.030844155844156,0,1)'/></Row><Row T='LineTo' IX='3'><Cell N='X' V='0.3395833333333329' F='Width*0.46504992867332'/><Cell N='Y' V='0.6177083333333354' F='Height*0.96266233766234'/></Row><Row T='NURBSTo' IX='4'><Cell N='X' V='0.3906249999999994' F='Width*0.53495007132668'/><Cell N='Y' V='0.6177083333333354' F='Height*0.96266233766234'/><Cell N='A' V='0'/><Cell N='B' V='1'/><Cell N='C' V='0'/><Cell N='D' V='1'/><Cell N='E' V='NURBS(1, 3, 0, 0, 0.48359486447932,1,0,1, 0.51640513552068,1,0,1)' U='NURBS' F='NURBS(1,3,0,0,0.48359486447932,1,0,1,0.51640513552068,1,0,1)'/></Row><Row T='LineTo' IX='5'><Cell N='X' V='0.7166666666666658' F='Width*0.98145506419401'/><Cell N='Y' V='0.04479166666666683' F='Height*0.069805194805195'/></Row><Row T='NURBSTo' IX='6'><Cell N='X' V='0.6906249999999992' F='Width*0.94579172610556'/><Cell N='Y' V='0' F='Height*0'/><Cell N='A' V='0'/><Cell N='B' V='1'/><Cell N='C' V='0'/><Cell N='D' V='1'/><Cell N='E' V='NURBS(1, 3, 0, 0, 1,0.032467532467533,0,1, 0.98430813124108,0,0,1)' U='NURBS' F='NURBS(1,3,0,0,1,0.032467532467533,0,1,0.98430813124108,0,0,1)'/></Row><Row T='LineTo' IX='7'><Cell N='X' V='0.03958333333333329' F='Width*0.054208273894437'/><Cell N='Y' V='0' F='Height*0'/></Row><Row T='LineTo' IX='8'><Cell N='X' V='0.03958333333333329' F='Width*0.054208273894437'/><Cell N='Y' V='0' F='Height*0'/></Row></Section></Shape><Shape ID='9' Type='Group' LineStyle='9' FillStyle='9' TextStyle='9'><Cell N='PinX' V='0.3916666666666663' F='Sheet.6!Width*0.49867374005305'/><Cell N='PinY' V='0.2973958333333301' F='Sheet.6!Height*0.42611940298507'/><Cell N='Width' V='0.4416666666666656' F='Sheet.6!Width*0.56233421750663'/><Cell N='Height' V='0.4302083333333325' F='Sheet.6!Height*0.61641791044776'/><Cell N='LocPinX' V='0.2208333333333333' F='Width*0.5'/><Cell N='LocPinY' V='0.2151041666666667' F='Height*0.5'/><Cell N='Angle' V='0'/><Cell N='FlipX' V='0'/><Cell N='FlipY' V='0'/><Cell N='ResizeMode' V='0'/><Cell N='QuickStyleVariation' V='4'/><Shapes><Shape ID='10' Type='Shape' LineStyle='9' FillStyle='9' TextStyle='9'><Cell N='PinX' V='0.2921874999999972' F='Sheet.9!Width*0.66155660377358'/><Cell N='PinY' V='0.2161458333333315' F='Sheet.9!Height*0.50242130750605'/><Cell N='Width' V='0.09270833333333378' F='Sheet.9!Width*0.20990566037736'/><Cell N='Height' V='0.1447916666666645' F='Sheet.9!Height*0.3365617433414'/><Cell N='LocPinX' V='0.04635416666666664' F='Width*0.5'/><Cell N='LocPinY' V='0.07239583333333335' F='Height*0.5'/><Cell N='Angle' V='0'/><Cell N='FlipX' V='0'/><Cell N='FlipY' V='0'/><Cell N='ResizeMode' V='0'/><Cell N='FillForegnd' V='1' F='THEMEVAL("FillColor",1)'/><Section N='Geometry' IX='0'><Cell N='NoFill' V='0'/><Cell N='NoLine' V='0'/><Cell N='NoShow' V='0'/><Cell N='NoSnap' V='0'/><Cell N='NoQuickDrag' V='0'/><Row T='MoveTo' IX='1'><Cell N='X' V='0.09270833333333378' F='Width*1'/><Cell N='Y' V='0.01354166666666647' F='Height*0.093525179856115'/></Row><Row T='LineTo' IX='2'><Cell N='X' V='0.02604166666666682' F='Width*0.28089887640449'/><Cell N='Y' V='0.1447916666666645' F='Height*1'/></Row><Row T='NURBSTo' IX='3'><Cell N='X' V='0' F='Width*0'/><Cell N='Y' V='0.1302083333333314' F='Height*0.89928057553957'/><Cell N='A' V='0'/><Cell N='B' V='1'/><Cell N='C' V='0'/><Cell N='D' V='1'/><Cell N='E' V='NURBS(1, 3, 0, 0, 0.20224719101124,0.9568345323741,0,1, 0.10112359550562,0.92086330935252,0,1)' U='NURBS' F='NURBS(1,3,0,0,0.20224719101124,0.9568345323741,0,1,0.10112359550562,0.92086330935252,0,1)'/></Row><Row T='LineTo' IX='4'><Cell N='X' V='0.06666666666666699' F='Width*0.71910112359551'/><Cell N='Y' V='0' F='Height*0'/></Row><Row T='NURBSTo' IX='5'><Cell N='X' V='0.09270833333333378' F='Width*1'/><Cell N='Y' V='0.01354166666666647' F='Height*0.093525179856115'/><Cell N='A' V='0'/><Cell N='B' V='1'/><Cell N='C' V='0'/><Cell N='D' V='1'/><Cell N='E' V='NURBS(1, 3, 0, 0, 0.79775280898876,0.035971223021583,0,1, 0.89887640449438,0.071942446043165,0,1)' U='NURBS' F='NURBS(1,3,0,0,0.79775280898876,0.035971223021583,0,1,0.89887640449438,0.071942446043165,0,1)'/></Row><Row T='LineTo' IX='6'><Cell N='X' V='0.09270833333333378' F='Width*1'/><Cell N='Y' V='0.01354166666666647' F='Height*0.093525179856115'/></Row></Section></Shape><Shape ID='11' Type='Group' LineStyle='9' FillStyle='9' TextStyle='9'><Cell N='PinX' V='0.1932291666666662' F='Sheet.9!Width*0.4375'/><Cell N='PinY' V='0.1765625' F='Sheet.9!Height*0.41041162227603'/><Cell N='Width' V='0.1802083333333337' F='Sheet.9!Width*0.40801886792453'/><Cell N='Height' V='0.2218750000000012' F='Sheet.9!Height*0.51573849878935'/><Cell N='LocPinX' V='0.09010416666666665' F='Width*0.5'/><Cell N='LocPinY' V='0.1109375' F='Height*0.5'/><Cell N='Angle' V='0'/><Cell N='FlipX' V='0'/><Cell N='FlipY' V='0'/><Cell N='ResizeMode' V='0'/><Cell N='QuickStyleVariation' V='4'/><Shapes><Shape ID='12' Type='Shape' LineStyle='9' FillStyle='9' TextStyle='9'><Cell N='PinX' V='0.1177083333333344' F='Sheet.11!Width*0.65317919075145'/><Cell N='PinY' V='0.01458333333333331' F='Sheet.11!Height*0.065727699530516'/><Cell N='Width' V='0.125' F='Sheet.11!Width*0.69364161849711'/><Cell N='Height' V='0.02916666666666618' F='Sheet.11!Height*0.13145539906103'/><Cell N='LocPinX' V='0.0625' F='Width*0.5'/><Cell N='LocPinY' V='0.01458333333333333' F='Height*0.5'/><Cell N='Angle' V='0'/><Cell N='FlipX' V='0'/><Cell N='FlipY' V='0'/><Cell N='ResizeMode' V='0'/><Cell N='FillForegnd' V='1' F='THEMEVAL("FillColor",1)'/><Section N='Geometry' IX='0'><Cell N='NoFill' V='0'/><Cell N='NoLine' V='0'/><Cell N='NoShow' V='0'/><Cell N='NoSnap' V='0'/><Cell N='NoQuickDrag' V='0'/><Row T='MoveTo' IX='1'><Cell N='X' V='0.125' F='Width*1'/><Cell N='Y' V='0.02916666666666618' F='Height*1'/></Row><Row T='LineTo' IX='2'><Cell N='X' V='0' F='Width*0'/><Cell N='Y' V='0.02916666666666618' F='Height*1'/></Row><Row T='NURBSTo' IX='3'><Cell N='X' V='0.001041666666666665' F='Width*0.0083333333333333'/><Cell N='Y' V='0.01562499999999973' F='Height*0.53571428571429'/><Cell N='A' V='0'/><Cell N='B' V='1'/><Cell N='C' V='0'/><Cell N='D' V='1'/><Cell N='E' V='NURBS(1, 3, 0, 0, 0.0083333333333333,0.82142857142857,0,1, 0.0083333333333333,0.71428571428572,0,1)' U='NURBS' F='NURBS(1,3,0,0,0.0083333333333333,0.82142857142857,0,1,0.0083333333333333,0.71428571428572,0,1)'/></Row><Row T='NURBSTo' IX='4'><Cell N='X' V='0' F='Width*0'/><Cell N='Y' V='-2.775557561562841E-17' F='Height*-9.5161973539299E-16'/><Cell N='A' V='0'/><Cell N='B' V='1'/><Cell N='C' V='0'/><Cell N='D' V='1'/><Cell N='E' V='NURBS(1, 3, 0, 0, 0.0083333333333333,0.35714285714286,0,1, 0,0.17857142857143,0,1)' U='NURBS' F='NURBS(1,3,0,0,0.0083333333333333,0.35714285714286,0,1,0,0.17857142857143,0,1)'/></Row><Row T='LineTo' IX='5'><Cell N='X' V='0.125' F='Width*1'/><Cell N='Y' V='-2.775557561562841E-17' F='Height*-9.5161973539299E-16'/></Row><Row T='NURBSTo' IX='6'><Cell N='X' V='0.1239583333333336' F='Width*0.99166666666667'/><Cell N='Y' V='0.01562499999999973' F='Height*0.53571428571429'/><Cell N='A' V='0'/><Cell N='B' V='1'/><Cell N='C' V='0'/><Cell N='D' V='1'/><Cell N='E' V='NURBS(1, 3, 0, 0, 0.99166666666667,0.17857142857143,0,1, 0.99166666666667,0.35714285714286,0,1)' U='NURBS' F='NURBS(1,3,0,0,0.99166666666667,0.17857142857143,0,1,0.99166666666667,0.35714285714286,0,1)'/></Row><Row T='NURBSTo' IX='7'><Cell N='X' V='0.125' F='Width*1'/><Cell N='Y' V='0.02916666666666618' F='Height*1'/><Cell N='A' V='0'/><Cell N='B' V='1'/><Cell N='C' V='0'/><Cell N='D' V='1'/><Cell N='E' V='NURBS(1, 3, 0, 0, 0.98333333333333,0.71428571428572,0,1, 0.99166666666667,0.82142857142857,0,1)' U='NURBS' F='NURBS(1,3,0,0,0.98333333333333,0.71428571428572,0,1,0.99166666666667,0.82142857142857,0,1)'/></Row><Row T='LineTo' IX='8'><Cell N='X' V='0.125' F='Width*1'/><Cell N='Y' V='0.02916666666666618' F='Height*1'/></Row></Section></Shape><Shape ID='13' Type='Shape' LineStyle='9' FillStyle='9' TextStyle='9'><Cell N='PinX' V='0.04687500000000077' F='Sheet.11!Width*0.26011560693642'/><Cell N='PinY' V='0.1494791666666667' F='Sheet.11!Height*0.67370892018779'/><Cell N='Width' V='0.09374999999999975' F='Sheet.11!Width*0.52023121387283'/><Cell N='Height' V='0.1447916666666667' F='Sheet.11!Height*0.65258215962441'/><Cell N='LocPinX' V='0.046875' F='Width*0.5'/><Cell N='LocPinY' V='0.07239583333333335' F='Height*0.5'/><Cell N='Angle' V='0'/><Cell N='FlipX' V='0'/><Cell N='FlipY' V='0'/><Cell N='ResizeMode' V='0'/><Cell N='FillForegnd' V='1' F='THEMEVAL("FillColor",1)'/><Section N='Geometry' IX='0'><Cell N='NoFill' V='0'/><Cell N='NoLine' V='0'/><Cell N='NoShow' V='0'/><Cell N='NoSnap' V='0'/><Cell N='NoQuickDrag' V='0'/><Row T='MoveTo' IX='1'><Cell N='X' V='0.02708333333333329' F='Width*0.28888888888889'/><Cell N='Y' V='0' F='Height*0'/></Row><Row T='LineTo' IX='2'><Cell N='X' V='0.09374999999999975' F='Width*1'/><Cell N='Y' V='0.1302083333333334' F='Height*0.89928057553957'/></Row><Row T='NURBSTo' IX='3'><Cell N='X' V='0.06770833333333316' F='Width*0.72222222222222'/><Cell N='Y' V='0.1447916666666667' F='Height*1'/><Cell N='A' V='0'/><Cell N='B' V='1'/><Cell N='C' V='0'/><Cell N='D' V='1'/><Cell N='E' V='NURBS(1, 3, 0, 0, 0.9,0.92086330935252,0,1, 0.8,0.9568345323741,0,1)' U='NURBS' F='NURBS(1,3,0,0,0.9,0.92086330935252,0,1,0.8,0.9568345323741,0,1)'/></Row><Row T='LineTo' IX='4'><Cell N='X' V='0' F='Width*0'/><Cell N='Y' V='0.01458333333333341' F='Height*0.10071942446043'/></Row><Row T='NURBSTo' IX='5'><Cell N='X' V='0.02708333333333329' F='Width*0.28888888888889'/><Cell N='Y' V='0' F='Height*0'/><Cell N='A' V='0'/><Cell N='B' V='1'/><Cell N='C' V='0'/><Cell N='D' V='1'/><Cell N='E' V='NURBS(1, 3, 0, 0, 0.1,0.079136690647482,0,1, 0.2,0.0431654676259,0,1)' U='NURBS' F='NURBS(1,3,0,0,0.1,0.079136690647482,0,1,0.2,0.0431654676259,0,1)'/></Row><Row T='LineTo' IX='6'><Cell N='X' V='0.02708333333333329' F='Width*0.28888888888889'/><Cell N='Y' V='0' F='Height*0'/></Row></Section></Shape></Shapes></Shape><Shape ID='14' Type='Group' LineStyle='9' FillStyle='9' TextStyle='9'><Cell N='PinX' V='0.2208333333333328' F='Sheet.9!Width*0.5'/><Cell N='PinY' V='0.3489583333333304' F='Sheet.9!Height*0.81113801452784'/><Cell N='Width' V='0.162500000000001' F='Sheet.9!Width*0.36792452830189'/><Cell N='Height' V='0.1625' F='Sheet.9!Height*0.37772397094431'/><Cell N='LocPinX' V='0.08125' F='Width*0.5'/><Cell N='LocPinY' V='0.08125' F='Height*0.5'/><Cell N='Angle' V='0'/><Cell N='FlipX' V='0'/><Cell N='FlipY' V='0'/><Cell N='ResizeMode' V='0'/><Cell N='QuickStyleVariation' V='4'/><Shapes><Shape ID='15' Type='Shape' LineStyle='9' FillStyle='9' TextStyle='9'><Cell N='PinX' V='0.0812500000000005' F='Sheet.14!Width*0.5'/><Cell N='PinY' V='0.0802083333333326' F='Sheet.14!Height*0.49358974358974'/><Cell N='Width' V='0.1416666666666673' F='Sheet.14!Width*0.87179487179487'/><Cell N='Height' V='0.1416666666666661' F='Sheet.14!Height*0.87179487179487'/><Cell N='LocPinX' V='0.0708333333333333' F='Width*0.5'/><Cell N='LocPinY' V='0.0708333333333333' F='Height*0.5'/><Cell N='Angle' V='0'/><Cell N='FlipX' V='0'/><Cell N='FlipY' V='0'/><Cell N='ResizeMode' V='0'/><Cell N='FillForegnd' V='1' F='THEMEVAL("FillColor",1)'/><Section N='Geometry' IX='0'><Cell N='NoFill' V='0'/><Cell N='NoLine' V='0'/><Cell N='NoShow' V='0'/><Cell N='NoSnap' V='0'/><Cell N='NoQuickDrag' V='0'/><Row T='MoveTo' IX='1'><Cell N='X' V='0.07083333333333362' F='Width*0.5'/><Cell N='Y' V='0' F='Height*0'/></Row><Row T='NURBSTo' IX='2'><Cell N='X' V='0' F='Width*0'/><Cell N='Y' V='0.07083333333333305' F='Height*0.5'/><Cell N='A' V='0'/><Cell N='B' V='1'/><Cell N='C' V='0'/><Cell N='D' V='1'/><Cell N='E' V='NURBS(1, 3, 0, 0, 0.22058823529412,0,0,1, 0,0.22794117647059,0,1)' U='NURBS' F='NURBS(1,3,0,0,0.22058823529412,0,0,1,0,0.22794117647059,0,1)'/></Row><Row T='NURBSTo' IX='3'><Cell N='X' V='0.07083333333333362' F='Width*0.5'/><Cell N='Y' V='0.1416666666666661' F='Height*1'/><Cell N='A' V='0'/><Cell N='B' V='1'/><Cell N='C' V='0'/><Cell N='D' V='1'/><Cell N='E' V='NURBS(1, 3, 0, 0, 0,0.77205882352941,0,1, 0.22794117647059,1,0,1)' U='NURBS' F='NURBS(1,3,0,0,0,0.77205882352941,0,1,0.22794117647059,1,0,1)'/></Row><Row T='NURBSTo' IX='4'><Cell N='X' V='0.1416666666666673' F='Width*1'/><Cell N='Y' V='0.07083333333333305' F='Height*0.5'/><Cell N='A' V='0'/><Cell N='B' V='1'/><Cell N='C' V='0'/><Cell N='D' V='1'/><Cell N='E' V='NURBS(1, 3, 0, 0, 0.77941176470588,1,0,1, 1,0.77205882352941,0,1)' U='NURBS' F='NURBS(1,3,0,0,0.77941176470588,1,0,1,1,0.77205882352941,0,1)'/></Row><Row T='NURBSTo' IX='5'><Cell N='X' V='0.07083333333333362' F='Width*0.5'/><Cell N='Y' V='0' F='Height*0'/><Cell N='A' V='0'/><Cell N='B' V='1'/><Cell N='C' V='0'/><Cell N='D' V='1'/><Cell N='E' V='NURBS(1, 3, 0, 0, 1,0.22794117647059,0,1, 0.77941176470588,0,0,1)' U='NURBS' F='NURBS(1,3,0,0,1,0.22794117647059,0,1,0.77941176470588,0,0,1)'/></Row><Row T='LineTo' IX='6'><Cell N='X' V='0.07083333333333362' F='Width*0.5'/><Cell N='Y' V='0' F='Height*0'/></Row></Section></Shape><Shape ID='16' Type='Shape' LineStyle='9' FillStyle='9' TextStyle='9'><Cell N='PinX' V='0.0812500000000005' F='Sheet.14!Width*0.5'/><Cell N='PinY' V='0.08124999999999985' F='Sheet.14!Height*0.5'/><Cell N='Width' V='0.162500000000001' F='Sheet.14!Width*1'/><Cell N='Height' V='0.1625' F='Sheet.14!Height*1'/><Cell N='LocPinX' V='0.08125' F='Width*0.5'/><Cell N='LocPinY' V='0.08125' F='Height*0.5'/><Cell N='Angle' V='0'/><Cell N='FlipX' V='0'/><Cell N='FlipY' V='0'/><Cell N='ResizeMode' V='0'/><Cell N='FillForegnd' V='#505150' F='THEMEVAL("FillColor",RGB(80,81,80))'/><Section N='Geometry' IX='0'><Cell N='NoFill' V='0'/><Cell N='NoLine' V='0'/><Cell N='NoShow' V='0'/><Cell N='NoSnap' V='0'/><Cell N='NoQuickDrag' V='0'/><Row T='MoveTo' IX='1'><Cell N='X' V='0.0812500000000005' F='Width*0.5'/><Cell N='Y' V='0.1416666666666665' F='Height*0.87179487179487'/></Row><Row T='NURBSTo' IX='2'><Cell N='X' V='0.1416666666666676' F='Width*0.87179487179487'/><Cell N='Y' V='0.08124999999999985' F='Height*0.5'/><Cell N='A' V='0'/><Cell N='B' V='1'/><Cell N='C' V='0'/><Cell N='D' V='1'/><Cell N='E' V='NURBS(1, 3, 0, 0, 0.70512820512821,0.87179487179487,0,1, 0.87179487179487,0.70512820512821,0,1)' U='NURBS' F='NURBS(1,3,0,0,0.70512820512821,0.87179487179487,0,1,0.87179487179487,0.70512820512821,0,1)'/></Row><Row T='NURBSTo' IX='3'><Cell N='X' V='0.0812500000000005' F='Width*0.5'/><Cell N='Y' V='0.02083333333333333' F='Height*0.12820512820513'/><Cell N='A' V='0'/><Cell N='B' V='1'/><Cell N='C' V='0'/><Cell N='D' V='1'/><Cell N='E' V='NURBS(1, 3, 0, 0, 0.87179487179487,0.29487179487179,0,1, 0.70512820512821,0.12820512820513,0,1)' U='NURBS' F='NURBS(1,3,0,0,0.87179487179487,0.29487179487179,0,1,0.70512820512821,0.12820512820513,0,1)'/></Row><Row T='NURBSTo' IX='4'><Cell N='X' V='0.02083333333333351' F='Width*0.12820512820513'/><Cell N='Y' V='0.08124999999999985' F='Height*0.5'/><Cell N='A' V='0'/><Cell N='B' V='1'/><Cell N='C' V='0'/><Cell N='D' V='1'/><Cell N='E' V='NURBS(1, 3, 0, 0, 0.2948717948718,0.12820512820513,0,1, 0.12820512820513,0.2948717948718,0,1)' U='NURBS' F='NURBS(1,3,0,0,0.2948717948718,0.12820512820513,0,1,0.12820512820513,0.2948717948718,0,1)'/></Row><Row T='NURBSTo' IX='5'><Cell N='X' V='0.0812500000000005' F='Width*0.5'/><Cell N='Y' V='0.1416666666666665' F='Height*0.87179487179487'/><Cell N='A' V='0'/><Cell N='B' V='1'/><Cell N='C' V='0'/><Cell N='D' V='1'/><Cell N='E' V='NURBS(1, 3, 0, 0, 0.12820512820513,0.70512820512821,0,1, 0.29487179487179,0.87179487179487,0,1)' U='NURBS' F='NURBS(1,3,0,0,0.12820512820513,0.70512820512821,0,1,0.29487179487179,0.87179487179487,0,1)'/></Row></Section><Section N='Geometry' IX='1'><Cell N='NoFill' V='0'/><Cell N='NoLine' V='0'/><Cell N='NoShow' V='0'/><Cell N='NoSnap' V='0'/><Cell N='NoQuickDrag' V='0'/><Row T='MoveTo' IX='1'><Cell N='X' V='0.0812500000000005' F='Width*0.5'/><Cell N='Y' V='0.1625' F='Height*1'/></Row><Row T='NURBSTo' IX='2'><Cell N='X' V='0' F='Width*0'/><Cell N='Y' V='0.08124999999999985' F='Height*0.5'/><Cell N='A' V='0'/><Cell N='B' V='1'/><Cell N='C' V='0'/><Cell N='D' V='1'/><Cell N='E' V='NURBS(1, 3, 0, 0, 0.22435897435897,1,0,1, 0,0.77564102564103,0,1)' U='NURBS' F='NURBS(1,3,0,0,0.22435897435897,1,0,1,0,0.77564102564103,0,1)'/></Row><Row T='NURBSTo' IX='3'><Cell N='X' V='0.0812500000000005' F='Width*0.5'/><Cell N='Y' V='0' F='Height*0'/><Cell N='A' V='0'/><Cell N='B' V='1'/><Cell N='C' V='0'/><Cell N='D' V='1'/><Cell N='E' V='NURBS(1, 3, 0, 0, 0,0.22435897435897,0,1, 0.22435897435897,0,0,1)' U='NURBS' F='NURBS(1,3,0,0,0,0.22435897435897,0,1,0.22435897435897,0,0,1)'/></Row><Row T='NURBSTo' IX='4'><Cell N='X' V='0.162500000000001' F='Width*1'/><Cell N='Y' V='0.08124999999999985' F='Height*0.5'/><Cell N='A' V='0'/><Cell N='B' V='1'/><Cell N='C' V='0'/><Cell N='D' V='1'/><Cell N='E' V='NURBS(1, 3, 0, 0, 0.77564102564103,0,0,1, 1,0.22435897435897,0,1)' U='NURBS' F='NURBS(1,3,0,0,0.77564102564103,0,0,1,1,0.22435897435897,0,1)'/></Row><Row T='NURBSTo' IX='5'><Cell N='X' V='0.0812500000000005' F='Width*0.5'/><Cell N='Y' V='0.1625' F='Height*1'/><Cell N='A' V='0'/><Cell N='B' V='1'/><Cell N='C' V='0'/><Cell N='D' V='1'/><Cell N='E' V='NURBS(1, 3, 0, 0, 1,0.77564102564103,0,1, 0.77564102564103,1,0,1)' U='NURBS' F='NURBS(1,3,0,0,1,0.77564102564103,0,1,0.77564102564103,1,0,1)'/></Row><Row T='LineTo' IX='6'><Cell N='X' V='0.0812500000000005' F='Width*0.5'/><Cell N='Y' V='0.1625' F='Height*1'/></Row><Row T='LineTo' IX='7'><Cell N='X' V='0.0812500000000005' F='Width*0.5'/><Cell N='Y' V='0.1625' F='Height*1'/></Row></Section></Shape></Shapes></Shape><Shape ID='17' Type='Group' LineStyle='9' FillStyle='9' TextStyle='9'><Cell N='PinX' V='0.3604166666666673' F='Sheet.9!Width*0.81603773584906'/><Cell N='PinY' V='0.0812499999999977' F='Sheet.9!Height*0.18886198547215'/><Cell N='Width' V='0.162500000000001' F='Sheet.9!Width*0.36792452830189'/><Cell N='Height' V='0.1625' F='Sheet.9!Height*0.37772397094431'/><Cell N='LocPinX' V='0.08125' F='Width*0.5'/><Cell N='LocPinY' V='0.08125' F='Height*0.5'/><Cell N='Angle' V='0'/><Cell N='FlipX' V='0'/><Cell N='FlipY' V='0'/><Cell N='ResizeMode' V='0'/><Cell N='QuickStyleVariation' V='4'/><Shapes><Shape ID='18' Type='Shape' LineStyle='9' FillStyle='9' TextStyle='9'><Cell N='PinX' V='0.0812500000000005' F='Sheet.17!Width*0.5'/><Cell N='PinY' V='0.0802083333333326' F='Sheet.17!Height*0.49358974358974'/><Cell N='Width' V='0.1416666666666673' F='Sheet.17!Width*0.87179487179487'/><Cell N='Height' V='0.1416666666666661' F='Sheet.17!Height*0.87179487179487'/><Cell N='LocPinX' V='0.0708333333333333' F='Width*0.5'/><Cell N='LocPinY' V='0.0708333333333333' F='Height*0.5'/><Cell N='Angle' V='0'/><Cell N='FlipX' V='0'/><Cell N='FlipY' V='0'/><Cell N='ResizeMode' V='0'/><Cell N='FillForegnd' V='1' F='THEMEVAL("FillColor",1)'/><Section N='Geometry' IX='0'><Cell N='NoFill' V='0'/><Cell N='NoLine' V='0'/><Cell N='NoShow' V='0'/><Cell N='NoSnap' V='0'/><Cell N='NoQuickDrag' V='0'/><Row T='MoveTo' IX='1'><Cell N='X' V='0.07083333333333362' F='Width*0.5'/><Cell N='Y' V='0' F='Height*0'/></Row><Row T='NURBSTo' IX='2'><Cell N='X' V='0' F='Width*0'/><Cell N='Y' V='0.07083333333333305' F='Height*0.5'/><Cell N='A' V='0'/><Cell N='B' V='1'/><Cell N='C' V='0'/><Cell N='D' V='1'/><Cell N='E' V='NURBS(1, 3, 0, 0, 0.22058823529412,0,0,1, 0,0.22794117647059,0,1)' U='NURBS' F='NURBS(1,3,0,0,0.22058823529412,0,0,1,0,0.22794117647059,0,1)'/></Row><Row T='NURBSTo' IX='3'><Cell N='X' V='0.07083333333333362' F='Width*0.5'/><Cell N='Y' V='0.1416666666666661' F='Height*1'/><Cell N='A' V='0'/><Cell N='B' V='1'/><Cell N='C' V='0'/><Cell N='D' V='1'/><Cell N='E' V='NURBS(1, 3, 0, 0, 0,0.77941176470588,0,1, 0.22794117647059,1,0,1)' U='NURBS' F='NURBS(1,3,0,0,0,0.77941176470588,0,1,0.22794117647059,1,0,1)'/></Row><Row T='NURBSTo' IX='4'><Cell N='X' V='0.1416666666666673' F='Width*1'/><Cell N='Y' V='0.07083333333333305' F='Height*0.5'/><Cell N='A' V='0'/><Cell N='B' V='1'/><Cell N='C' V='0'/><Cell N='D' V='1'/><Cell N='E' V='NURBS(1, 3, 0, 0, 0.77205882352941,1,0,1, 1,0.77205882352941,0,1)' U='NURBS' F='NURBS(1,3,0,0,0.77205882352941,1,0,1,1,0.77205882352941,0,1)'/></Row><Row T='NURBSTo' IX='5'><Cell N='X' V='0.07083333333333362' F='Width*0.5'/><Cell N='Y' V='0' F='Height*0'/><Cell N='A' V='0'/><Cell N='B' V='1'/><Cell N='C' V='0'/><Cell N='D' V='1'/><Cell N='E' V='NURBS(1, 3, 0, 0, 1,0.22794117647059,0,1, 0.77941176470588,0,0,1)' U='NURBS' F='NURBS(1,3,0,0,1,0.22794117647059,0,1,0.77941176470588,0,0,1)'/></Row><Row T='LineTo' IX='6'><Cell N='X' V='0.07083333333333362' F='Width*0.5'/><Cell N='Y' V='0' F='Height*0'/></Row></Section></Shape><Shape ID='19' Type='Shape' LineStyle='9' FillStyle='9' TextStyle='9'><Cell N='PinX' V='0.0812500000000005' F='Sheet.17!Width*0.5'/><Cell N='PinY' V='0.08124999999999985' F='Sheet.17!Height*0.5'/><Cell N='Width' V='0.162500000000001' F='Sheet.17!Width*1'/><Cell N='Height' V='0.1625' F='Sheet.17!Height*1'/><Cell N='LocPinX' V='0.08125' F='Width*0.5'/><Cell N='LocPinY' V='0.08125' F='Height*0.5'/><Cell N='Angle' V='0'/><Cell N='FlipX' V='0'/><Cell N='FlipY' V='0'/><Cell N='ResizeMode' V='0'/><Cell N='FillForegnd' V='#505150' F='THEMEVAL("FillColor",RGB(80,81,80))'/><Section N='Geometry' IX='0'><Cell N='NoFill' V='0'/><Cell N='NoLine' V='0'/><Cell N='NoShow' V='0'/><Cell N='NoSnap' V='0'/><Cell N='NoQuickDrag' V='0'/><Row T='MoveTo' IX='1'><Cell N='X' V='0.0812500000000005' F='Width*0.5'/><Cell N='Y' V='0.1416666666666665' F='Height*0.87179487179487'/></Row><Row T='NURBSTo' IX='2'><Cell N='X' V='0.1416666666666675' F='Width*0.87179487179487'/><Cell N='Y' V='0.08124999999999985' F='Height*0.5'/><Cell N='A' V='0'/><Cell N='B' V='1'/><Cell N='C' V='0'/><Cell N='D' V='1'/><Cell N='E' V='NURBS(1, 3, 0, 0, 0.70512820512821,0.87179487179487,0,1, 0.87179487179487,0.70512820512821,0,1)' U='NURBS' F='NURBS(1,3,0,0,0.70512820512821,0.87179487179487,0,1,0.87179487179487,0.70512820512821,0,1)'/></Row><Row T='NURBSTo' IX='3'><Cell N='X' V='0.0812500000000005' F='Width*0.5'/><Cell N='Y' V='0.02083333333333329' F='Height*0.12820512820513'/><Cell N='A' V='0'/><Cell N='B' V='1'/><Cell N='C' V='0'/><Cell N='D' V='1'/><Cell N='E' V='NURBS(1, 3, 0, 0, 0.87179487179487,0.2948717948718,0,1, 0.7051282051282,0.12820512820513,0,1)' U='NURBS' F='NURBS(1,3,0,0,0.87179487179487,0.2948717948718,0,1,0.7051282051282,0.12820512820513,0,1)'/></Row><Row T='NURBSTo' IX='4'><Cell N='X' V='0.02083333333333349' F='Width*0.12820512820513'/><Cell N='Y' V='0.08124999999999985' F='Height*0.5'/><Cell N='A' V='0'/><Cell N='B' V='1'/><Cell N='C' V='0'/><Cell N='D' V='1'/><Cell N='E' V='NURBS(1, 3, 0, 0, 0.2948717948718,0.12820512820513,0,1, 0.12820512820513,0.2948717948718,0,1)' U='NURBS' F='NURBS(1,3,0,0,0.2948717948718,0.12820512820513,0,1,0.12820512820513,0.2948717948718,0,1)'/></Row><Row T='NURBSTo' IX='5'><Cell N='X' V='0.0812500000000005' F='Width*0.5'/><Cell N='Y' V='0.1416666666666665' F='Height*0.87179487179487'/><Cell N='A' V='0'/><Cell N='B' V='1'/><Cell N='C' V='0'/><Cell N='D' V='1'/><Cell N='E' V='NURBS(1, 3, 0, 0, 0.12820512820513,0.70512820512821,0,1, 0.2948717948718,0.87179487179487,0,1)' U='NURBS' F='NURBS(1,3,0,0,0.12820512820513,0.70512820512821,0,1,0.2948717948718,0.87179487179487,0,1)'/></Row></Section><Section N='Geometry' IX='1'><Cell N='NoFill' V='0'/><Cell N='NoLine' V='0'/><Cell N='NoShow' V='0'/><Cell N='NoSnap' V='0'/><Cell N='NoQuickDrag' V='0'/><Row T='MoveTo' IX='1'><Cell N='X' V='0.0812500000000005' F='Width*0.5'/><Cell N='Y' V='0.1625' F='Height*1'/></Row><Row T='NURBSTo' IX='2'><Cell N='X' V='0' F='Width*0'/><Cell N='Y' V='0.08124999999999985' F='Height*0.5'/><Cell N='A' V='0'/><Cell N='B' V='1'/><Cell N='C' V='0'/><Cell N='D' V='1'/><Cell N='E' V='NURBS(1, 3, 0, 0, 0.22435897435897,1,0,1, 0,0.77564102564103,0,1)' U='NURBS' F='NURBS(1,3,0,0,0.22435897435897,1,0,1,0,0.77564102564103,0,1)'/></Row><Row T='NURBSTo' IX='3'><Cell N='X' V='0.0812500000000005' F='Width*0.5'/><Cell N='Y' V='5.551115123125802E-17' F='Height*3.4160708450005E-16'/><Cell N='A' V='0'/><Cell N='B' V='1'/><Cell N='C' V='0'/><Cell N='D' V='1'/><Cell N='E' V='NURBS(1, 3, 0, 0, 0,0.22435897435897,0,1, 0.22435897435897,3.4160708450005E-16,0,1)' U='NURBS' F='NURBS(1,3,0,0,0,0.22435897435897,0,1,0.22435897435897,3.4160708450005E-16,0,1)'/></Row><Row T='NURBSTo' IX='4'><Cell N='X' V='0.162500000000001' F='Width*1'/><Cell N='Y' V='0.08124999999999985' F='Height*0.5'/><Cell N='A' V='0'/><Cell N='B' V='1'/><Cell N='C' V='0'/><Cell N='D' V='1'/><Cell N='E' V='NURBS(1, 3, 0, 0, 0.77564102564103,3.4160708450005E-16,0,1, 1,0.22435897435897,0,1)' U='NURBS' F='NURBS(1,3,0,0,0.77564102564103,3.4160708450005E-16,0,1,1,0.22435897435897,0,1)'/></Row><Row T='NURBSTo' IX='5'><Cell N='X' V='0.0812500000000005' F='Width*0.5'/><Cell N='Y' V='0.1625' F='Height*1'/><Cell N='A' V='0'/><Cell N='B' V='1'/><Cell N='C' V='0'/><Cell N='D' V='1'/><Cell N='E' V='NURBS(1, 3, 0, 0, 1,0.77564102564103,0,1, 0.77564102564103,1,0,1)' U='NURBS' F='NURBS(1,3,0,0,1,0.77564102564103,0,1,0.77564102564103,1,0,1)'/></Row><Row T='LineTo' IX='6'><Cell N='X' V='0.0812500000000005' F='Width*0.5'/><Cell N='Y' V='0.1625' F='Height*1'/></Row><Row T='LineTo' IX='7'><Cell N='X' V='0.0812500000000005' F='Width*0.5'/><Cell N='Y' V='0.1625' F='Height*1'/></Row></Section></Shape></Shapes></Shape><Shape ID='20' Type='Group' LineStyle='9' FillStyle='9' TextStyle='9'><Cell N='PinX' V='0.0812499999999983' F='Sheet.9!Width*0.18396226415094'/><Cell N='PinY' V='0.0812499999999977' F='Sheet.9!Height*0.18886198547215'/><Cell N='Width' V='0.162500000000001' F='Sheet.9!Width*0.36792452830189'/><Cell N='Height' V='0.1625' F='Sheet.9!Height*0.37772397094431'/><Cell N='LocPinX' V='0.08125' F='Width*0.5'/><Cell N='LocPinY' V='0.08125' F='Height*0.5'/><Cell N='Angle' V='0'/><Cell N='FlipX' V='0'/><Cell N='FlipY' V='0'/><Cell N='ResizeMode' V='0'/><Cell N='QuickStyleVariation' V='4'/><Shapes><Shape ID='21' Type='Shape' LineStyle='9' FillStyle='9' TextStyle='9'><Cell N='PinX' V='0.0812500000000005' F='Sheet.20!Width*0.5'/><Cell N='PinY' V='0.0802083333333326' F='Sheet.20!Height*0.49358974358974'/><Cell N='Width' V='0.1416666666666673' F='Sheet.20!Width*0.87179487179487'/><Cell N='Height' V='0.1416666666666661' F='Sheet.20!Height*0.87179487179487'/><Cell N='LocPinX' V='0.0708333333333333' F='Width*0.5'/><Cell N='LocPinY' V='0.0708333333333333' F='Height*0.5'/><Cell N='Angle' V='0'/><Cell N='FlipX' V='0'/><Cell N='FlipY' V='0'/><Cell N='ResizeMode' V='0'/><Cell N='FillForegnd' V='1' F='THEMEVAL("FillColor",1)'/><Section N='Geometry' IX='0'><Cell N='NoFill' V='0'/><Cell N='NoLine' V='0'/><Cell N='NoShow' V='0'/><Cell N='NoSnap' V='0'/><Cell N='NoQuickDrag' V='0'/><Row T='MoveTo' IX='1'><Cell N='X' V='0.07083333333333362' F='Width*0.5'/><Cell N='Y' V='0' F='Height*0'/></Row><Row T='NURBSTo' IX='2'><Cell N='X' V='0' F='Width*0'/><Cell N='Y' V='0.07083333333333305' F='Height*0.5'/><Cell N='A' V='0'/><Cell N='B' V='1'/><Cell N='C' V='0'/><Cell N='D' V='1'/><Cell N='E' V='NURBS(1, 3, 0, 0, 0.22058823529412,0,0,1, 0,0.22794117647059,0,1)' U='NURBS' F='NURBS(1,3,0,0,0.22058823529412,0,0,1,0,0.22794117647059,0,1)'/></Row><Row T='NURBSTo' IX='3'><Cell N='X' V='0.07083333333333362' F='Width*0.5'/><Cell N='Y' V='0.1416666666666661' F='Height*1'/><Cell N='A' V='0'/><Cell N='B' V='1'/><Cell N='C' V='0'/><Cell N='D' V='1'/><Cell N='E' V='NURBS(1, 3, 0, 0, 0,0.77941176470588,0,1, 0.22794117647059,1,0,1)' U='NURBS' F='NURBS(1,3,0,0,0,0.77941176470588,0,1,0.22794117647059,1,0,1)'/></Row><Row T='NURBSTo' IX='4'><Cell N='X' V='0.1416666666666673' F='Width*1'/><Cell N='Y' V='0.07083333333333305' F='Height*0.5'/><Cell N='A' V='0'/><Cell N='B' V='1'/><Cell N='C' V='0'/><Cell N='D' V='1'/><Cell N='E' V='NURBS(1, 3, 0, 0, 0.77205882352941,1,0,1, 1,0.77205882352941,0,1)' U='NURBS' F='NURBS(1,3,0,0,0.77205882352941,1,0,1,1,0.77205882352941,0,1)'/></Row><Row T='NURBSTo' IX='5'><Cell N='X' V='0.07083333333333362' F='Width*0.5'/><Cell N='Y' V='0' F='Height*0'/><Cell N='A' V='0'/><Cell N='B' V='1'/><Cell N='C' V='0'/><Cell N='D' V='1'/><Cell N='E' V='NURBS(1, 3, 0, 0, 1,0.22794117647059,0,1, 0.77941176470588,0,0,1)' U='NURBS' F='NURBS(1,3,0,0,1,0.22794117647059,0,1,0.77941176470588,0,0,1)'/></Row><Row T='LineTo' IX='6'><Cell N='X' V='0.07083333333333362' F='Width*0.5'/><Cell N='Y' V='0' F='Height*0'/></Row></Section></Shape><Shape ID='22' Type='Shape' LineStyle='9' FillStyle='9' TextStyle='9'><Cell N='PinX' V='0.0812500000000005' F='Sheet.20!Width*0.5'/><Cell N='PinY' V='0.08124999999999985' F='Sheet.20!Height*0.5'/><Cell N='Width' V='0.162500000000001' F='Sheet.20!Width*1'/><Cell N='Height' V='0.1625' F='Sheet.20!Height*1'/><Cell N='LocPinX' V='0.08125' F='Width*0.5'/><Cell N='LocPinY' V='0.08125' F='Height*0.5'/><Cell N='Angle' V='0'/><Cell N='FlipX' V='0'/><Cell N='FlipY' V='0'/><Cell N='ResizeMode' V='0'/><Cell N='FillForegnd' V='#505150' F='THEMEVAL("FillColor",RGB(80,81,80))'/><Section N='Geometry' IX='0'><Cell N='NoFill' V='0'/><Cell N='NoLine' V='0'/><Cell N='NoShow' V='0'/><Cell N='NoSnap' V='0'/><Cell N='NoQuickDrag' V='0'/><Row T='MoveTo' IX='1'><Cell N='X' V='0.0812500000000005' F='Width*0.5'/><Cell N='Y' V='0.1416666666666665' F='Height*0.87179487179487'/></Row><Row T='NURBSTo' IX='2'><Cell N='X' V='0.1416666666666676' F='Width*0.87179487179487'/><Cell N='Y' V='0.08124999999999985' F='Height*0.5'/><Cell N='A' V='0'/><Cell N='B' V='1'/><Cell N='C' V='0'/><Cell N='D' V='1'/><Cell N='E' V='NURBS(1, 3, 0, 0, 0.70512820512821,0.87179487179487,0,1, 0.87179487179487,0.70512820512821,0,1)' U='NURBS' F='NURBS(1,3,0,0,0.70512820512821,0.87179487179487,0,1,0.87179487179487,0.70512820512821,0,1)'/></Row><Row T='NURBSTo' IX='3'><Cell N='X' V='0.0812500000000005' F='Width*0.5'/><Cell N='Y' V='0.02083333333333329' F='Height*0.12820512820513'/><Cell N='A' V='0'/><Cell N='B' V='1'/><Cell N='C' V='0'/><Cell N='D' V='1'/><Cell N='E' V='NURBS(1, 3, 0, 0, 0.87179487179487,0.2948717948718,0,1, 0.70512820512821,0.12820512820513,0,1)' U='NURBS' F='NURBS(1,3,0,0,0.87179487179487,0.2948717948718,0,1,0.70512820512821,0.12820512820513,0,1)'/></Row><Row T='NURBSTo' IX='4'><Cell N='X' V='0.02083333333333345' F='Width*0.12820512820513'/><Cell N='Y' V='0.08124999999999985' F='Height*0.5'/><Cell N='A' V='0'/><Cell N='B' V='1'/><Cell N='C' V='0'/><Cell N='D' V='1'/><Cell N='E' V='NURBS(1, 3, 0, 0, 0.29487179487179,0.12820512820513,0,1, 0.12820512820513,0.2948717948718,0,1)' U='NURBS' F='NURBS(1,3,0,0,0.29487179487179,0.12820512820513,0,1,0.12820512820513,0.2948717948718,0,1)'/></Row><Row T='NURBSTo' IX='5'><Cell N='X' V='0.0812500000000005' F='Width*0.5'/><Cell N='Y' V='0.1416666666666665' F='Height*0.87179487179487'/><Cell N='A' V='0'/><Cell N='B' V='1'/><Cell N='C' V='0'/><Cell N='D' V='1'/><Cell N='E' V='NURBS(1, 3, 0, 0, 0.12820512820513,0.70512820512821,0,1, 0.29487179487179,0.87179487179487,0,1)' U='NURBS' F='NURBS(1,3,0,0,0.12820512820513,0.70512820512821,0,1,0.29487179487179,0.87179487179487,0,1)'/></Row></Section><Section N='Geometry' IX='1'><Cell N='NoFill' V='0'/><Cell N='NoLine' V='0'/><Cell N='NoShow' V='0'/><Cell N='NoSnap' V='0'/><Cell N='NoQuickDrag' V='0'/><Row T='MoveTo' IX='1'><Cell N='X' V='0.0812500000000005' F='Width*0.5'/><Cell N='Y' V='0.1625' F='Height*1'/></Row><Row T='NURBSTo' IX='2'><Cell N='X' V='0' F='Width*0'/><Cell N='Y' V='0.08124999999999985' F='Height*0.5'/><Cell N='A' V='0'/><Cell N='B' V='1'/><Cell N='C' V='0'/><Cell N='D' V='1'/><Cell N='E' V='NURBS(1, 3, 0, 0, 0.22435897435897,1,0,1, 0,0.77564102564103,0,1)' U='NURBS' F='NURBS(1,3,0,0,0.22435897435897,1,0,1,0,0.77564102564103,0,1)'/></Row><Row T='NURBSTo' IX='3'><Cell N='X' V='0.0812500000000005' F='Width*0.5'/><Cell N='Y' V='5.551115123125802E-17' F='Height*3.4160708450005E-16'/><Cell N='A' V='0'/><Cell N='B' V='1'/><Cell N='C' V='0'/><Cell N='D' V='1'/><Cell N='E' V='NURBS(1, 3, 0, 0, 0,0.22435897435897,0,1, 0.22435897435897,3.4160708450005E-16,0,1)' U='NURBS' F='NURBS(1,3,0,0,0,0.22435897435897,0,1,0.22435897435897,3.4160708450005E-16,0,1)'/></Row><Row T='NURBSTo' IX='4'><Cell N='X' V='0.162500000000001' F='Width*1'/><Cell N='Y' V='0.08124999999999985' F='Height*0.5'/><Cell N='A' V='0'/><Cell N='B' V='1'/><Cell N='C' V='0'/><Cell N='D' V='1'/><Cell N='E' V='NURBS(1, 3, 0, 0, 0.77564102564103,3.4160708450005E-16,0,1, 1,0.22435897435897,0,1)' U='NURBS' F='NURBS(1,3,0,0,0.77564102564103,3.4160708450005E-16,0,1,1,0.22435897435897,0,1)'/></Row><Row T='NURBSTo' IX='5'><Cell N='X' V='0.0812500000000005' F='Width*0.5'/><Cell N='Y' V='0.1625' F='Height*1'/><Cell N='A' V='0'/><Cell N='B' V='1'/><Cell N='C' V='0'/><Cell N='D' V='1'/><Cell N='E' V='NURBS(1, 3, 0, 0, 1,0.77564102564103,0,1, 0.77564102564103,1,0,1)' U='NURBS' F='NURBS(1,3,0,0,1,0.77564102564103,0,1,0.77564102564103,1,0,1)'/></Row><Row T='LineTo' IX='6'><Cell N='X' V='0.0812500000000005' F='Width*0.5'/><Cell N='Y' V='0.1625' F='Height*1'/></Row><Row T='LineTo' IX='7'><Cell N='X' V='0.0812500000000005' F='Width*0.5'/><Cell N='Y' V='0.1625' F='Height*1'/></Row></Section></Shape></Shapes></Shape></Shapes></Shape></Shapes></Shape></Shapes></Shape></Shapes></MasterContents>