<?xml version='1.0' encoding='utf-8' ?>
<MasterContents xmlns='http://schemas.microsoft.com/office/visio/2012/main' xmlns:r='http://schemas.openxmlformats.org/officeDocument/2006/relationships' xml:space='preserve'><Shapes><Shape ID='4' Type='Shape' LineStyle='10' FillStyle='10' TextStyle='10' UniqueID='{B3D5A8E8-99BA-4C28-8CDB-081DAAA91678}'><Cell N='PinX' V='1.5' U='IN'/><Cell N='PinY' V='1.5' U='IN'/><Cell N='Width' V='1.5' U='IN'/><Cell N='Height' V='1' U='IN'/><Cell N='LocPinX' V='0.75' U='IN' F='Width*0.5'/><Cell N='LocPinY' V='0.5' U='IN' F='Height*0.5'/><Cell N='Angle' V='0' U='DEG'/><Cell N='FlipX' V='0'/><Cell N='FlipY' V='0'/><Cell N='ResizeMode' V='0'/><Cell N='EventDblClick' V='0' F='OPENTEXTWIN()'/><Cell N='HelpTopic' V='Vis_D81.chm!#48154'/><Cell N='Copyright' V='Copyright (c) 2012 Microsoft Corporation.  All rights reserved.'/><Cell N='ObjType' V='1'/><Cell N='LockThemeEffects' V='1'/><Cell N='EffectSchemeIndex' V='0'/><Section N='Connection'><Row IX='0'><Cell N='X' V='0' U='IN' F='Width*0'/><Cell N='Y' V='0.5' U='IN' F='Height*0.5'/><Cell N='DirX' V='0' F='No Formula'/><Cell N='DirY' V='0' F='No Formula'/><Cell N='Type' V='0' F='No Formula'/><Cell N='AutoGen' V='0' F='No Formula'/><Cell N='Prompt' V='' F='No Formula'/></Row><Row IX='1'><Cell N='X' V='1.5' U='IN' F='Width*1'/><Cell N='Y' V='0.5' U='IN' F='Height*0.5'/><Cell N='DirX' V='0' F='No Formula'/><Cell N='DirY' V='0' F='No Formula'/><Cell N='Type' V='0' F='No Formula'/><Cell N='AutoGen' V='0' F='No Formula'/><Cell N='Prompt' V='' F='No Formula'/></Row><Row IX='2'><Cell N='X' V='0.75' U='IN' F='Width*0.5'/><Cell N='Y' V='0' U='IN' F='Height*0'/><Cell N='DirX' V='0' F='No Formula'/><Cell N='DirY' V='0' F='No Formula'/><Cell N='Type' V='0' F='No Formula'/><Cell N='AutoGen' V='0' F='No Formula'/><Cell N='Prompt' V='' F='No Formula'/></Row><Row IX='3'><Cell N='X' V='0.75' U='IN' F='Width*0.5'/><Cell N='Y' V='1' U='IN' F='Height*1'/><Cell N='DirX' V='0' F='No Formula'/><Cell N='DirY' V='0' F='No Formula'/><Cell N='Type' V='0' F='No Formula'/><Cell N='AutoGen' V='0' F='No Formula'/><Cell N='Prompt' V='' F='No Formula'/></Row></Section><Section N='Character'><Row IX='0'><Cell N='Font' V='Calibri' F='THEMEVAL("LatinFont",4)'/></Row></Section><Section N='User'><Row N='visVersion'><Cell N='Value' V='15'/><Cell N='Prompt' V='' F='No Formula'/></Row></Section><Section N='Geometry' IX='0'><Cell N='NoFill' V='0'/><Cell N='NoLine' V='0'/><Cell N='NoShow' V='0'/><Cell N='NoSnap' V='0' F='No Formula'/><Cell N='NoQuickDrag' V='0' F='No Formula'/><Row T='MoveTo' IX='1'><Cell N='X' V='0.03249194942097772' U='IN' F='Width*0.02166129961399'/><Cell N='Y' V='0.4989301868431925' U='IN' F='Height*0.49893018684319'/></Row><Row T='EllipticalArcTo' IX='2'><Cell N='X' V='0.05369487394405846' U='IN' F='Width*0.03579658262937'/><Cell N='Y' V='0.6124726275917308' U='IN' F='Height*0.61247262759173'/><Cell N='A' V='0.00290289498701967' U='IN' F='Width*0.00193526332468'/><Cell N='B' V='0.5574486213677752' U='IN' F='Height*0.55744862136778'/><Cell N='C' V='0' U='DA'/><Cell N='D' V='1.006281225721177' F='Width/Height*0.67085415048078'/></Row><Row T='EllipticalArcTo' IX='3'><Cell N='X' V='0.133691539300555' U='IN' F='Width*0.08912769286704'/><Cell N='Y' V='0.7397900762604828' U='IN' F='Height*0.73979007626048'/><Cell N='A' V='0.09167005828889516' U='IN' F='Width*0.0611133721926'/><Cell N='B' V='0.7330039249415206' U='IN' F='Height*0.73300392494152'/><Cell N='C' V='0' U='DA'/><Cell N='D' V='1.00628122572117' F='Width/Height*0.67085415048078'/></Row><Row T='EllipticalArcTo' IX='4'><Cell N='X' V='0.2708397088497719' U='IN' F='Width*0.18055980589985'/><Cell N='Y' V='0.8488279730708076' U='IN' F='Height*0.84882797307081'/><Cell N='A' V='0.1508481671568126' U='IN' F='Width*0.10056544477121'/><Cell N='B' V='0.820781576728394' U='IN' F='Height*0.82078157672839'/><Cell N='C' V='0' U='DA'/><Cell N='D' V='1.00628122572117' F='Width/Height*0.67085415048078'/></Row><Row T='EllipticalArcTo' IX='5'><Cell N='X' V='0.3903024865436621' U='IN' F='Width*0.26020165769577'/><Cell N='Y' V='0.905396022553812' U='IN' F='Height*0.90539602255381'/><Cell N='A' V='0.3065538634582269' U='IN' F='Width*0.20436924230548'/><Cell N='B' V='0.9363125739264104' U='IN' F='Height*0.93631257392641'/><Cell N='C' V='0' U='DA'/><Cell N='D' V='1.006281225721147' F='Width/Height*0.67085415048076'/></Row><Row T='EllipticalArcTo' IX='6'><Cell N='X' V='0.518064121863153' U='IN' F='Width*0.3453760812421'/><Cell N='Y' V='0.9430538785354596' U='IN' F='Height*0.94305387853546'/><Cell N='A' V='0.4467387114963989' U='IN' F='Width*0.29782580766427'/><Cell N='B' V='0.9670776630398486' U='IN' F='Height*0.96707766303985'/><Cell N='C' V='0' U='DA'/><Cell N='D' V='1.006281225721145' F='Width/Height*0.67085415048076'/></Row><Row T='EllipticalArcTo' IX='7'><Cell N='X' V='0.7177274815355335' U='IN' F='Width*0.47848498769036'/><Cell N='Y' V='0.9667897494356181' U='IN' F='Height*0.96678974943562'/><Cell N='A' V='0.6242730381001508' U='IN' F='Width*0.4161820254001'/><Cell N='B' V='0.9963368803021385' U='IN' F='Height*0.99633688030214'/><Cell N='C' V='0' U='DA'/><Cell N='D' V='1.00628122572115' F='Width/Height*0.67085415048077'/></Row><Row T='EllipticalArcTo' IX='8'><Cell N='X' V='0.8016029492092611' U='IN' F='Width*0.53440196613951'/><Cell N='Y' V='0.9654605684800151' U='IN' F='Height*0.96546056848002'/><Cell N='A' V='0.7426292558359855' U='IN' F='Width*0.49508617055732'/><Cell N='B' V='0.9963368803021385' U='IN' F='Height*0.99633688030214'/><Cell N='C' V='0' U='DA'/><Cell N='D' V='1.006281225721145' F='Width/Height*0.67085415048076'/></Row><Row T='EllipticalArcTo' IX='9'><Cell N='X' V='0.8905745280057777' U='IN' F='Width*0.59371635200385'/><Cell N='Y' V='0.9670776630398486' U='IN' F='Height*0.96707766303985'/><Cell N='A' V='0.8609854735718191' U='IN' F='Width*0.57399031571455'/><Cell N='B' V='0.9963368803021385' U='IN' F='Height*0.99633688030214'/><Cell N='C' V='-0.4474227930819351' U='DA' F='_ELLIPSE_THETA(-0.46402850287978,1.1597735318145,1.4925273897068,1.001268194091,Width,Height)'/><Cell N='D' V='1.164231387567319' F='_ELLIPSE_ECC(-0.46402850287978,1.1597735318145,1.4925273897068,1.001268194091,Width,Height,Geometry1.C9)'/></Row><Row T='EllipticalArcTo' IX='10'><Cell N='X' V='0.9671943898088176' U='IN' F='Width*0.64479625987255'/><Cell N='Y' V='0.9430538785354596' U='IN' F='Height*0.94305387853546'/><Cell N='A' V='0.949752636873696' U='IN' F='Width*0.63316842458246'/><Cell N='B' V='0.9670776630398486' U='IN' F='Height*0.96707766303985'/><Cell N='C' V='-0.1424218371701266' U='DA' F='_ELLIPSE_THETA(-0.1446881884817,1.5071268024858,1.4925273897068,1.001268194091,Width,Height)'/><Cell N='D' V='1.516204759052328' F='_ELLIPSE_ECC(-0.1446881884817,1.5071268024858,1.4925273897068,1.001268194091,Width,Height,Geometry1.C10)'/></Row><Row T='EllipticalArcTo' IX='11'><Cell N='X' V='1.123121792733855' U='IN' F='Width*0.74874786182257'/><Cell N='Y' V='0.9051021547955297' U='IN' F='Height*0.90510215479553'/><Cell N='A' V='1.060308875097269' U='IN' F='Width*0.70687258339818'/><Cell N='B' V='0.9675229930572911' U='IN' F='Height*0.96752299305729'/><Cell N='C' V='-0.1998342845411349' U='DA' F='_ELLIPSE_THETA(-0.20297095059329,1.5074408221958,1.4925273897068,1.001268194091,Width,Height)'/><Cell N='D' V='1.516149434396342' F='_ELLIPSE_ECC(-0.20297095059329,1.5074408221958,1.4925273897068,1.001268194091,Width,Height,Geometry1.C11)'/></Row><Row T='EllipticalArcTo' IX='12'><Cell N='X' V='1.178611389416248' U='IN' F='Width*0.7857409262775'/><Cell N='Y' V='0.8684634352381518' U='IN' F='Height*0.86846343523815'/><Cell N='A' V='1.170231480961295' U='IN' F='Width*0.78015432064086'/><Cell N='B' V='0.92070736436097' U='IN' F='Height*0.92070736436097'/><Cell N='C' V='-2.509338043350492' U='DA' F='_ELLIPSE_THETA(0.63993485770182,1.5074408221958,1.4925273897068,1.001268194091,Width,Height)'/><Cell N='D' V='1.51022029417127' F='_ELLIPSE_ECC(0.63993485770182,1.5074408221958,1.4925273897068,1.001268194091,Width,Height,Geometry1.C12)'/></Row><Row T='EllipticalArcTo' IX='13'><Cell N='X' V='1.310739100967991' U='IN' F='Width*0.87382606731199'/><Cell N='Y' V='0.7798186725611873' U='IN' F='Height*0.77981867256119'/><Cell N='A' V='1.280154086825322' U='IN' F='Width*0.85343605788355'/><Cell N='B' V='0.8738917356646498' U='IN' F='Height*0.87389173566465'/><Cell N='C' V='0' U='DA'/><Cell N='D' V='1.006281225721155' F='Width/Height*0.67085415048077'/></Row><Row T='EllipticalArcTo' IX='14'><Cell N='X' V='1.363999398949117' U='IN' F='Width*0.90933293263274'/><Cell N='Y' V='0.7037447076792287' U='IN' F='Height*0.70374470767923'/><Cell N='A' V='1.363999398949117' U='IN' F='Width*0.90933293263274'/><Cell N='B' V='0.7330039249415206' U='IN' F='Height*0.73300392494152'/><Cell N='C' V='-0.1790166806057264' U='DA' F='_ELLIPSE_THETA(-0.18184361530157,1.5069469262734,1.4925273897068,1.001268194091,Width,Height)'/><Cell N='D' V='1.515801005767498' F='_ELLIPSE_ECC(-0.18184361530157,1.5069469262734,1.4925273897068,1.001268194091,Width,Height,Geometry1.C14)'/></Row><Row T='EllipticalArcTo' IX='15'><Cell N='X' V='1.442836011989081' U='IN' F='Width*0.96189067465939'/><Cell N='Y' V='0.5769472417790456' U='IN' F='Height*0.57694724177905'/><Cell N='A' V='1.44613865481763' U='IN' F='Width*0.96409243654509'/><Cell N='B' V='0.6785690612235165' U='IN' F='Height*0.67856906122352'/><Cell N='C' V='-3.097707947049269' U='DA' F='_ELLIPSE_THETA(-3.0970012473388,1.5074107971991,1.4925273897068,1.001268194091,Width,Height)'/><Cell N='D' V='1.516842035970022' F='_ELLIPSE_ECC(-3.0970012473388,1.5074107971991,1.4925273897068,1.001268194091,Width,Height,Geometry1.C15)'/></Row><Row T='EllipticalArcTo' IX='16'><Cell N='X' V='1.452766562250992' U='IN' F='Width*0.96851104150066'/><Cell N='Y' V='0.4989301868431925' U='IN' F='Height*0.49893018684319'/><Cell N='A' V='1.482355616684949' U='IN' F='Width*0.98823707778997'/><Cell N='B' V='0.5281894041054834' U='IN' F='Height*0.52818940410548'/><Cell N='C' V='0' U='DA'/><Cell N='D' V='1.516909398261282' F='Width/Height*1.0112729321742'/></Row><Row T='EllipticalArcTo' IX='17'><Cell N='X' V='1.447282794420631' U='IN' F='Width*0.96485519628042'/><Cell N='Y' V='0.4408636388845325' U='IN' F='Height*0.44086363888453'/><Cell N='A' V='1.499999298553375' U='IN' F='Width*0.99999953236892'/><Cell N='B' V='0.4681562869632049' U='IN' F='Height*0.4681562869632'/><Cell N='C' V='0' U='DA'/><Cell N='D' V='1.006281225721175' F='Width/Height*0.67085415048078'/></Row><Row T='EllipticalArcTo' IX='18'><Cell N='X' V='1.399894678276492' U='IN' F='Width*0.93326311885099'/><Cell N='Y' V='0.3216741757139819' U='IN' F='Height*0.32167417571398'/><Cell N='A' V='1.452766562250992' U='IN' F='Width*0.96851104150066'/><Cell N='B' V='0.3526341005317372' U='IN' F='Height*0.35263410053174'/><Cell N='C' V='0' U='DA'/><Cell N='D' V='1.006281225721178' F='Width/Height*0.67085415048079'/></Row><Row T='EllipticalArcTo' IX='19'><Cell N='X' V='1.351566972371415' U='IN' F='Width*0.90104464824761'/><Cell N='Y' V='0.2580702974259067' U='IN' F='Height*0.25807029742591'/><Cell N='A' V='1.423177507817033' U='IN' F='Width*0.94878500521136'/><Cell N='B' V='0.2648564487448654' U='IN' F='Height*0.26485644874487'/><Cell N='C' V='-3.111393347287077' U='DA' F='_ELLIPSE_THETA(-3.1105631407207,1.2609454202995,1.4925273897068,1.001268194091,Width,Height)'/><Cell N='D' V='1.268850817507695' F='_ELLIPSE_ECC(-3.1105631407207,1.2609454202995,1.4925273897068,1.001268194091,Width,Height,Geometry1.C19)'/></Row><Row T='EllipticalArcTo' IX='20'><Cell N='X' V='1.214418802822197' U='IN' F='Width*0.8096125352148'/><Cell N='Y' V='0.1490324006155756' U='IN' F='Height*0.14903240061558'/><Cell N='A' V='1.334410344515159' U='IN' F='Width*0.88960689634344'/><Cell N='B' V='0.1770787969579928' U='IN' F='Height*0.17707879695799'/><Cell N='C' V='0' U='DA'/><Cell N='D' V='1.006281225721171' F='Width/Height*0.67085415048078'/></Row><Row T='EllipticalArcTo' IX='21'><Cell N='X' V='1.094956025128307' U='IN' F='Width*0.72997068341887'/><Cell N='Y' V='0.09246435113257306' U='IN' F='Height*0.09246435113257'/><Cell N='A' V='1.186465072345365' U='IN' F='Width*0.79097671489691'/><Cell N='B' V='0.08930114517112099' U='IN' F='Height*0.08930114517112'/><Cell N='C' V='0' U='DA'/><Cell N='D' V='1.516909398261282' F='Width/Height*1.0112729321742'/></Row><Row T='EllipticalArcTo' IX='22'><Cell N='X' V='0.979341691307654' U='IN' F='Width*0.65289446087177'/><Cell N='Y' V='0.06004192790882744' U='IN' F='Height*0.06004192790883'/><Cell N='A' V='1.06810885460953' U='IN' F='Width*0.71207256973969'/><Cell N='B' V='0.03078271064653921' U='IN' F='Height*0.03078271064654'/><Cell N='C' V='0' U='DA'/><Cell N='D' V='1.006281225721169' F='Width/Height*0.67085415048078'/></Row><Row T='EllipticalArcTo' IX='23'><Cell N='X' V='0.8593751098583664' U='IN' F='Width*0.57291673990558'/><Cell N='Y' V='0.03715236086545859' U='IN' F='Height*0.03715236086546'/><Cell N='A' V='0.9201635824397362' U='IN' F='Width*0.61344238829316'/><Cell N='B' V='0.001523493384245663' U='IN' F='Height*0.00152349338425'/><Cell N='C' V='-0.102759683859087' U='DA' F='_ELLIPSE_THETA(-0.10519700605262,1.3081753425336,1.4925273897068,1.001268194091,Width,Height)'/><Cell N='D' V='1.316214731568401' F='_ELLIPSE_ECC(-0.10519700605262,1.3081753425336,1.4925273897068,1.001268194091,Width,Height,Geometry1.C23)'/></Row><Row T='EllipticalArcTo' IX='24'><Cell N='X' V='0.7426292558359855' U='IN' F='Width*0.49508617055732'/><Cell N='Y' V='0.03078271064653744' U='IN' F='Height*0.03078271064654'/><Cell N='A' V='0.8018073647039021' U='IN' F='Width*0.53453824313593'/><Cell N='B' V='0.001523493384245663' U='IN' F='Height*0.00152349338425'/><Cell N='C' V='0' U='DA'/><Cell N='D' V='1.516909398261282' F='Width/Height*1.0112729321742'/></Row><Row T='EllipticalArcTo' IX='25'><Cell N='X' V='0.5977937311890067' U='IN' F='Width*0.398529154126'/><Cell N='Y' V='0.04062297409709156' U='IN' F='Height*0.04062297409709'/><Cell N='A' V='0.6538620925341085' U='IN' F='Width*0.43590806168941'/><Cell N='B' V='0.001523493384245663' U='IN' F='Height*0.00152349338425'/><Cell N='C' V='0' U='DA'/><Cell N='D' V='1.516909398261282' F='Width/Height*1.0112729321742'/></Row><Row T='EllipticalArcTo' IX='26'><Cell N='X' V='0.4763277659303569' U='IN' F='Width*0.31755184395357'/><Cell N='Y' V='0.08930114517111921' U='IN' F='Height*0.08930114517112'/><Cell N='A' V='0.5355058747982744' U='IN' F='Width*0.35700391653218'/><Cell N='B' V='0.03078271064653744' U='IN' F='Height*0.03078271064654'/><Cell N='C' V='-0.2084068998538637' U='DA' F='_ELLIPSE_THETA(-0.21167353983056,1.5067743523558,1.4925273897068,1.001268194091,Width,Height)'/><Cell N='D' V='1.515413558807353' F='_ELLIPSE_ECC(-0.21167353983056,1.5067743523558,1.4925273897068,1.001268194091,Width,Height,Geometry1.C26)'/></Row><Row T='EllipticalArcTo' IX='27'><Cell N='X' V='0.3693667810948165' U='IN' F='Width*0.24624452072988'/><Cell N='Y' V='0.1248416765235198' U='IN' F='Height*0.12484167652352'/><Cell N='A' V='0.3979162801294849' U='IN' F='Width*0.26527752008632'/><Cell N='B' V='0.06831799922897262' U='IN' F='Height*0.06831799922897'/><Cell N='C' V='-0.1694414338485737' U='DA' F='_ELLIPSE_THETA(-0.17149233820358,1.7512899593883,1.4925273897068,1.001268194091,Width,Height)'/><Cell N='D' V='1.761655212264562' F='_ELLIPSE_ECC(-0.17149233820358,1.7512899593883,1.4925273897068,1.001268194091,Width,Height,Geometry1.C27)'/></Row><Row T='EllipticalArcTo' IX='28'><Cell N='X' V='0.2692043848926465' U='IN' F='Width*0.17946958992843'/><Cell N='Y' V='0.2063380142202836' U='IN' F='Height*0.20633801422028'/><Cell N='A' V='0.3065538634582298' U='IN' F='Width*0.20436924230549'/><Cell N='B' V='0.1248416765235207' U='IN' F='Height*0.12484167652352'/><Cell N='C' V='0' U='DA'/><Cell N='D' V='1.00628122572116' F='Width/Height*0.67085415048077'/></Row><Row T='EllipticalArcTo' IX='29'><Cell N='X' V='0.1508481671568126' U='IN' F='Width*0.10056544477121'/><Cell N='Y' V='0.2063380142202836' U='IN' F='Height*0.20633801422028'/><Cell N='A' V='0.1966312575942034' U='IN' F='Width*0.1310875050628'/><Cell N='B' V='0.1872625147852813' U='IN' F='Height*0.18726251478528'/><Cell N='C' V='0' U='DA'/><Cell N='D' V='1.006281225721174' F='Width/Height*0.67085415048078'/></Row><Row T='EllipticalArcTo' IX='30'><Cell N='X' V='0.08536383339547707' U='IN' F='Width*0.05690922226365'/><Cell N='Y' V='0.3216741757139819' U='IN' F='Height*0.32167417571398'/><Cell N='A' V='0.09167005828889516' U='IN' F='Width*0.0611133721926'/><Cell N='B' V='0.2648564487448672' U='IN' F='Height*0.26485644874487'/><Cell N='C' V='-0.129054986950835' U='DA' F='_ELLIPSE_THETA(-0.13111348207639,1.5071826219543,1.4925273897068,1.001268194091,Width,Height)'/><Cell N='D' V='1.516330034153788' F='_ELLIPSE_ECC(-0.13111348207639,1.5071826219543,1.4925273897068,1.001268194091,Width,Height,Geometry1.C30)'/></Row><Row T='EllipticalArcTo' IX='31'><Cell N='X' V='0.02389573409359026' U='IN' F='Width*0.01593048939573'/><Cell N='Y' V='0.4369458678323246' U='IN' F='Height*0.43694586783232'/><Cell N='A' V='0.002846010210910909' U='IN' F='Width*0.00189734014061'/><Cell N='B' V='0.3666818010248232' U='IN' F='Height*0.36668180102482'/><Cell N='C' V='0' U='DA' F='_ELLIPSE_THETA(-2.8893187563404,1,1.4925273897068,1.001268194091,Width,Height)'/><Cell N='D' V='1.006281225721162' F='_ELLIPSE_ECC(-2.8893187563404,1,1.4925273897068,1.001268194091,Width,Height,Geometry1.C31)'/></Row><Row T='EllipticalArcTo' IX='32'><Cell N='X' V='0.03249194942097772' U='IN' F='Geometry1.X1'/><Cell N='Y' V='0.4989301868431925' U='IN' F='Geometry1.Y1'/><Cell N='A' V='0.008192504684443608' U='IN' F='Width*0.00546166978963'/><Cell N='B' V='0.4681562869632049' U='IN' F='Height*0.4681562869632'/><Cell N='C' V='-0.2038809999027524' U='DA' F='_ELLIPSE_THETA(-0.20707799368133,1.5073666482653,1.4925273897068,1.001268194091,Width,Height)'/><Cell N='D' V='1.516044201302933' F='_ELLIPSE_ECC(-0.20707799368133,1.5073666482653,1.4925273897068,1.001268194091,Width,Height,Geometry1.C32)'/></Row></Section></Shape></Shapes></MasterContents>