<?xml version='1.0' encoding='utf-8' ?>
<MasterContents xmlns='http://schemas.microsoft.com/office/visio/2012/main' xmlns:r='http://schemas.openxmlformats.org/officeDocument/2006/relationships' xml:space='preserve'><Shapes><Shape ID='5' Type='Group' LineStyle='3' FillStyle='3' TextStyle='3'><Cell N='PinX' V='2'/><Cell N='PinY' V='2.097222222222222'/><Cell N='Width' V='0.75'/><Cell N='Height' V='1'/><Cell N='LocPinX' V='0.375' F='Width*0.5'/><Cell N='LocPinY' V='0.5' F='Height*0.5'/><Cell N='Angle' V='0'/><Cell N='FlipX' V='0'/><Cell N='FlipY' V='0'/><Cell N='ResizeMode' V='0'/><Cell N='TxtPinX' V='0.375' F='Width*0.5'/><Cell N='TxtPinY' V='-0.1388888888888889' F='SETATREF(Controls.visSSTXT.Y)'/><Cell N='TxtWidth' V='0.1111111111111111' F='MIN(TEXTWIDTH(TheText),Width*2.5)'/><Cell N='TxtHeight' V='0.2777777777777778' F='TEXTHEIGHT(TheText,TxtWidth)'/><Cell N='TxtLocPinX' V='0.05555555555555555' F='TxtWidth*0.5'/><Cell N='TxtLocPinY' V='0.1388888888888889' F='TxtHeight*0.5'/><Cell N='TxtAngle' V='0' F='IF(BITXOR(FlipX,FlipY),1,-1)*Angle'/><Cell N='Rounding' V='0'/><Cell N='ShapeShdwShow' V='1'/><Cell N='ObjType' V='1'/><Cell N='LockGroup' V='1'/><Cell N='SelectMode' V='0'/><Cell N='IsSnapTarget' V='0'/><Cell N='EventDblClick' V='0' F='OPENTEXTWIN()'/><Cell N='ShapeSplit' V='1'/><Cell N='LayerMember' V='0'/><Cell N='EmbellishmentIndex' V='2'/><Cell N='HelpTopic' V='Vis_PRXY.chm!#60801'/><Cell N='Copyright' V='Copyright (c) 2012 Microsoft Corporation.  All rights reserved.'/><Section N='User'><Row N='visVersion'><Cell N='Value' V='15'/><Cell N='Prompt' V=''/></Row><Row N='ConnGap'><Cell N='Value' V='0.08333333333333333' U='IN' F='1/12IN*DropOnPageScale'/><Cell N='Prompt' V=''/></Row></Section><Section N='Control'><Row N='visSSTXT'><Cell N='X' V='0.375' F='Width*0.5'/><Cell N='Y' V='-0.1388888888888889' F='-(IF(MODULUS(Angle,180DEG)=0DEG,TxtHeight/2,IF(MODULUS(Angle,180DEG)=90DEG,TxtWidth/2,MIN(ABS(TxtHeight/2/COS(Angle))+ABS(TAN(Angle)*Width/2),ABS(TxtWidth/2/SIN(Angle))+ABS(Width/2/TAN(Angle)),0.5*(ABS(SIN(Angle))*TxtWidth+ABS(COS(Angle))*TxtHeight)))))'/><Cell N='XDyn' V='0.375' F='Controls.visSSTXT'/><Cell N='YDyn' V='-0.1388888888888889' F='Controls.visSSTXT.Y'/><Cell N='XCon' V='5' F='((Controls.visSSTXT&lt;0)*2)+((Controls.visSSTXT&gt;Width)*4)+IF(OR(HideText,STRSAME(SHAPETEXT(TheText),"")),5,0)'/><Cell N='YCon' V='2' F='((Controls.visSSTXT.Y&lt;0)*2)+((Controls.visSSTXT.Y&gt;Height)*4)'/><Cell N='CanGlue' V='0'/><Cell N='Prompt' V='Reposition Text'/></Row></Section><Section N='Connection'><Row IX='0'><Cell N='X' V='-0.08333333333333333' U='IN' F='-User.ConnGap'/><Cell N='Y' V='0.5' F='Height*0.5'/><Cell N='DirX' V='0'/><Cell N='DirY' V='0'/><Cell N='Type' V='0'/><Cell N='AutoGen' V='0'/><Cell N='Prompt' V='' F='No Formula'/></Row><Row IX='1'><Cell N='X' V='0.375' F='Width*0.5'/><Cell N='Y' V='-0.08333333333333333' U='IN' F='-User.ConnGap'/><Cell N='DirX' V='0'/><Cell N='DirY' V='0'/><Cell N='Type' V='0'/><Cell N='AutoGen' V='0'/><Cell N='Prompt' V='' F='No Formula'/></Row><Row IX='2'><Cell N='X' V='0.8333333333333334' U='IN' F='Width+User.ConnGap'/><Cell N='Y' V='0.5' F='Height*0.5'/><Cell N='DirX' V='0'/><Cell N='DirY' V='0'/><Cell N='Type' V='0'/><Cell N='AutoGen' V='0'/><Cell N='Prompt' V='' F='No Formula'/></Row><Row IX='3'><Cell N='X' V='0.375' F='Width*0.5'/><Cell N='Y' V='1.083333333333333' U='IN' F='Height+User.ConnGap'/><Cell N='DirX' V='0'/><Cell N='DirY' V='0'/><Cell N='Type' V='0'/><Cell N='AutoGen' V='0'/><Cell N='Prompt' V='' F='No Formula'/></Row></Section><Section N='Character'><Row IX='0'><Cell N='Color' V='#4d1e1a' F='IF(LUM(THEMEVAL("BackgroundColor"))&gt;120,SHADE(THEMEVAL(QuickStyleFillColor),75),THEMEVAL("Light"))'/><Cell N='Size' V='0.1388888888888889' U='PT'/></Row></Section><Shapes><Shape ID='6' Type='Shape' LineStyle='3' FillStyle='3' TextStyle='3'><Cell N='PinX' V='0.375' F='Sheet.5!Width*0.5'/><Cell N='PinY' V='0.5' F='Sheet.5!Height*0.5'/><Cell N='Width' V='0.75' F='Sheet.5!Width*1'/><Cell N='Height' V='1' F='Sheet.5!Height*1'/><Cell N='LocPinX' V='0.375' F='Width*0.5'/><Cell N='LocPinY' V='0.5' F='Height*0.5'/><Cell N='Angle' V='0'/><Cell N='FlipX' V='0'/><Cell N='FlipY' V='0'/><Cell N='ResizeMode' V='0'/><Cell N='ShapeShdwShow' V='1'/><Cell N='ReflectionSize' V='0'/><Cell N='GlowSize' V='0' U='PT'/><Cell N='Rounding' V='0'/><Cell N='LayerMember' V='0'/><Cell N='Copyright' V='Copyright (c) 2012 Microsoft Corporation.  All rights reserved.'/><Section N='Geometry' IX='0'><Cell N='NoFill' V='0'/><Cell N='NoLine' V='0'/><Cell N='NoShow' V='0'/><Cell N='NoSnap' V='0'/><Cell N='NoQuickDrag' V='0'/><Row T='RelMoveTo' IX='1'><Cell N='X' V='1'/><Cell N='Y' V='0.8095182276403721'/></Row><Row T='RelLineTo' IX='2'><Cell N='X' V='0.7513769889840831'/><Cell N='Y' V='1'/></Row><Row T='RelLineTo' IX='3'><Cell N='X' V='0'/><Cell N='Y' V='1'/></Row><Row T='RelLineTo' IX='4'><Cell N='X' V='0'/><Cell N='Y' V='0'/></Row><Row T='RelLineTo' IX='5'><Cell N='X' V='1'/><Cell N='Y' V='0'/></Row><Row T='RelLineTo' IX='6'><Cell N='X' V='1'/><Cell N='Y' V='0.8095182276403721'/></Row></Section></Shape><Shape ID='7' Type='Shape' LineStyle='3' FillStyle='3' TextStyle='3'><Cell N='PinX' V='0.4376506081701376' F='Sheet.5!Width*0.58353414422685'/><Cell N='PinY' V='0.5972451802616932' F='Sheet.5!Height*0.59724518026169'/><Cell N='Width' V='0.6018637163402751' F='Sheet.5!Width*0.80248495512037'/><Cell N='Height' V='0.7921466105233863' F='Sheet.5!Height*0.79214661052339'/><Cell N='LocPinX' V='0.3009318581701376' F='Width*0.5'/><Cell N='LocPinY' V='0.3960733052616932' F='Height*0.5'/><Cell N='Angle' V='0'/><Cell N='FlipX' V='0'/><Cell N='FlipY' V='0'/><Cell N='ResizeMode' V='0'/><Cell N='FillForegnd' V='0' F='GUARD(IF(LUM(User.SurroundingRegionColor)&gt;205,Sheet.5!LineColor,1))'/><Cell N='ShdwPattern' V='0' F='GUARD(0)'/><Cell N='ShapeShdwShow' V='1'/><Cell N='ReflectionSize' V='0'/><Cell N='GlowSize' V='0' U='PT'/><Cell N='SoftEdgesSize' V='0' F='GUARD(0)'/><Cell N='LineColor' V='0' F='GUARD(IF(LUM(User.SurroundingRegionColor)&gt;205,Sheet.5!LineColor,1))'/><Cell N='Rounding' V='0'/><Cell N='LineGradientEnabled' V='0' F='GUARD(0)'/><Cell N='FillGradientEnabled' V='0' F='GUARD(0)'/><Cell N='BevelTopType' V='0' F='GUARD(0)'/><Cell N='BevelBottomType' V='0' F='GUARD(0)'/><Cell N='LayerMember' V='0'/><Cell N='Copyright' V='Copyright (c) 2012 Microsoft Corporation.  All rights reserved.'/><Section N='User'><Row N='SurroundingRegionColor'><Cell N='Value' V='1' F='Sheet.6!FillForegnd'/><Cell N='Prompt' V=''/></Row></Section><Section N='Geometry' IX='0'><Cell N='NoFill' V='0'/><Cell N='NoLine' V='1'/><Cell N='NoShow' V='0'/><Cell N='NoSnap' V='0'/><Cell N='NoQuickDrag' V='0'/><Row T='RelMoveTo' IX='1'><Cell N='X' V='0.4672984803107652'/><Cell N='Y' V='0'/></Row><Row T='RelLineTo' IX='2'><Cell N='X' V='0.7853210571889248'/><Cell N='Y' V='0'/></Row><Row T='RelLineTo' IX='3'><Cell N='X' V='0.7853210571889248'/><Cell N='Y' V='0.03205293649268345'/></Row><Row T='RelLineTo' IX='4'><Cell N='X' V='0.4672984803107652'/><Cell N='Y' V='0.03205293649268345'/></Row><Row T='RelLineTo' IX='5'><Cell N='X' V='0.4672984803107652'/><Cell N='Y' V='0'/></Row></Section><Section N='Geometry' IX='1'><Cell N='NoFill' V='0'/><Cell N='NoLine' V='1'/><Cell N='NoShow' V='0'/><Cell N='NoSnap' V='0'/><Cell N='NoQuickDrag' V='0'/><Row T='RelMoveTo' IX='1'><Cell N='X' V='0'/><Cell N='Y' V='0.1504022404656658'/></Row><Row T='RelLineTo' IX='2'><Cell N='X' V='0.7853210571889248'/><Cell N='Y' V='0.1504022404656658'/></Row><Row T='RelLineTo' IX='3'><Cell N='X' V='0.7853210571889248'/><Cell N='Y' V='0.1824551769583485'/></Row><Row T='RelLineTo' IX='4'><Cell N='X' V='0'/><Cell N='Y' V='0.1824551769583485'/></Row><Row T='RelLineTo' IX='5'><Cell N='X' V='0'/><Cell N='Y' V='0.1504022404656658'/></Row></Section><Section N='Geometry' IX='2'><Cell N='NoFill' V='0'/><Cell N='NoLine' V='1'/><Cell N='NoShow' V='0'/><Cell N='NoSnap' V='0'/><Cell N='NoQuickDrag' V='0'/><Row T='RelMoveTo' IX='1'><Cell N='X' V='0'/><Cell N='Y' V='0.3008044809313309'/></Row><Row T='RelLineTo' IX='2'><Cell N='X' V='0.7853210571889248'/><Cell N='Y' V='0.3008044809313309'/></Row><Row T='RelLineTo' IX='3'><Cell N='X' V='0.7853210571889248'/><Cell N='Y' V='0.3328574174240136'/></Row><Row T='RelLineTo' IX='4'><Cell N='X' V='0'/><Cell N='Y' V='0.3328574174240136'/></Row><Row T='RelLineTo' IX='5'><Cell N='X' V='0'/><Cell N='Y' V='0.3008044809313309'/></Row></Section><Section N='Geometry' IX='3'><Cell N='NoFill' V='0'/><Cell N='NoLine' V='1'/><Cell N='NoShow' V='0'/><Cell N='NoSnap' V='0'/><Cell N='NoQuickDrag' V='0'/><Row T='RelMoveTo' IX='1'><Cell N='X' V='0'/><Cell N='Y' V='0.451206721396996'/></Row><Row T='RelLineTo' IX='2'><Cell N='X' V='0.7853210571889248'/><Cell N='Y' V='0.451206721396996'/></Row><Row T='RelLineTo' IX='3'><Cell N='X' V='0.7853210571889248'/><Cell N='Y' V='0.4832596578896787'/></Row><Row T='RelLineTo' IX='4'><Cell N='X' V='0'/><Cell N='Y' V='0.4832596578896787'/></Row><Row T='RelLineTo' IX='5'><Cell N='X' V='0'/><Cell N='Y' V='0.451206721396996'/></Row></Section><Section N='Geometry' IX='4'><Cell N='NoFill' V='0'/><Cell N='NoLine' V='1'/><Cell N='NoShow' V='0'/><Cell N='NoSnap' V='0'/><Cell N='NoQuickDrag' V='0'/><Row T='RelMoveTo' IX='1'><Cell N='X' V='0'/><Cell N='Y' V='0.601608961862661'/></Row><Row T='RelLineTo' IX='2'><Cell N='X' V='0.3180225768781596'/><Cell N='Y' V='0.601608961862661'/></Row><Row T='RelLineTo' IX='3'><Cell N='X' V='0.3180225768781596'/><Cell N='Y' V='0.6336618983553438'/></Row><Row T='RelLineTo' IX='4'><Cell N='X' V='0'/><Cell N='Y' V='0.6336618983553438'/></Row><Row T='RelLineTo' IX='5'><Cell N='X' V='0'/><Cell N='Y' V='0.601608961862661'/></Row></Section><Section N='Geometry' IX='5'><Cell N='NoFill' V='0'/><Cell N='NoLine' V='1'/><Cell N='NoShow' V='0'/><Cell N='NoSnap' V='0'/><Cell N='NoQuickDrag' V='0'/><Row T='RelMoveTo' IX='1'><Cell N='X' V='0'/><Cell N='Y' V='0.7520112023283261'/></Row><Row T='RelLineTo' IX='2'><Cell N='X' V='0.3180225768781596'/><Cell N='Y' V='0.7520112023283261'/></Row><Row T='RelLineTo' IX='3'><Cell N='X' V='0.3180225768781596'/><Cell N='Y' V='0.7840641388210089'/></Row><Row T='RelLineTo' IX='4'><Cell N='X' V='0'/><Cell N='Y' V='0.7840641388210089'/></Row><Row T='RelLineTo' IX='5'><Cell N='X' V='0'/><Cell N='Y' V='0.7520112023283261'/></Row></Section><Section N='Geometry' IX='6'><Cell N='NoFill' V='0'/><Cell N='NoLine' V='1'/><Cell N='NoShow' V='0'/><Cell N='NoSnap' V='0'/><Cell N='NoQuickDrag' V='0'/><Row T='RelMoveTo' IX='1'><Cell N='X' V='0.7001930394578954'/><Cell N='Y' V='1'/></Row><Row T='RelLineTo' IX='2'><Cell N='X' V='0.7001930394578954'/><Cell N='Y' V='0.7673060221185293'/></Row><Row T='RelLineTo' IX='3'><Cell N='X' V='1'/><Cell N='Y' V='0.7673060221185293'/></Row><Row T='RelLineTo' IX='4'><Cell N='X' V='0.7001930394578954'/><Cell N='Y' V='1'/></Row></Section></Shape></Shapes></Shape></Shapes></MasterContents>