<?xml version='1.0' encoding='utf-8' ?>
<MasterContents xmlns='http://schemas.microsoft.com/office/visio/2012/main' xmlns:r='http://schemas.openxmlformats.org/officeDocument/2006/relationships' xml:space='preserve'><Shapes><Shape ID='5' Type='Group' LineStyle='7' FillStyle='7' TextStyle='7' UniqueID='{11A85D47-0046-4947-B38D-EDB79C693DFA}'><Cell N='PinX' V='1.5' U='IN'/><Cell N='PinY' V='1.5' U='IN'/><Cell N='Width' V='1' U='IN'/><Cell N='Height' V='1' U='IN'/><Cell N='LocPinX' V='0.5' U='IN' F='Width*0.5'/><Cell N='LocPinY' V='0.5' U='IN' F='Height*0.5'/><Cell N='Angle' V='0' U='DEG'/><Cell N='FlipX' V='0'/><Cell N='FlipY' V='0'/><Cell N='ResizeMode' V='0'/><Cell N='Rounding' V='0' F='GUARD(0)'/><Cell N='BeginArrow' V='0' F='GUARD(0)'/><Cell N='EndArrow' V='0' F='GUARD(0)'/><Cell N='EventDblClick' V='0' F='OPENTEXTWIN()'/><Cell N='FillPattern' V='1' F='GUARD(1)'/><Cell N='ShdwPattern' V='0' F='GUARD(0)'/><Cell N='FillForegndTrans' V='0' F='GUARD(0%)'/><Cell N='FillBkgndTrans' V='0' F='GUARD(0%)'/><Cell N='HelpTopic' V='Vis_SBl.chm!#45835'/><Cell N='Copyright' V='Copyright (c) 2012 Microsoft Corporation.  All rights reserved.'/><Cell N='LockGroup' V='1'/><Cell N='SelectMode' V='0'/><Cell N='IsSnapTarget' V='0'/><Cell N='DontMoveChildren' V='1'/><Cell N='TxtPinX' V='0.5' U='IN' F='Width*0.5'/><Cell N='TxtPinY' V='0.5' U='IN' F='Height*0.5'/><Cell N='TxtWidth' V='1' U='IN' F='Width*1'/><Cell N='TxtHeight' V='1' U='IN' F='Height*1'/><Cell N='TxtLocPinX' V='0.5' U='IN' F='TxtWidth*0.5'/><Cell N='TxtLocPinY' V='0.5' U='IN' F='TxtHeight*0.5'/><Cell N='TxtAngle' V='0' U='DEG' F='GRAVITY(Angle,-60DEG,120DEG)'/><Cell N='ObjType' V='8'/><Cell N='FillGradientEnabled' V='0' F='GUARD(FALSE)'/><Section N='Scratch'><Row IX='0'><Cell N='X' V='0.25' U='IN' F='Height/4'/><Cell N='Y' V='0.25' U='IN' F='Height/4'/><Cell N='A' V='0.125' U='IN' F='0.125IN*User.AntiScale'/><Cell N='B' V='3'/><Cell N='C' V='0' F='No Formula'/><Cell N='D' V='0' F='No Formula'/></Row><Row IX='1'><Cell N='X' V='0.25' U='IN' F='MIN(Scratch.X1,Width/2)'/><Cell N='Y' V='0.25' U='IN' F='Height/4'/><Cell N='A' V='0.125' U='IN' F='IF(Scratch.B1,MIN((Width-Scratch.X2),Scratch.A1),Scratch.A1)'/><Cell N='B' V='0'/><Cell N='C' V='0' F='No Formula'/><Cell N='D' V='0' F='No Formula'/></Row></Section><Section N='User'><Row N='ShadowColor'><Cell N='Value' V='#84877b' U='COLOR' F='GUARD(IF(Scratch.B2=0,RGB(RED(FillForegnd)*User.ShadowPercentage,GREEN(FillForegnd)*User.ShadowPercentage,BLUE(FillForegnd)*User.ShadowPercentage),IF(Scratch.B2=1,ShdwForegnd,Sheet.6!ShdwForegnd)))'/><Cell N='Prompt' V='' F='No Formula'/></Row><Row N='ShadowPercentage'><Cell N='Value' V='0.6'/><Cell N='Prompt' V='' F='No Formula'/></Row><Row N='Scale'><Cell N='Value' V='1' F='ThePage!DrawingScale/ThePage!PageScale'/><Cell N='Prompt' V='' F='No Formula'/></Row><Row N='AntiScale'><Cell N='Value' V='1' F='IF(AND(User.Scale&gt;0.125,User.Scale&lt;8),1,User.Scale)'/><Cell N='Prompt' V='' F='No Formula'/></Row><Row N='visVersion'><Cell N='Value' V='15'/><Cell N='Prompt' V='' F='No Formula'/></Row></Section><Section N='Actions'><Row N='Row_1'><Cell N='Menu' V='&amp;Automatic Shadow'/><Cell N='Action' V='0' F='SETF("Scratch.B2",0)'/><Cell N='Checked' V='1' F='IF(Scratch.B2=0,1,0)'/><Cell N='Disabled' V='0'/><Cell N='ReadOnly' V='0' F='No Formula'/><Cell N='Invisible' V='0' F='No Formula'/><Cell N='BeginGroup' V='0' F='No Formula'/><Cell N='FlyoutChild' V='0' F='No Formula'/><Cell N='TagName' V='' F='No Formula'/><Cell N='ButtonFace' V='' F='No Formula'/><Cell N='SortKey' V='' F='No Formula'/></Row><Row N='Row_2'><Cell N='Menu' V='&amp;Manual Shadow'/><Cell N='Action' V='0' F='SETF("Scratch.B2",1)'/><Cell N='Checked' V='0' F='IF(Scratch.B2=1,1,0)'/><Cell N='Disabled' V='0'/><Cell N='ReadOnly' V='0' F='No Formula'/><Cell N='Invisible' V='0' F='No Formula'/><Cell N='BeginGroup' V='0' F='No Formula'/><Cell N='FlyoutChild' V='0' F='No Formula'/><Cell N='TagName' V='' F='No Formula'/><Cell N='ButtonFace' V='' F='No Formula'/><Cell N='SortKey' V='' F='No Formula'/></Row></Section><Shapes><Shape ID='6' Type='Shape' LineStyle='8' FillStyle='8' TextStyle='7'><Cell N='PinX' V='0.5' U='IN' F='Sheet.5!Width*0.5'/><Cell N='PinY' V='0.5' U='IN' F='Sheet.5!Height*0.5'/><Cell N='Width' V='1' U='IN' F='Sheet.5!Width*1'/><Cell N='Height' V='1' U='IN' F='Sheet.5!Height*1'/><Cell N='LocPinX' V='0.5' U='IN' F='Width*0.5'/><Cell N='LocPinY' V='0.5' U='IN' F='Height*0.5'/><Cell N='Angle' V='0' U='DEG'/><Cell N='FlipX' V='0' F='GUARD(0)'/><Cell N='FlipY' V='0' F='GUARD(0)'/><Cell N='ResizeMode' V='2'/><Cell N='LineWeight' V='0.003333333333333333' U='PT' F='Sheet.5!LineWeight'/><Cell N='LineColor' V='#000000' F='Sheet.5!LineColor'/><Cell N='LinePattern' V='1' F='Sheet.5!LinePattern'/><Cell N='Rounding' V='0' F='GUARD(0)'/><Cell N='BeginArrow' V='0' F='GUARD(0)'/><Cell N='EndArrow' V='0' F='GUARD(0)'/><Cell N='FillForegnd' V='#84877b' F='GUARD(Sheet.5!User.ShadowColor)'/><Cell N='FillPattern' V='1' F='GUARD(1)'/><Cell N='ShdwPattern' V='0' F='GUARD(0)'/><Cell N='FillForegndTrans' V='0' F='GUARD(0%)'/><Cell N='FillBkgndTrans' V='0' F='GUARD(0%)'/><Cell N='LockWidth' V='1'/><Cell N='LockHeight' V='1'/><Cell N='LockDelete' V='1'/><Cell N='LockRotate' V='1'/><Cell N='LockTextEdit' V='1'/><Cell N='LockFormat' V='1'/><Cell N='LockCalcWH' V='1'/><Cell N='Copyright' V='Copyright (c) 2012 Microsoft Corporation.  All rights reserved.'/><Cell N='DontMoveChildren' V='1'/><Cell N='FillGradientEnabled' V='0' F='GUARD(FALSE)'/><Section N='Scratch'><Row IX='0'><Cell N='X' V='0' F='No Formula'/><Cell N='Y' V='0' F='No Formula'/><Cell N='A' V='0.125' U='IN' F='Sheet.5!Scratch.A2'/><Cell N='B' V='3' F='Sheet.5!Scratch.B1'/><Cell N='C' V='0' U='BOOL' F='OR(Scratch.B1=1,Scratch.B1=2)'/><Cell N='D' V='0' F='No Formula'/></Row></Section><Section N='Geometry' IX='0'><Cell N='NoFill' V='0'/><Cell N='NoLine' V='0'/><Cell N='NoShow' V='0'/><Cell N='NoSnap' V='0' F='No Formula'/><Cell N='NoQuickDrag' V='0' F='No Formula'/><Row T='MoveTo' IX='1'><Cell N='X' V='0' U='IN'/><Cell N='Y' V='0' U='IN'/></Row><Row T='LineTo' IX='2'><Cell N='X' V='1' U='IN' F='Width'/><Cell N='Y' V='0' U='IN'/></Row><Row T='LineTo' IX='3'><Cell N='X' V='1' U='IN' F='Width'/><Cell N='Y' V='1' U='IN' F='Height'/></Row><Row T='LineTo' IX='4'><Cell N='X' V='1.125' U='IN' F='Width+Scratch.A1*NOT(Scratch.C1)'/><Cell N='Y' V='0.875' U='IN' F='Height-Scratch.A1'/></Row><Row T='LineTo' IX='5'><Cell N='X' V='1.125' U='IN' F='Geometry1.X4'/><Cell N='Y' V='-0.125' U='IN' F='-Scratch.A1'/></Row><Row T='LineTo' IX='6'><Cell N='X' V='1' U='IN' F='Geometry1.X2'/><Cell N='Y' V='0' U='IN' F='Geometry1.Y2'/></Row><Row T='LineTo' IX='7'><Cell N='X' V='1.125' U='IN' F='Geometry1.X5'/><Cell N='Y' V='-0.125' U='IN' F='Geometry1.Y5'/></Row><Row T='LineTo' IX='8'><Cell N='X' V='0.125' U='IN' F='Scratch.A1'/><Cell N='Y' V='-0.125' U='IN' F='-Scratch.A1'/></Row><Row T='LineTo' IX='9'><Cell N='X' V='0' U='IN' F='Geometry1.X1'/><Cell N='Y' V='0' U='IN' F='Geometry1.Y1'/></Row></Section></Shape><Shape ID='7' Type='Shape' LineStyle='7' FillStyle='7' TextStyle='7'><Cell N='PinX' V='0.5' U='IN' F='Sheet.5!Width*0.5'/><Cell N='PinY' V='0.5' U='IN' F='Sheet.5!Height*0.5'/><Cell N='Width' V='1' U='IN' F='Sheet.5!Width*1'/><Cell N='Height' V='1' U='IN' F='Sheet.5!Height*1'/><Cell N='LocPinX' V='0.5' U='IN' F='Width*0.5'/><Cell N='LocPinY' V='0.5' U='IN' F='Height*0.5'/><Cell N='Angle' V='0' U='DEG'/><Cell N='FlipX' V='0' F='GUARD(0)'/><Cell N='FlipY' V='0' F='GUARD(0)'/><Cell N='ResizeMode' V='0'/><Cell N='Rounding' V='0' F='GUARD(0)'/><Cell N='BeginArrow' V='0' F='GUARD(0)'/><Cell N='EndArrow' V='0' F='GUARD(0)'/><Cell N='ShdwPattern' V='0' F='GUARD(0)'/><Cell N='FillForegndTrans' V='0' F='GUARD(0%)'/><Cell N='FillBkgndTrans' V='0' F='GUARD(0%)'/><Cell N='EventDblClick' V='0' F='OPENTEXTWIN()'/><Cell N='LockWidth' V='1'/><Cell N='LockHeight' V='1'/><Cell N='LockDelete' V='1'/><Cell N='LockRotate' V='1'/><Cell N='TxtPinX' V='0.5' U='IN' F='Width*0.5'/><Cell N='TxtPinY' V='0.5' U='IN' F='Height*0.5'/><Cell N='TxtWidth' V='1' U='IN' F='Width*1'/><Cell N='TxtHeight' V='1' U='IN' F='Height*1'/><Cell N='TxtLocPinX' V='0.5' U='IN' F='TxtWidth*0.5'/><Cell N='TxtLocPinY' V='0.5' U='IN' F='TxtHeight*0.5'/><Cell N='TxtAngle' V='0' U='DEG' F='GRAVITY(Sheet.5!Angle,-60DEG,120DEG)'/><Cell N='Copyright' V='Copyright (c) 2012 Microsoft Corporation.  All rights reserved.'/><Cell N='DontMoveChildren' V='1'/><Section N='Scratch'><Row IX='0'><Cell N='X' V='0' F='No Formula'/><Cell N='Y' V='0' F='No Formula'/><Cell N='A' V='0' F='No Formula'/><Cell N='B' V='3' F='Sheet.5!Scratch.B1'/><Cell N='C' V='1' U='BOOL' F='NOT(OR(Scratch.B1=1,Scratch.B1=2))'/><Cell N='D' V='0' F='No Formula'/></Row></Section><Section N='Geometry' IX='0'><Cell N='NoFill' V='0'/><Cell N='NoLine' V='0'/><Cell N='NoShow' V='0'/><Cell N='NoSnap' V='0' F='No Formula'/><Cell N='NoQuickDrag' V='0' F='No Formula'/><Row T='MoveTo' IX='1'><Cell N='X' V='0' F='-Scratch.A1*OR(Scratch.B1=0,Scratch.B1=2)*4'/><Cell N='Y' V='0' F='Scratch.A1/2'/></Row><Row T='LineTo' IX='2'><Cell N='X' V='1' U='IN' F='Width+Scratch.A1*OR(Scratch.B1=1,Scratch.B1=2)*4'/><Cell N='Y' V='0' F='Geometry1.Y1'/></Row><Row T='LineTo' IX='3'><Cell N='X' V='1' U='IN' F='Geometry1.X2'/><Cell N='Y' V='1' U='IN' F='Height-Geometry1.Y1'/></Row><Row T='LineTo' IX='4'><Cell N='X' V='0' F='Geometry1.X1'/><Cell N='Y' V='1' U='IN' F='Geometry1.Y3'/></Row><Row T='LineTo' IX='5'><Cell N='X' V='0' F='Geometry1.X1'/><Cell N='Y' V='0' F='Geometry1.Y1'/></Row></Section><Text/></Shape></Shapes></Shape></Shapes></MasterContents>