<?xml version='1.0' encoding='utf-8' ?>
<MasterContents xmlns='http://schemas.microsoft.com/office/visio/2012/main' xmlns:r='http://schemas.openxmlformats.org/officeDocument/2006/relationships' xml:space='preserve'><Shapes><Shape ID='5' Type='Group' LineStyle='9' FillStyle='9' TextStyle='9'><Cell N='PinX' V='8.21875'/><Cell N='PinY' V='0.395833333333333'/><Cell N='Width' V='0.4375'/><Cell N='Height' V='0.7916666666666666'/><Cell N='LocPinX' V='0.21875' F='Width*0.5'/><Cell N='LocPinY' V='0.3958333333333333' F='Height*0.5'/><Cell N='Angle' V='0'/><Cell N='FlipX' V='0'/><Cell N='FlipY' V='0'/><Cell N='ResizeMode' V='0'/><Cell N='QuickStyleVariation' V='4'/><Shapes><Shape ID='6' Type='Group' LineStyle='9' FillStyle='9' TextStyle='9'><Cell N='PinX' V='0.21875' F='Sheet.5!Width*0.5'/><Cell N='PinY' V='0.3958333333333333' F='Sheet.5!Height*0.5'/><Cell N='Width' V='0.4375' F='Sheet.5!Width*1'/><Cell N='Height' V='0.7916666666666666' F='Sheet.5!Height*1'/><Cell N='LocPinX' V='0.21875' F='Width*0.5'/><Cell N='LocPinY' V='0.3958333333333333' F='Height*0.5'/><Cell N='Angle' V='0'/><Cell N='FlipX' V='0'/><Cell N='FlipY' V='0'/><Cell N='ResizeMode' V='0'/><Cell N='QuickStyleVariation' V='4'/><Shapes><Shape ID='7' Type='Shape' LineStyle='9' FillStyle='9' TextStyle='9'><Cell N='PinX' V='0.21875' F='Sheet.6!Width*0.5'/><Cell N='PinY' V='0.3958333333333333' F='Sheet.6!Height*0.5'/><Cell N='Width' V='0.4375' F='Sheet.6!Width*1'/><Cell N='Height' V='0.7916666666666666' F='Sheet.6!Height*1'/><Cell N='LocPinX' V='0.21875' F='Width*0.5'/><Cell N='LocPinY' V='0.3958333333333333' F='Height*0.5'/><Cell N='Angle' V='0'/><Cell N='FlipX' V='0'/><Cell N='FlipY' V='0'/><Cell N='ResizeMode' V='0'/><Cell N='FillForegnd' V='1' F='THEMEVAL("FillColor",1)'/><Section N='Geometry' IX='0'><Cell N='NoFill' V='0'/><Cell N='NoLine' V='0'/><Cell N='NoShow' V='0'/><Cell N='NoSnap' V='0'/><Cell N='NoQuickDrag' V='0'/><Row T='MoveTo' IX='1'><Cell N='X' V='0' F='Width*0'/><Cell N='Y' V='0' F='Height*0'/></Row><Row T='LineTo' IX='2'><Cell N='X' V='0' F='Width*0'/><Cell N='Y' V='0.71875' F='Height*0.90789473684211'/></Row><Row T='NURBSTo' IX='3'><Cell N='X' V='0.07291666666666664' F='Width*0.16666666666667'/><Cell N='Y' V='0.7916666666666666' F='Height*1'/><Cell N='A' V='0'/><Cell N='B' V='1'/><Cell N='C' V='0'/><Cell N='D' V='1'/><Cell N='E' V='NURBS(1, 3, 0, 0, 0,0.95921052631579,0,1, 0.073809523809524,1,0,1)' U='NURBS' F='NURBS(1,3,0,0,0,0.95921052631579,0,1,0.073809523809524,1,0,1)'/></Row><Row T='LineTo' IX='4'><Cell N='X' V='0.3645833333333333' F='Width*0.83333333333333'/><Cell N='Y' V='0.7916666666666666' F='Height*1'/></Row><Row T='NURBSTo' IX='5'><Cell N='X' V='0.4375' F='Width*1'/><Cell N='Y' V='0.71875' F='Height*0.90789473684211'/><Cell N='A' V='0'/><Cell N='B' V='1'/><Cell N='C' V='0'/><Cell N='D' V='1'/><Cell N='E' V='NURBS(1, 3, 0, 0, 0.92619047619048,1,0,1, 1,0.95921052631579,0,1)' U='NURBS' F='NURBS(1,3,0,0,0.92619047619048,1,0,1,1,0.95921052631579,0,1)'/></Row><Row T='LineTo' IX='6'><Cell N='X' V='0.4375' F='Width*1'/><Cell N='Y' V='0' F='Height*0'/></Row><Row T='LineTo' IX='7'><Cell N='X' V='0' F='Width*0'/><Cell N='Y' V='0' F='Height*0'/></Row><Row T='LineTo' IX='8'><Cell N='X' V='0' F='Width*0'/><Cell N='Y' V='0' F='Height*0'/></Row></Section></Shape><Shape ID='8' Type='Shape' LineStyle='9' FillStyle='9' TextStyle='9'><Cell N='PinX' V='0.21875' F='Sheet.6!Width*0.5'/><Cell N='PinY' V='0.3958333333333333' F='Sheet.6!Height*0.5'/><Cell N='Width' V='0.3750000000000012' F='Sheet.6!Width*0.85714285714286'/><Cell N='Height' V='0.7291666666666687' F='Sheet.6!Height*0.92105263157895'/><Cell N='LocPinX' V='0.1875' F='Width*0.5'/><Cell N='LocPinY' V='0.3645833333333333' F='Height*0.5'/><Cell N='Angle' V='0'/><Cell N='FlipX' V='0'/><Cell N='FlipY' V='0'/><Cell N='ResizeMode' V='0'/><Cell N='FillForegnd' V='#515050' F='THEMEVAL("FillColor",RGB(81,80,80))'/><Section N='Geometry' IX='0'><Cell N='NoFill' V='0'/><Cell N='NoLine' V='0'/><Cell N='NoShow' V='0'/><Cell N='NoSnap' V='0'/><Cell N='NoQuickDrag' V='0'/><Row T='MoveTo' IX='1'><Cell N='X' V='0.3333333333333344' F='Width*0.88888888888889'/><Cell N='Y' V='0.7291666666666687' F='Height*1'/></Row><Row T='LineTo' IX='2'><Cell N='X' V='0.04166666666666676' F='Width*0.11111111111111'/><Cell N='Y' V='0.7291666666666687' F='Height*1'/></Row><Row T='NURBSTo' IX='3'><Cell N='X' V='0' F='Width*0'/><Cell N='Y' V='0.6875000000000019' F='Height*0.94285714285714'/><Cell N='A' V='0'/><Cell N='B' V='1'/><Cell N='C' V='0'/><Cell N='D' V='1'/><Cell N='E' V='NURBS(1, 3, 0, 0, 0.05,1,0,1, 0,0.97428571428571,0,1)' U='NURBS' F='NURBS(1,3,0,0,0.05,1,0,1,0,0.97428571428571,0,1)'/></Row><Row T='LineTo' IX='4'><Cell N='X' V='0' F='Width*0'/><Cell N='Y' V='0' F='Height*0'/></Row><Row T='LineTo' IX='5'><Cell N='X' V='0.3750000000000012' F='Width*1'/><Cell N='Y' V='0' F='Height*0'/></Row><Row T='LineTo' IX='6'><Cell N='X' V='0.3750000000000012' F='Width*1'/><Cell N='Y' V='0.6875000000000019' F='Height*0.94285714285714'/></Row><Row T='NURBSTo' IX='7'><Cell N='X' V='0.3333333333333344' F='Width*0.88888888888889'/><Cell N='Y' V='0.7291666666666687' F='Height*1'/><Cell N='A' V='0'/><Cell N='B' V='1'/><Cell N='C' V='0'/><Cell N='D' V='1'/><Cell N='E' V='NURBS(1, 3, 0, 0, 1,0.97428571428571,0,1, 0.95,1,0,1)' U='NURBS' F='NURBS(1,3,0,0,1,0.97428571428571,0,1,0.95,1,0,1)'/></Row><Row T='LineTo' IX='8'><Cell N='X' V='0.3333333333333344' F='Width*0.88888888888889'/><Cell N='Y' V='0.7291666666666687' F='Height*1'/></Row></Section><Section N='Geometry' IX='1'><Cell N='NoFill' V='0'/><Cell N='NoLine' V='0'/><Cell N='NoShow' V='0'/><Cell N='NoSnap' V='0'/><Cell N='NoQuickDrag' V='0'/><Row T='MoveTo' IX='1'><Cell N='X' V='0.3020833333333343' F='Width*0.80555555555556'/><Cell N='Y' V='0.08333333333333351' F='Height*0.11428571428571'/></Row><Row T='LineTo' IX='2'><Cell N='X' V='0.07291666666666685' F='Width*0.19444444444444'/><Cell N='Y' V='0.08333333333333351' F='Height*0.11428571428571'/></Row><Row T='LineTo' IX='3'><Cell N='X' V='0.07291666666666685' F='Width*0.19444444444444'/><Cell N='Y' V='0.1145833333333336' F='Height*0.15714285714286'/></Row><Row T='LineTo' IX='4'><Cell N='X' V='0.3020833333333343' F='Width*0.80555555555556'/><Cell N='Y' V='0.1145833333333336' F='Height*0.15714285714286'/></Row><Row T='LineTo' IX='5'><Cell N='X' V='0.3020833333333343' F='Width*0.80555555555556'/><Cell N='Y' V='0.08333333333333351' F='Height*0.11428571428571'/></Row><Row T='LineTo' IX='6'><Cell N='X' V='0.3020833333333343' F='Width*0.80555555555556'/><Cell N='Y' V='0.08333333333333351' F='Height*0.11428571428571'/></Row></Section><Section N='Geometry' IX='2'><Cell N='NoFill' V='0'/><Cell N='NoLine' V='0'/><Cell N='NoShow' V='0'/><Cell N='NoSnap' V='0'/><Cell N='NoQuickDrag' V='0'/><Row T='MoveTo' IX='1'><Cell N='X' V='0.3020833333333343' F='Width*0.80555555555556'/><Cell N='Y' V='0.1770833333333338' F='Height*0.24285714285714'/></Row><Row T='LineTo' IX='2'><Cell N='X' V='0.07291666666666685' F='Width*0.19444444444444'/><Cell N='Y' V='0.1770833333333338' F='Height*0.24285714285714'/></Row><Row T='LineTo' IX='3'><Cell N='X' V='0.07291666666666685' F='Width*0.19444444444444'/><Cell N='Y' V='0.2083333333333338' F='Height*0.28571428571429'/></Row><Row T='LineTo' IX='4'><Cell N='X' V='0.3020833333333343' F='Width*0.80555555555556'/><Cell N='Y' V='0.2083333333333338' F='Height*0.28571428571429'/></Row><Row T='LineTo' IX='5'><Cell N='X' V='0.3020833333333343' F='Width*0.80555555555556'/><Cell N='Y' V='0.1770833333333338' F='Height*0.24285714285714'/></Row><Row T='LineTo' IX='6'><Cell N='X' V='0.3020833333333343' F='Width*0.80555555555556'/><Cell N='Y' V='0.1770833333333338' F='Height*0.24285714285714'/></Row></Section><Section N='Geometry' IX='3'><Cell N='NoFill' V='0'/><Cell N='NoLine' V='0'/><Cell N='NoShow' V='0'/><Cell N='NoSnap' V='0'/><Cell N='NoQuickDrag' V='0'/><Row T='MoveTo' IX='1'><Cell N='X' V='0.3020833333333343' F='Width*0.80555555555556'/><Cell N='Y' V='0.6041666666666683' F='Height*0.82857142857143'/></Row><Row T='LineTo' IX='2'><Cell N='X' V='0.07291666666666685' F='Width*0.19444444444444'/><Cell N='Y' V='0.6041666666666683' F='Height*0.82857142857143'/></Row><Row T='LineTo' IX='3'><Cell N='X' V='0.07291666666666685' F='Width*0.19444444444444'/><Cell N='Y' V='0.6354166666666685' F='Height*0.87142857142857'/></Row><Row T='LineTo' IX='4'><Cell N='X' V='0.3020833333333343' F='Width*0.80555555555556'/><Cell N='Y' V='0.6354166666666685' F='Height*0.87142857142857'/></Row><Row T='LineTo' IX='5'><Cell N='X' V='0.3020833333333343' F='Width*0.80555555555556'/><Cell N='Y' V='0.6041666666666683' F='Height*0.82857142857143'/></Row><Row T='LineTo' IX='6'><Cell N='X' V='0.3020833333333343' F='Width*0.80555555555556'/><Cell N='Y' V='0.6041666666666683' F='Height*0.82857142857143'/></Row></Section></Shape></Shapes></Shape></Shapes></Shape></Shapes></MasterContents>