<?xml version='1.0' encoding='utf-8' ?>
<MasterContents xmlns='http://schemas.microsoft.com/office/visio/2012/main' xmlns:r='http://schemas.openxmlformats.org/officeDocument/2006/relationships' xml:space='preserve'><Shapes><Shape ID='5' Type='Group' LineStyle='9' FillStyle='9' TextStyle='9'><Cell N='PinX' V='8.359375'/><Cell N='PinY' V='10.828125'/><Cell N='Width' V='0.71875'/><Cell N='Height' V='0.65625'/><Cell N='LocPinX' V='0.359375' F='Width*0.5'/><Cell N='LocPinY' V='0.328125' F='Height*0.5'/><Cell N='Angle' V='0'/><Cell N='FlipX' V='0'/><Cell N='FlipY' V='0'/><Cell N='ResizeMode' V='0'/><Cell N='QuickStyleVariation' V='4'/><Shapes><Shape ID='6' Type='Group' LineStyle='9' FillStyle='9' TextStyle='9'><Cell N='PinX' V='0.359375' F='Sheet.5!Width*0.5'/><Cell N='PinY' V='0.328125' F='Sheet.5!Height*0.5'/><Cell N='Width' V='0.71875' F='Sheet.5!Width*1'/><Cell N='Height' V='0.65625' F='Sheet.5!Height*1'/><Cell N='LocPinX' V='0.359375' F='Width*0.5'/><Cell N='LocPinY' V='0.328125' F='Height*0.5'/><Cell N='Angle' V='0'/><Cell N='FlipX' V='0'/><Cell N='FlipY' V='0'/><Cell N='ResizeMode' V='0'/><Cell N='QuickStyleVariation' V='4'/><Shapes><Shape ID='7' Type='Shape' LineStyle='9' FillStyle='9' TextStyle='9'><Cell N='PinX' V='0.359375' F='Sheet.6!Width*0.5'/><Cell N='PinY' V='0.328125' F='Sheet.6!Height*0.5'/><Cell N='Width' V='0.71875' F='Sheet.6!Width*1'/><Cell N='Height' V='0.65625' F='Sheet.6!Height*1'/><Cell N='LocPinX' V='0.359375' F='Width*0.5'/><Cell N='LocPinY' V='0.328125' F='Height*0.5'/><Cell N='Angle' V='0'/><Cell N='FlipX' V='0'/><Cell N='FlipY' V='0'/><Cell N='ResizeMode' V='0'/><Cell N='FillForegnd' V='1' F='THEMEVAL("FillColor",1)'/><Section N='Geometry' IX='0'><Cell N='NoFill' V='0'/><Cell N='NoLine' V='0'/><Cell N='NoShow' V='0'/><Cell N='NoSnap' V='0'/><Cell N='NoQuickDrag' V='0'/><Row T='MoveTo' IX='1'><Cell N='X' V='0' F='Width*0'/><Cell N='Y' V='0' F='Height*0'/></Row><Row T='LineTo' IX='2'><Cell N='X' V='0.71875' F='Width*1'/><Cell N='Y' V='0' F='Height*0'/></Row><Row T='LineTo' IX='3'><Cell N='X' V='0.71875' F='Width*1'/><Cell N='Y' V='0.65625' F='Height*1'/></Row><Row T='LineTo' IX='4'><Cell N='X' V='0' F='Width*0'/><Cell N='Y' V='0.65625' F='Height*1'/></Row><Row T='LineTo' IX='5'><Cell N='X' V='0' F='Geometry1.X1'/><Cell N='Y' V='0' F='Geometry1.Y1'/></Row></Section></Shape><Shape ID='8' Type='Group' LineStyle='9' FillStyle='9' TextStyle='9'><Cell N='PinX' V='0.359375' F='Sheet.6!Width*0.5'/><Cell N='PinY' V='0.328125' F='Sheet.6!Height*0.5'/><Cell N='Width' V='0.65625' F='Sheet.6!Width*0.91304347826087'/><Cell N='Height' V='0.5937499999999969' F='Sheet.6!Height*0.9047619047619'/><Cell N='LocPinX' V='0.328125' F='Width*0.5'/><Cell N='LocPinY' V='0.296875' F='Height*0.5'/><Cell N='Angle' V='0'/><Cell N='FlipX' V='0'/><Cell N='FlipY' V='0'/><Cell N='ResizeMode' V='0'/><Cell N='QuickStyleVariation' V='4'/><Shapes><Shape ID='9' Type='Shape' LineStyle='9' FillStyle='9' TextStyle='9'><Cell N='PinX' V='0.07812500000000067' F='Sheet.8!Width*0.11904761904762'/><Cell N='PinY' V='0.5312499999999953' F='Sheet.8!Height*0.89473684210526'/><Cell N='Width' V='0.1562500000000013' F='Sheet.8!Width*0.23809523809524'/><Cell N='Height' V='0.1249999999999972' F='Sheet.8!Height*0.21052631578947'/><Cell N='LocPinX' V='0.078125' F='Width*0.5'/><Cell N='LocPinY' V='0.0625' F='Height*0.5'/><Cell N='Angle' V='0'/><Cell N='FlipX' V='0'/><Cell N='FlipY' V='0'/><Cell N='ResizeMode' V='0'/><Cell N='FillForegnd' V='#da4026' F='THEMEVAL("FillColor",RGB(218,64,38))'/><Section N='Geometry' IX='0'><Cell N='NoFill' V='0'/><Cell N='NoLine' V='0'/><Cell N='NoShow' V='0'/><Cell N='NoSnap' V='0'/><Cell N='NoQuickDrag' V='0'/><Row T='MoveTo' IX='1'><Cell N='X' V='0' F='Width*0'/><Cell N='Y' V='0' F='Height*0'/></Row><Row T='LineTo' IX='2'><Cell N='X' V='0.15625' F='Width*1'/><Cell N='Y' V='0' F='Height*0'/></Row><Row T='LineTo' IX='3'><Cell N='X' V='0.15625' F='Width*1'/><Cell N='Y' V='0.125' F='Height*1'/></Row><Row T='LineTo' IX='4'><Cell N='X' V='0' F='Width*0'/><Cell N='Y' V='0.125' F='Height*1'/></Row><Row T='LineTo' IX='5'><Cell N='X' V='0' F='Geometry1.X1'/><Cell N='Y' V='0' F='Geometry1.Y1'/></Row></Section></Shape><Shape ID='10' Type='Shape' LineStyle='9' FillStyle='9' TextStyle='9'><Cell N='PinX' V='0.578125' F='Sheet.8!Width*0.88095238095238'/><Cell N='PinY' V='0.5312499999999953' F='Sheet.8!Height*0.89473684210526'/><Cell N='Width' V='0.1562500000000013' F='Sheet.8!Width*0.23809523809524'/><Cell N='Height' V='0.1249999999999972' F='Sheet.8!Height*0.21052631578947'/><Cell N='LocPinX' V='0.078125' F='Width*0.5'/><Cell N='LocPinY' V='0.0625' F='Height*0.5'/><Cell N='Angle' V='0'/><Cell N='FlipX' V='0'/><Cell N='FlipY' V='0'/><Cell N='ResizeMode' V='0'/><Cell N='FillForegnd' V='#da4026' F='THEMEVAL("FillColor",RGB(218,64,38))'/><Section N='Geometry' IX='0'><Cell N='NoFill' V='0'/><Cell N='NoLine' V='0'/><Cell N='NoShow' V='0'/><Cell N='NoSnap' V='0'/><Cell N='NoQuickDrag' V='0'/><Row T='MoveTo' IX='1'><Cell N='X' V='0' F='Width*0'/><Cell N='Y' V='0' F='Height*0'/></Row><Row T='LineTo' IX='2'><Cell N='X' V='0.15625' F='Width*1'/><Cell N='Y' V='0' F='Height*0'/></Row><Row T='LineTo' IX='3'><Cell N='X' V='0.15625' F='Width*1'/><Cell N='Y' V='0.125' F='Height*1'/></Row><Row T='LineTo' IX='4'><Cell N='X' V='0' F='Width*0'/><Cell N='Y' V='0.125' F='Height*1'/></Row><Row T='LineTo' IX='5'><Cell N='X' V='0' F='Geometry1.X1'/><Cell N='Y' V='0' F='Geometry1.Y1'/></Row></Section></Shape><Shape ID='11' Type='Shape' LineStyle='9' FillStyle='9' TextStyle='9'><Cell N='PinX' V='0.328125' F='Sheet.8!Width*0.5'/><Cell N='PinY' V='0.5312499999999953' F='Sheet.8!Height*0.89473684210526'/><Cell N='Width' V='0.2812500000000011' F='Sheet.8!Width*0.42857142857143'/><Cell N='Height' V='0.1249999999999972' F='Sheet.8!Height*0.21052631578947'/><Cell N='LocPinX' V='0.140625' F='Width*0.5'/><Cell N='LocPinY' V='0.0625' F='Height*0.5'/><Cell N='Angle' V='0'/><Cell N='FlipX' V='0'/><Cell N='FlipY' V='0'/><Cell N='ResizeMode' V='0'/><Cell N='FillForegnd' V='#da4026' F='THEMEVAL("FillColor",RGB(218,64,38))'/><Section N='Geometry' IX='0'><Cell N='NoFill' V='0'/><Cell N='NoLine' V='0'/><Cell N='NoShow' V='0'/><Cell N='NoSnap' V='0'/><Cell N='NoQuickDrag' V='0'/><Row T='MoveTo' IX='1'><Cell N='X' V='0' F='Width*0'/><Cell N='Y' V='0' F='Height*0'/></Row><Row T='LineTo' IX='2'><Cell N='X' V='0.28125' F='Width*1'/><Cell N='Y' V='0' F='Height*0'/></Row><Row T='LineTo' IX='3'><Cell N='X' V='0.28125' F='Width*1'/><Cell N='Y' V='0.125' F='Height*1'/></Row><Row T='LineTo' IX='4'><Cell N='X' V='0' F='Width*0'/><Cell N='Y' V='0.125' F='Height*1'/></Row><Row T='LineTo' IX='5'><Cell N='X' V='0' F='Geometry1.X1'/><Cell N='Y' V='0' F='Geometry1.Y1'/></Row></Section></Shape><Shape ID='12' Type='Shape' LineStyle='9' FillStyle='9' TextStyle='9'><Cell N='PinX' V='0.07812500000000067' F='Sheet.8!Width*0.11904761904762'/><Cell N='PinY' V='0.21875' F='Sheet.8!Height*0.36842105263158'/><Cell N='Width' V='0.1562500000000013' F='Sheet.8!Width*0.23809523809524'/><Cell N='Height' V='0.1249999999999972' F='Sheet.8!Height*0.21052631578947'/><Cell N='LocPinX' V='0.078125' F='Width*0.5'/><Cell N='LocPinY' V='0.0625' F='Height*0.5'/><Cell N='Angle' V='0'/><Cell N='FlipX' V='0'/><Cell N='FlipY' V='0'/><Cell N='ResizeMode' V='0'/><Cell N='FillForegnd' V='#da4026' F='THEMEVAL("FillColor",RGB(218,64,38))'/><Section N='Geometry' IX='0'><Cell N='NoFill' V='0'/><Cell N='NoLine' V='0'/><Cell N='NoShow' V='0'/><Cell N='NoSnap' V='0'/><Cell N='NoQuickDrag' V='0'/><Row T='MoveTo' IX='1'><Cell N='X' V='0' F='Width*0'/><Cell N='Y' V='0' F='Height*0'/></Row><Row T='LineTo' IX='2'><Cell N='X' V='0.15625' F='Width*1'/><Cell N='Y' V='0' F='Height*0'/></Row><Row T='LineTo' IX='3'><Cell N='X' V='0.15625' F='Width*1'/><Cell N='Y' V='0.125' F='Height*1'/></Row><Row T='LineTo' IX='4'><Cell N='X' V='0' F='Width*0'/><Cell N='Y' V='0.125' F='Height*1'/></Row><Row T='LineTo' IX='5'><Cell N='X' V='0' F='Geometry1.X1'/><Cell N='Y' V='0' F='Geometry1.Y1'/></Row></Section></Shape><Shape ID='13' Type='Shape' LineStyle='9' FillStyle='9' TextStyle='9'><Cell N='PinX' V='0.578125' F='Sheet.8!Width*0.88095238095238'/><Cell N='PinY' V='0.21875' F='Sheet.8!Height*0.36842105263158'/><Cell N='Width' V='0.1562500000000013' F='Sheet.8!Width*0.23809523809524'/><Cell N='Height' V='0.1249999999999972' F='Sheet.8!Height*0.21052631578947'/><Cell N='LocPinX' V='0.078125' F='Width*0.5'/><Cell N='LocPinY' V='0.0625' F='Height*0.5'/><Cell N='Angle' V='0'/><Cell N='FlipX' V='0'/><Cell N='FlipY' V='0'/><Cell N='ResizeMode' V='0'/><Cell N='FillForegnd' V='#da4026' F='THEMEVAL("FillColor",RGB(218,64,38))'/><Section N='Geometry' IX='0'><Cell N='NoFill' V='0'/><Cell N='NoLine' V='0'/><Cell N='NoShow' V='0'/><Cell N='NoSnap' V='0'/><Cell N='NoQuickDrag' V='0'/><Row T='MoveTo' IX='1'><Cell N='X' V='0' F='Width*0'/><Cell N='Y' V='0' F='Height*0'/></Row><Row T='LineTo' IX='2'><Cell N='X' V='0.15625' F='Width*1'/><Cell N='Y' V='0' F='Height*0'/></Row><Row T='LineTo' IX='3'><Cell N='X' V='0.15625' F='Width*1'/><Cell N='Y' V='0.125' F='Height*1'/></Row><Row T='LineTo' IX='4'><Cell N='X' V='0' F='Width*0'/><Cell N='Y' V='0.125' F='Height*1'/></Row><Row T='LineTo' IX='5'><Cell N='X' V='0' F='Geometry1.X1'/><Cell N='Y' V='0' F='Geometry1.Y1'/></Row></Section></Shape><Shape ID='14' Type='Shape' LineStyle='9' FillStyle='9' TextStyle='9'><Cell N='PinX' V='0.328125' F='Sheet.8!Width*0.5'/><Cell N='PinY' V='0.21875' F='Sheet.8!Height*0.36842105263158'/><Cell N='Width' V='0.2812500000000011' F='Sheet.8!Width*0.42857142857143'/><Cell N='Height' V='0.1249999999999972' F='Sheet.8!Height*0.21052631578947'/><Cell N='LocPinX' V='0.140625' F='Width*0.5'/><Cell N='LocPinY' V='0.0625' F='Height*0.5'/><Cell N='Angle' V='0'/><Cell N='FlipX' V='0'/><Cell N='FlipY' V='0'/><Cell N='ResizeMode' V='0'/><Cell N='FillForegnd' V='#da4026' F='THEMEVAL("FillColor",RGB(218,64,38))'/><Section N='Geometry' IX='0'><Cell N='NoFill' V='0'/><Cell N='NoLine' V='0'/><Cell N='NoShow' V='0'/><Cell N='NoSnap' V='0'/><Cell N='NoQuickDrag' V='0'/><Row T='MoveTo' IX='1'><Cell N='X' V='0' F='Width*0'/><Cell N='Y' V='0' F='Height*0'/></Row><Row T='LineTo' IX='2'><Cell N='X' V='0.28125' F='Width*1'/><Cell N='Y' V='0' F='Height*0'/></Row><Row T='LineTo' IX='3'><Cell N='X' V='0.28125' F='Width*1'/><Cell N='Y' V='0.125' F='Height*1'/></Row><Row T='LineTo' IX='4'><Cell N='X' V='0' F='Width*0'/><Cell N='Y' V='0.125' F='Height*1'/></Row><Row T='LineTo' IX='5'><Cell N='X' V='0' F='Geometry1.X1'/><Cell N='Y' V='0' F='Geometry1.Y1'/></Row></Section></Shape><Shape ID='15' Type='Shape' LineStyle='9' FillStyle='9' TextStyle='9'><Cell N='PinX' V='0.1562500000000013' F='Sheet.8!Width*0.23809523809524'/><Cell N='PinY' V='0.3749999999999975' F='Sheet.8!Height*0.63157894736842'/><Cell N='Width' V='0.3125000000000027' F='Sheet.8!Width*0.47619047619048'/><Cell N='Height' V='0.1249999999999972' F='Sheet.8!Height*0.21052631578947'/><Cell N='LocPinX' V='0.15625' F='Width*0.5'/><Cell N='LocPinY' V='0.0625' F='Height*0.5'/><Cell N='Angle' V='0'/><Cell N='FlipX' V='0'/><Cell N='FlipY' V='0'/><Cell N='ResizeMode' V='0'/><Cell N='FillForegnd' V='#da4026' F='THEMEVAL("FillColor",RGB(218,64,38))'/><Section N='Geometry' IX='0'><Cell N='NoFill' V='0'/><Cell N='NoLine' V='0'/><Cell N='NoShow' V='0'/><Cell N='NoSnap' V='0'/><Cell N='NoQuickDrag' V='0'/><Row T='MoveTo' IX='1'><Cell N='X' V='0' F='Width*0'/><Cell N='Y' V='0' F='Height*0'/></Row><Row T='LineTo' IX='2'><Cell N='X' V='0.3125' F='Width*1'/><Cell N='Y' V='0' F='Height*0'/></Row><Row T='LineTo' IX='3'><Cell N='X' V='0.3125' F='Width*1'/><Cell N='Y' V='0.125' F='Height*1'/></Row><Row T='LineTo' IX='4'><Cell N='X' V='0' F='Width*0'/><Cell N='Y' V='0.125' F='Height*1'/></Row><Row T='LineTo' IX='5'><Cell N='X' V='0' F='Geometry1.X1'/><Cell N='Y' V='0' F='Geometry1.Y1'/></Row></Section></Shape><Shape ID='16' Type='Shape' LineStyle='9' FillStyle='9' TextStyle='9'><Cell N='PinX' V='0.499999999999999' F='Sheet.8!Width*0.76190476190476'/><Cell N='PinY' V='0.3749999999999975' F='Sheet.8!Height*0.63157894736842'/><Cell N='Width' V='0.3125000000000027' F='Sheet.8!Width*0.47619047619048'/><Cell N='Height' V='0.1249999999999972' F='Sheet.8!Height*0.21052631578947'/><Cell N='LocPinX' V='0.15625' F='Width*0.5'/><Cell N='LocPinY' V='0.0625' F='Height*0.5'/><Cell N='Angle' V='0'/><Cell N='FlipX' V='0'/><Cell N='FlipY' V='0'/><Cell N='ResizeMode' V='0'/><Cell N='FillForegnd' V='#da4026' F='THEMEVAL("FillColor",RGB(218,64,38))'/><Section N='Geometry' IX='0'><Cell N='NoFill' V='0'/><Cell N='NoLine' V='0'/><Cell N='NoShow' V='0'/><Cell N='NoSnap' V='0'/><Cell N='NoQuickDrag' V='0'/><Row T='MoveTo' IX='1'><Cell N='X' V='0' F='Width*0'/><Cell N='Y' V='0' F='Height*0'/></Row><Row T='LineTo' IX='2'><Cell N='X' V='0.3125' F='Width*1'/><Cell N='Y' V='0' F='Height*0'/></Row><Row T='LineTo' IX='3'><Cell N='X' V='0.3125' F='Width*1'/><Cell N='Y' V='0.125' F='Height*1'/></Row><Row T='LineTo' IX='4'><Cell N='X' V='0' F='Width*0'/><Cell N='Y' V='0.125' F='Height*1'/></Row><Row T='LineTo' IX='5'><Cell N='X' V='0' F='Geometry1.X1'/><Cell N='Y' V='0' F='Geometry1.Y1'/></Row></Section></Shape><Shape ID='17' Type='Shape' LineStyle='9' FillStyle='9' TextStyle='9'><Cell N='PinX' V='0.1562500000000013' F='Sheet.8!Width*0.23809523809524'/><Cell N='PinY' V='0.06250000000000155' F='Sheet.8!Height*0.10526315789474'/><Cell N='Width' V='0.3125000000000027' F='Sheet.8!Width*0.47619047619048'/><Cell N='Height' V='0.1249999999999972' F='Sheet.8!Height*0.21052631578947'/><Cell N='LocPinX' V='0.15625' F='Width*0.5'/><Cell N='LocPinY' V='0.0625' F='Height*0.5'/><Cell N='Angle' V='0'/><Cell N='FlipX' V='0'/><Cell N='FlipY' V='0'/><Cell N='ResizeMode' V='0'/><Cell N='FillForegnd' V='#da4026' F='THEMEVAL("FillColor",RGB(218,64,38))'/><Section N='Geometry' IX='0'><Cell N='NoFill' V='0'/><Cell N='NoLine' V='0'/><Cell N='NoShow' V='0'/><Cell N='NoSnap' V='0'/><Cell N='NoQuickDrag' V='0'/><Row T='MoveTo' IX='1'><Cell N='X' V='0' F='Width*0'/><Cell N='Y' V='0' F='Height*0'/></Row><Row T='LineTo' IX='2'><Cell N='X' V='0.3125' F='Width*1'/><Cell N='Y' V='0' F='Height*0'/></Row><Row T='LineTo' IX='3'><Cell N='X' V='0.3125' F='Width*1'/><Cell N='Y' V='0.125' F='Height*1'/></Row><Row T='LineTo' IX='4'><Cell N='X' V='0' F='Width*0'/><Cell N='Y' V='0.125' F='Height*1'/></Row><Row T='LineTo' IX='5'><Cell N='X' V='0' F='Geometry1.X1'/><Cell N='Y' V='0' F='Geometry1.Y1'/></Row></Section></Shape><Shape ID='18' Type='Shape' LineStyle='9' FillStyle='9' TextStyle='9'><Cell N='PinX' V='0.499999999999999' F='Sheet.8!Width*0.76190476190476'/><Cell N='PinY' V='0.06250000000000155' F='Sheet.8!Height*0.10526315789474'/><Cell N='Width' V='0.3125000000000027' F='Sheet.8!Width*0.47619047619048'/><Cell N='Height' V='0.1249999999999972' F='Sheet.8!Height*0.21052631578947'/><Cell N='LocPinX' V='0.15625' F='Width*0.5'/><Cell N='LocPinY' V='0.0625' F='Height*0.5'/><Cell N='Angle' V='0'/><Cell N='FlipX' V='0'/><Cell N='FlipY' V='0'/><Cell N='ResizeMode' V='0'/><Cell N='FillForegnd' V='#da4026' F='THEMEVAL("FillColor",RGB(218,64,38))'/><Section N='Geometry' IX='0'><Cell N='NoFill' V='0'/><Cell N='NoLine' V='0'/><Cell N='NoShow' V='0'/><Cell N='NoSnap' V='0'/><Cell N='NoQuickDrag' V='0'/><Row T='MoveTo' IX='1'><Cell N='X' V='0' F='Width*0'/><Cell N='Y' V='0' F='Height*0'/></Row><Row T='LineTo' IX='2'><Cell N='X' V='0.3125' F='Width*1'/><Cell N='Y' V='0' F='Height*0'/></Row><Row T='LineTo' IX='3'><Cell N='X' V='0.3125' F='Width*1'/><Cell N='Y' V='0.125' F='Height*1'/></Row><Row T='LineTo' IX='4'><Cell N='X' V='0' F='Width*0'/><Cell N='Y' V='0.125' F='Height*1'/></Row><Row T='LineTo' IX='5'><Cell N='X' V='0' F='Geometry1.X1'/><Cell N='Y' V='0' F='Geometry1.Y1'/></Row></Section></Shape></Shapes></Shape></Shapes></Shape></Shapes></Shape></Shapes></MasterContents>