<?xml version='1.0' encoding='utf-8' ?>
<MasterContents xmlns='http://schemas.microsoft.com/office/visio/2012/main' xmlns:r='http://schemas.openxmlformats.org/officeDocument/2006/relationships' xml:space='preserve'><Shapes><Shape ID='5' Type='Shape' LineStyle='3' FillStyle='3' TextStyle='3'><Cell N='PinX' V='1.999996180489229'/><Cell N='PinY' V='1.999974099209523'/><Cell N='Width' V='1.5'/><Cell N='Height' V='1'/><Cell N='LocPinX' V='0.75' F='Width*0.5'/><Cell N='LocPinY' V='0.5' F='Height*0.5'/><Cell N='Angle' V='0'/><Cell N='FlipX' V='0'/><Cell N='FlipY' V='0'/><Cell N='ResizeMode' V='0'/><Cell N='LineWeight' V='0.003333333333333333' U='PT' F='THEMEVAL("LineWeight",0.24PT)'/><Cell N='QuickStyleLineColor' V='101'/><Cell N='QuickStyleFillColor' V='101'/><Cell N='QuickStyleFontColor' V='101'/><Cell N='QuickStyleLineMatrix' V='101'/><Cell N='QuickStyleFillMatrix' V='101'/><Cell N='QuickStyleEffectsMatrix' V='101'/><Cell N='QuickStyleFontMatrix' V='101'/><Cell N='QuickStyleType' V='2'/><Cell N='EventDblClick' V='0' F='OPENTEXTWIN()'/><Cell N='ShapeSplit' V='1'/><Cell N='HelpTopic' V='Vis_PRXY.chm!#60348'/><Cell N='Copyright' V='Copyright (c) 2012 Microsoft Corporation.  All rights reserved.'/><Section N='Connection'><Row IX='0'><Cell N='X' V='0.26577177725664' F='Width*0.17718118483776'/><Cell N='Y' V='0.88286316410579' F='Height*0.88286316410579'/><Cell N='DirX' V='0'/><Cell N='DirY' V='0'/><Cell N='Type' V='0'/><Cell N='AutoGen' V='0'/><Cell N='Prompt' V='' F='No Formula'/></Row><Row IX='1'><Cell N='X' V='0.624239290495755' F='Width*0.41615952699717'/><Cell N='Y' V='0.95398728492523' F='Height*0.95398728492523'/><Cell N='DirX' V='0'/><Cell N='DirY' V='0'/><Cell N='Type' V='0'/><Cell N='AutoGen' V='0'/><Cell N='Prompt' V='' F='No Formula'/></Row><Row IX='2'><Cell N='X' V='0.9128998100402699' F='Width*0.60859987336018'/><Cell N='Y' V='0.99979773330043' F='Height*0.99979773330043'/><Cell N='DirX' V='0'/><Cell N='DirY' V='0'/><Cell N='Type' V='0'/><Cell N='AutoGen' V='0'/><Cell N='Prompt' V='' F='No Formula'/></Row><Row IX='3'><Cell N='X' V='1.22056310658006' F='Width*0.81370873772004'/><Cell N='Y' V='0.99108919925047' F='Height*0.99108919925047'/><Cell N='DirX' V='0'/><Cell N='DirY' V='0'/><Cell N='Type' V='0'/><Cell N='AutoGen' V='0'/><Cell N='Prompt' V='' F='No Formula'/></Row><Row IX='4'><Cell N='X' V='1.46368694503074' F='Width*0.97579129668716'/><Cell N='Y' V='0.76539608581055' F='Height*0.76539608581055'/><Cell N='DirX' V='0'/><Cell N='DirY' V='0'/><Cell N='Type' V='0'/><Cell N='AutoGen' V='0'/><Cell N='Prompt' V='' F='No Formula'/></Row><Row IX='5'><Cell N='X' V='1.48253574926352' F='Width*0.98835716617568'/><Cell N='Y' V='0.43164255216421' F='Height*0.43164255216421'/><Cell N='DirX' V='0'/><Cell N='DirY' V='0'/><Cell N='Type' V='0'/><Cell N='AutoGen' V='0'/><Cell N='Prompt' V='' F='No Formula'/></Row><Row IX='6'><Cell N='X' V='1.209922527485385' F='Width*0.80661501832359'/><Cell N='Y' V='0.16504491600121' F='Height*0.16504491600121'/><Cell N='DirX' V='0'/><Cell N='DirY' V='0'/><Cell N='Type' V='0'/><Cell N='AutoGen' V='0'/><Cell N='Prompt' V='' F='No Formula'/></Row><Row IX='7'><Cell N='X' V='0.8381546243138849' F='Width*0.55876974954259'/><Cell N='Y' V='0.009318646640240401' F='Height*0.0093186466402404'/><Cell N='DirX' V='0'/><Cell N='DirY' V='0'/><Cell N='Type' V='0'/><Cell N='AutoGen' V='0'/><Cell N='Prompt' V='' F='No Formula'/></Row><Row IX='8'><Cell N='X' V='0.38836806220848' F='Width*0.25891204147232'/><Cell N='Y' V='0.064696051500984' F='Height*0.064696051500984'/><Cell N='DirX' V='0'/><Cell N='DirY' V='0'/><Cell N='Type' V='0'/><Cell N='AutoGen' V='0'/><Cell N='Prompt' V='' F='No Formula'/></Row><Row IX='9'><Cell N='X' V='0.047851517407518' F='Width*0.031901011605012'/><Cell N='Y' V='0.20297672911098' F='Height*0.20297672911098'/><Cell N='DirX' V='0'/><Cell N='DirY' V='0'/><Cell N='Type' V='0'/><Cell N='AutoGen' V='0'/><Cell N='Prompt' V='' F='No Formula'/></Row><Row IX='10'><Cell N='X' V='0' F='Width*0'/><Cell N='Y' V='0.5312173693136501' F='Height*0.53121736931365'/><Cell N='DirX' V='0'/><Cell N='DirY' V='0'/><Cell N='Type' V='0'/><Cell N='AutoGen' V='0'/><Cell N='Prompt' V='' F='No Formula'/></Row></Section><Section N='Character'><Row IX='0'><Cell N='Size' V='0.1388888888888889' U='PT'/></Row></Section><Section N='User'><Row N='visVersion'><Cell N='Value' V='15'/><Cell N='Prompt' V=''/></Row></Section><Section N='Geometry' IX='0'><Cell N='NoFill' V='0'/><Cell N='NoLine' V='0'/><Cell N='NoShow' V='0'/><Cell N='NoSnap' V='0'/><Cell N='NoQuickDrag' V='0'/><Row T='MoveTo' IX='1'><Cell N='X' V='0.0738' F='Width*0.0492'/><Cell N='Y' V='0.4093' F='Height*0.4093'/></Row><Row T='EllipticalArcTo' IX='2'><Cell N='X' V='0.13065' F='Width*0.0871'/><Cell N='Y' V='0.6645' F='Height*0.6645'/><Cell N='A' V='0.0036' U='DL' F='Width*0.0024'/><Cell N='B' V='0.5646' U='DL' F='Height*0.5646'/><Cell N='C' V='0' U='DA' F='_ELLIPSE_THETA(-1.8299,1,1.6476,0.9793,Width,Height)'/><Cell N='D' V='0.8915695557174072' F='_ELLIPSE_ECC(-1.8299,1,1.6476,0.9793,Width,Height,Geometry1.C2)'/></Row><Row T='EllipticalArcTo' IX='3'><Cell N='X' V='0.47925' F='Width*0.3195'/><Cell N='Y' V='0.8799' F='Height*0.8799'/><Cell N='A' V='0.25395' U='DL' F='Width*0.1693'/><Cell N='B' V='0.876' U='DL' F='Height*0.876'/><Cell N='C' V='0' U='DA' F='_ELLIPSE_THETA(-1.5438,1,1.6476,0.9793,Width,Height)'/><Cell N='D' V='0.8915695557174072' F='_ELLIPSE_ECC(-1.5438,1,1.6476,0.9793,Width,Height,Geometry1.C3)'/></Row><Row T='EllipticalArcTo' IX='4'><Cell N='X' V='0.7779' F='Width*0.5186'/><Cell N='Y' V='0.9278' F='Height*0.9278'/><Cell N='A' V='0.6222' U='DL' F='Width*0.4148'/><Cell N='B' V='0.9537' U='DL' F='Height*0.9537'/><Cell N='C' V='0' U='DA' F='_ELLIPSE_THETA(-1.5013,1,1.6476,0.9793,Width,Height)'/><Cell N='D' V='0.8915695557174072' F='_ELLIPSE_ECC(-1.5013,1,1.6476,0.9793,Width,Height,Geometry1.C4)'/></Row><Row T='EllipticalArcTo' IX='5'><Cell N='X' V='1.03395' F='Width*0.6893'/><Cell N='Y' V='0.9438' F='Height*0.9438'/><Cell N='A' V='0.90285' U='DL' F='Width*0.6019'/><Cell N='B' V='0.9995' U='DL' F='Height*0.9995'/><Cell N='C' V='0' U='DA' F='_ELLIPSE_THETA(-1.6434,1,1.6476,0.9793,Width,Height)'/><Cell N='D' V='0.8915695557174072' F='_ELLIPSE_ECC(-1.6434,1,1.6476,0.9793,Width,Height,Geometry1.C5)'/></Row><Row T='EllipticalArcTo' IX='6'><Cell N='X' V='1.347' F='Width*0.898'/><Cell N='Y' V='0.864' F='Height*0.864'/><Cell N='A' V='1.20885' U='DL' F='Width*0.8059'/><Cell N='B' V='0.9945' U='DL' F='Height*0.9945'/><Cell N='C' V='0' U='DA' F='_ELLIPSE_THETA(-3.1163,1,1.6476,0.9793,Width,Height)'/><Cell N='D' V='0.8915695557174072' F='_ELLIPSE_ECC(-3.1163,1,1.6476,0.9793,Width,Height,Geometry1.C6)'/></Row><Row T='EllipticalArcTo' IX='7'><Cell N='X' V='1.4607' F='Width*0.9738'/><Cell N='Y' V='0.6406' F='Height*0.6406'/><Cell N='A' V='1.45515' U='DL' F='Width*0.9701'/><Cell N='B' V='0.7852' U='DL' F='Height*0.7852'/><Cell N='C' V='0' U='DEG'/><Cell N='D' V='0.8916' F='Width/Height*0.5944'/></Row><Row T='EllipticalArcTo' IX='8'><Cell N='X' V='1.3185' F='Width*0.879'/><Cell N='Y' V='0.3215' F='Height*0.3215'/><Cell N='A' V='1.48155' U='DL' F='Width*0.9877'/><Cell N='B' V='0.4295' U='DL' F='Height*0.4295'/><Cell N='C' V='0' U='DEG'/><Cell N='D' V='0.8916' F='Width/Height*0.5944'/></Row><Row T='EllipticalArcTo' IX='9'><Cell N='X' V='1.0056' F='Width*0.6704'/><Cell N='Y' V='0.162' F='Height*0.162'/><Cell N='A' V='1.19625' U='DL' F='Width*0.7975'/><Cell N='B' V='0.1574' U='DL' F='Height*0.1574'/><Cell N='C' V='0' U='DEG'/><Cell N='D' V='0.8916' F='Width/Height*0.5944'/></Row><Row T='EllipticalArcTo' IX='10'><Cell N='X' V='0.57885' F='Width*0.3859'/><Cell N='Y' V='0.0981' F='Height*0.0981'/><Cell N='A' V='0.8073' U='DL' F='Width*0.5382'/><Cell N='B' V='0.0026' U='DL' F='Height*0.0026'/><Cell N='C' V='0' U='DEG'/><Cell N='D' V='0.8916' F='Width/Height*0.5944'/></Row><Row T='EllipticalArcTo' IX='11'><Cell N='X' V='0.20895' F='Width*0.1393'/><Cell N='Y' V='0.162' F='Height*0.162'/><Cell N='A' V='0.3849' U='DL' F='Width*0.2566'/><Cell N='B' V='0.0653' U='DL' F='Height*0.0653'/><Cell N='C' V='0' U='DEG'/><Cell N='D' V='0.8916' F='Width/Height*0.5944'/></Row><Row T='EllipticalArcTo' IX='12'><Cell N='X' V='0.0738' F='Geometry1.X1'/><Cell N='Y' V='0.4093' F='Geometry1.Y1'/><Cell N='A' V='0.0399' U='DL' F='Width*0.0266'/><Cell N='B' V='0.2159' U='DL' F='Height*0.2159'/><Cell N='C' V='0' U='DA' F='_ELLIPSE_THETA(-0.7854,1,1.6476,0.9793,Width,Height)'/><Cell N='D' V='0.8915695557174072' F='_ELLIPSE_ECC(-0.7854,1,1.6476,0.9793,Width,Height,Geometry1.C12)'/></Row></Section><Section N='Geometry' IX='1'><Cell N='NoFill' V='1'/><Cell N='NoLine' V='0'/><Cell N='NoShow' V='0'/><Cell N='NoSnap' V='0'/><Cell N='NoQuickDrag' V='0'/><Row T='MoveTo' IX='1'><Cell N='X' V='0.15195' F='Width*0.1013'/><Cell N='Y' V='0.4013' F='Height*0.4013'/></Row><Row T='EllipticalArcTo' IX='2'><Cell N='X' V='0.0738' F='Geometry1.X1'/><Cell N='Y' V='0.4093' F='Geometry1.Y1'/><Cell N='A' V='0.11235' U='DL' F='Width*0.0749'/><Cell N='B' V='0.3978' U='DL' F='Height*0.3978'/><Cell N='C' V='0' U='DA' F='_ELLIPSE_THETA(-1.6628,1,1.6476,0.9793,Width,Height)'/><Cell N='D' V='0.8915695557174072' F='_ELLIPSE_ECC(-1.6628,1,1.6476,0.9793,Width,Height,Geometry2.C2)'/></Row><Row T='MoveTo' IX='3'><Cell N='X' V='0.5574' F='Width*0.3716'/><Cell N='Y' V='0.138' F='Height*0.138'/></Row><Row T='EllipticalArcTo' IX='4'><Cell N='X' V='0.57885' F='Geometry1.X10'/><Cell N='Y' V='0.0981' F='Geometry1.Y10'/><Cell N='A' V='0.56655' U='DL' F='Width*0.3777'/><Cell N='B' V='0.117' U='DL' F='Height*0.117'/><Cell N='C' V='0' U='DA' F='_ELLIPSE_THETA(-1.0317,1,1.6476,0.9793,Width,Height)'/><Cell N='D' V='0.8915695557174072' F='_ELLIPSE_ECC(-1.0317,1,1.6476,0.9793,Width,Height,Geometry2.C4)'/></Row><Row T='MoveTo' IX='5'><Cell N='X' V='1.01625' F='Width*0.6775'/><Cell N='Y' V='0.2098' F='Height*0.2098'/></Row><Row T='EllipticalArcTo' IX='6'><Cell N='X' V='1.0056' F='Geometry1.X9'/><Cell N='Y' V='0.162' F='Geometry1.Y9'/><Cell N='A' V='1.0134' U='DL' F='Width*0.6756'/><Cell N='B' V='0.1852' U='DL' F='Height*0.1852'/><Cell N='C' V='0' U='DA' F='_ELLIPSE_THETA(-1.8149,1,1.6476,0.9793,Width,Height)'/><Cell N='D' V='0.8915695557174072' F='_ELLIPSE_ECC(-1.8149,1,1.6476,0.9793,Width,Height,Geometry2.C6)'/></Row><Row T='MoveTo' IX='7'><Cell N='X' V='1.23315' F='Width*0.8221'/><Cell N='Y' V='0.4492' F='Height*0.4492'/></Row><Row T='EllipticalArcTo' IX='8'><Cell N='X' V='1.3185' F='Geometry1.X8'/><Cell N='Y' V='0.3215' F='Geometry1.Y8'/><Cell N='A' V='1.29945' U='DL' F='Width*0.8663'/><Cell N='B' V='0.4052' U='DL' F='Height*0.4052'/><Cell N='C' V='0' U='DA' F='_ELLIPSE_THETA(-2.3562,1,1.6476,0.9793,Width,Height)'/><Cell N='D' V='0.8915695557174072' F='_ELLIPSE_ECC(-2.3562,1,1.6476,0.9793,Width,Height,Geometry2.C8)'/></Row><Row T='MoveTo' IX='9'><Cell N='X' V='1.4181' F='Width*0.9454'/><Cell N='Y' V='0.5927' F='Height*0.5927'/></Row><Row T='EllipticalArcTo' IX='10'><Cell N='X' V='1.4607' F='Geometry1.X7'/><Cell N='Y' V='0.6406' F='Geometry1.Y7'/><Cell N='A' V='1.443' U='DL' F='Width*0.962'/><Cell N='B' V='0.6126' U='DL' F='Height*0.6126'/><Cell N='C' V='0' U='DA' F='_ELLIPSE_THETA(-0.7854,1,1.6476,0.9793,Width,Height)'/><Cell N='D' V='0.8915695557174072' F='_ELLIPSE_ECC(-0.7854,1,1.6476,0.9793,Width,Height,Geometry2.C10)'/></Row><Row T='MoveTo' IX='11'><Cell N='X' V='0.52185' F='Width*0.3479'/><Cell N='Y' V='0.848' F='Height*0.848'/></Row><Row T='EllipticalArcTo' IX='12'><Cell N='X' V='0.47925' F='Geometry1.X3'/><Cell N='Y' V='0.8799' F='Geometry1.Y3'/><Cell N='A' V='0.5004' U='DL' F='Width*0.3336'/><Cell N='B' V='0.8672' U='DL' F='Height*0.8672'/><Cell N='C' V='0' U='DEG'/><Cell N='D' V='0.8916' F='Width/Height*0.5944'/></Row></Section></Shape></Shapes></MasterContents>