<?xml version='1.0' encoding='utf-8' ?>
<MasterContents xmlns='http://schemas.microsoft.com/office/visio/2012/main' xmlns:r='http://schemas.openxmlformats.org/officeDocument/2006/relationships' xml:space='preserve'><Shapes><Shape ID='5' Type='Group' LineStyle='9' FillStyle='9' TextStyle='9'><Cell N='PinX' V='0.442708333333333'/><Cell N='PinY' V='0.4114583333333339'/><Cell N='Width' V='0.8854166666666666'/><Cell N='Height' V='0.8229166666666666'/><Cell N='LocPinX' V='0.4427083333333333' F='Width*0.5'/><Cell N='LocPinY' V='0.4114583333333333' F='Height*0.5'/><Cell N='Angle' V='0'/><Cell N='FlipX' V='0'/><Cell N='FlipY' V='0'/><Cell N='ResizeMode' V='0'/><Cell N='QuickStyleVariation' V='4'/><Shapes><Shape ID='6' Type='Group' LineStyle='9' FillStyle='9' TextStyle='9'><Cell N='PinX' V='0.3958333333333318' F='Sheet.5!Width*0.44705882352941'/><Cell N='PinY' V='0.4531250000000041' F='Sheet.5!Height*0.55063291139241'/><Cell N='Width' V='0.7916666666666635' F='Sheet.5!Width*0.89411764705882'/><Cell N='Height' V='0.7395833333333334' F='Sheet.5!Height*0.89873417721519'/><Cell N='LocPinX' V='0.3958333333333333' F='Width*0.5'/><Cell N='LocPinY' V='0.3697916666666666' F='Height*0.5'/><Cell N='Angle' V='0'/><Cell N='FlipX' V='0'/><Cell N='FlipY' V='0'/><Cell N='ResizeMode' V='0'/><Cell N='QuickStyleVariation' V='4'/><Shapes><Shape ID='7' Type='Group' LineStyle='9' FillStyle='9' TextStyle='9'><Cell N='PinX' V='0.3958333333333318' F='Sheet.6!Width*0.5'/><Cell N='PinY' V='0.3697916666666667' F='Sheet.6!Height*0.5'/><Cell N='Width' V='0.7916666666666635' F='Sheet.6!Width*1'/><Cell N='Height' V='0.7395833333333334' F='Sheet.6!Height*1'/><Cell N='LocPinX' V='0.3958333333333333' F='Width*0.5'/><Cell N='LocPinY' V='0.3697916666666666' F='Height*0.5'/><Cell N='Angle' V='0'/><Cell N='FlipX' V='0'/><Cell N='FlipY' V='0'/><Cell N='ResizeMode' V='0'/><Cell N='QuickStyleVariation' V='4'/><Shapes><Shape ID='8' Type='Shape' LineStyle='9' FillStyle='9' TextStyle='9'><Cell N='PinX' V='0.3958333333333318' F='Sheet.7!Width*0.5'/><Cell N='PinY' V='0.3697916666666667' F='Sheet.7!Height*0.5'/><Cell N='Width' V='0.7916666666666635' F='Sheet.7!Width*1'/><Cell N='Height' V='0.7395833333333334' F='Sheet.7!Height*1'/><Cell N='LocPinX' V='0.3958333333333333' F='Width*0.5'/><Cell N='LocPinY' V='0.3697916666666666' F='Height*0.5'/><Cell N='Angle' V='0'/><Cell N='FlipX' V='0'/><Cell N='FlipY' V='0'/><Cell N='ResizeMode' V='0'/><Cell N='FillForegnd' V='1' F='THEMEVAL("FillColor",1)'/><Section N='Geometry' IX='0'><Cell N='NoFill' V='0'/><Cell N='NoLine' V='0'/><Cell N='NoShow' V='0'/><Cell N='NoSnap' V='0'/><Cell N='NoQuickDrag' V='0'/><Row T='MoveTo' IX='1'><Cell N='X' V='0' F='Width*0'/><Cell N='Y' V='0.2083333333333333' F='Height*0.28169014084507'/></Row><Row T='LineTo' IX='2'><Cell N='X' V='0' F='Width*0'/><Cell N='Y' V='0' F='Height*0'/></Row><Row T='LineTo' IX='3'><Cell N='X' V='0.7916666666666635' F='Width*1'/><Cell N='Y' V='0' F='Height*0'/></Row><Row T='LineTo' IX='4'><Cell N='X' V='0.7916666666666635' F='Width*1'/><Cell N='Y' V='0.2083333333333333' F='Height*0.28169014084507'/></Row><Row T='LineTo' IX='5'><Cell N='X' V='0.7916666666666635' F='Width*1'/><Cell N='Y' V='0.24375' F='Height*0.32957746478873'/></Row><Row T='LineTo' IX='6'><Cell N='X' V='0.7854166666666635' F='Width*0.99210526315789'/><Cell N='Y' V='0.2708333333333333' F='Height*0.36619718309859'/></Row><Row T='LineTo' IX='7'><Cell N='X' V='0.7333333333333305' F='Width*0.92631578947368'/><Cell N='Y' V='0.4885416666666666' F='Height*0.66056338028169'/></Row><Row T='LineTo' IX='8'><Cell N='X' V='0.7187499999999972' F='Width*0.90789473684211'/><Cell N='Y' V='0.4885416666666666' F='Height*0.66056338028169'/></Row><Row T='LineTo' IX='9'><Cell N='X' V='0.7187499999999972' F='Width*0.90789473684211'/><Cell N='Y' V='0.65625' F='Height*0.88732394366197'/></Row><Row T='LineTo' IX='10'><Cell N='X' V='0.6979166666666639' F='Width*0.88157894736842'/><Cell N='Y' V='0.65625' F='Height*0.88732394366197'/></Row><Row T='LineTo' IX='11'><Cell N='X' V='0.6979166666666639' F='Width*0.88157894736842'/><Cell N='Y' V='0.7395833333333334' F='Height*1'/></Row><Row T='LineTo' IX='12'><Cell N='X' V='0.09374999999999967' F='Width*0.11842105263158'/><Cell N='Y' V='0.7395833333333334' F='Height*1'/></Row><Row T='LineTo' IX='13'><Cell N='X' V='0.09374999999999967' F='Width*0.11842105263158'/><Cell N='Y' V='0.65625' F='Height*0.88732394366197'/></Row><Row T='LineTo' IX='14'><Cell N='X' V='0.07291666666666637' F='Width*0.092105263157895'/><Cell N='Y' V='0.65625' F='Height*0.88732394366197'/></Row><Row T='LineTo' IX='15'><Cell N='X' V='0.07291666666666637' F='Width*0.092105263157895'/><Cell N='Y' V='0.4885416666666666' F='Height*0.66056338028169'/></Row><Row T='LineTo' IX='16'><Cell N='X' V='0.0583333333333331' F='Width*0.073684210526316'/><Cell N='Y' V='0.4885416666666666' F='Height*0.66056338028169'/></Row><Row T='LineTo' IX='17'><Cell N='X' V='0.006249999999999975' F='Width*0.0078947368421053'/><Cell N='Y' V='0.2708333333333333' F='Height*0.36619718309859'/></Row><Row T='LineTo' IX='18'><Cell N='X' V='0' F='Width*0'/><Cell N='Y' V='0.24375' F='Height*0.32957746478873'/></Row><Row T='LineTo' IX='19'><Cell N='X' V='0' F='Width*0'/><Cell N='Y' V='0.2083333333333333' F='Height*0.28169014084507'/></Row></Section></Shape><Shape ID='9' Type='Group' LineStyle='9' FillStyle='9' TextStyle='9'><Cell N='PinX' V='0.4114583333333293' F='Sheet.7!Width*0.51973684210526'/><Cell N='PinY' V='0.4270833333333302' F='Sheet.7!Height*0.57746478873239'/><Cell N='Width' V='0.4062499999999967' F='Sheet.7!Width*0.51315789473684'/><Cell N='Height' V='0.2499999999999967' F='Sheet.7!Height*0.33802816901408'/><Cell N='LocPinX' V='0.203125' F='Width*0.5'/><Cell N='LocPinY' V='0.125' F='Height*0.5'/><Cell N='Angle' V='0'/><Cell N='FlipX' V='0'/><Cell N='FlipY' V='0'/><Cell N='ResizeMode' V='0'/><Cell N='QuickStyleVariation' V='4'/><Shapes><Shape ID='10' Type='Shape' LineStyle='9' FillStyle='9' TextStyle='9'><Cell N='PinX' V='0.3645833333333314' F='Sheet.9!Width*0.8974358974359'/><Cell N='PinY' V='0.2031249999999973' F='Sheet.9!Height*0.8125'/><Cell N='Width' V='0.08333333333333465' F='Sheet.9!Width*0.20512820512821'/><Cell N='Height' V='0.09374999999999875' F='Sheet.9!Height*0.375'/><Cell N='LocPinX' V='0.04166666666666669' F='Width*0.5'/><Cell N='LocPinY' V='0.046875' F='Height*0.5'/><Cell N='Angle' V='0'/><Cell N='FlipX' V='0'/><Cell N='FlipY' V='0'/><Cell N='ResizeMode' V='0'/><Cell N='FillForegnd' V='#515150' F='THEMEVAL("FillColor",RGB(81,81,80))'/><Section N='Geometry' IX='0'><Cell N='NoFill' V='0'/><Cell N='NoLine' V='0'/><Cell N='NoShow' V='0'/><Cell N='NoSnap' V='0'/><Cell N='NoQuickDrag' V='0'/><Row T='MoveTo' IX='1'><Cell N='X' V='0' F='Width*0'/><Cell N='Y' V='0' F='Height*0'/></Row><Row T='LineTo' IX='2'><Cell N='X' V='0.08333333333333337' F='Width*1'/><Cell N='Y' V='0' F='Height*0'/></Row><Row T='LineTo' IX='3'><Cell N='X' V='0.08333333333333337' F='Width*1'/><Cell N='Y' V='0.09375' F='Height*1'/></Row><Row T='LineTo' IX='4'><Cell N='X' V='0' F='Width*0'/><Cell N='Y' V='0.09375' F='Height*1'/></Row><Row T='LineTo' IX='5'><Cell N='X' V='0' F='Geometry1.X1'/><Cell N='Y' V='0' F='Geometry1.Y1'/></Row></Section></Shape><Shape ID='11' Type='Shape' LineStyle='9' FillStyle='9' TextStyle='9'><Cell N='PinX' V='0.1093749999999994' F='Sheet.9!Width*0.26923076923077'/><Cell N='PinY' V='0.08854166666666632' F='Sheet.9!Height*0.35416666666667'/><Cell N='Width' V='0.2187499999999989' F='Sheet.9!Width*0.53846153846154'/><Cell N='Height' V='0.03124999999999958' F='Sheet.9!Height*0.125'/><Cell N='LocPinX' V='0.109375' F='Width*0.5'/><Cell N='LocPinY' V='0.015625' F='Height*0.5'/><Cell N='Angle' V='0'/><Cell N='FlipX' V='0'/><Cell N='FlipY' V='0'/><Cell N='ResizeMode' V='0'/><Cell N='FillForegnd' V='#515150' F='THEMEVAL("FillColor",RGB(81,81,80))'/><Section N='Geometry' IX='0'><Cell N='NoFill' V='0'/><Cell N='NoLine' V='0'/><Cell N='NoShow' V='0'/><Cell N='NoSnap' V='0'/><Cell N='NoQuickDrag' V='0'/><Row T='MoveTo' IX='1'><Cell N='X' V='0' F='Width*0'/><Cell N='Y' V='0' F='Height*0'/></Row><Row T='LineTo' IX='2'><Cell N='X' V='0.21875' F='Width*1'/><Cell N='Y' V='0' F='Height*0'/></Row><Row T='LineTo' IX='3'><Cell N='X' V='0.21875' F='Width*1'/><Cell N='Y' V='0.03125' F='Height*1'/></Row><Row T='LineTo' IX='4'><Cell N='X' V='0' F='Width*0'/><Cell N='Y' V='0.03125' F='Height*1'/></Row><Row T='LineTo' IX='5'><Cell N='X' V='0' F='Geometry1.X1'/><Cell N='Y' V='0' F='Geometry1.Y1'/></Row></Section></Shape><Shape ID='12' Type='Shape' LineStyle='9' FillStyle='9' TextStyle='9'><Cell N='PinX' V='0.140625' F='Sheet.9!Width*0.34615384615385'/><Cell N='PinY' V='0.01562499999999979' F='Sheet.9!Height*0.0625'/><Cell N='Width' V='0.2812499999999968' F='Sheet.9!Width*0.69230769230769'/><Cell N='Height' V='0.03124999999999958' F='Sheet.9!Height*0.125'/><Cell N='LocPinX' V='0.140625' F='Width*0.5'/><Cell N='LocPinY' V='0.015625' F='Height*0.5'/><Cell N='Angle' V='0'/><Cell N='FlipX' V='0'/><Cell N='FlipY' V='0'/><Cell N='ResizeMode' V='0'/><Cell N='FillForegnd' V='#515150' F='THEMEVAL("FillColor",RGB(81,81,80))'/><Section N='Geometry' IX='0'><Cell N='NoFill' V='0'/><Cell N='NoLine' V='0'/><Cell N='NoShow' V='0'/><Cell N='NoSnap' V='0'/><Cell N='NoQuickDrag' V='0'/><Row T='MoveTo' IX='1'><Cell N='X' V='0' F='Width*0'/><Cell N='Y' V='0' F='Height*0'/></Row><Row T='LineTo' IX='2'><Cell N='X' V='0.28125' F='Width*1'/><Cell N='Y' V='0' F='Height*0'/></Row><Row T='LineTo' IX='3'><Cell N='X' V='0.28125' F='Width*1'/><Cell N='Y' V='0.03125' F='Height*1'/></Row><Row T='LineTo' IX='4'><Cell N='X' V='0' F='Width*0'/><Cell N='Y' V='0.03125' F='Height*1'/></Row><Row T='LineTo' IX='5'><Cell N='X' V='0' F='Geometry1.X1'/><Cell N='Y' V='0' F='Geometry1.Y1'/></Row></Section></Shape></Shapes></Shape><Shape ID='13' Type='Shape' LineStyle='9' FillStyle='9' TextStyle='9'><Cell N='PinX' V='0.3958333333333318' F='Sheet.7!Width*0.5'/><Cell N='PinY' V='0.6822916666666699' F='Sheet.7!Height*0.92253521126761'/><Cell N='Width' V='0.541666666666665' F='Sheet.7!Width*0.68421052631579'/><Cell N='Height' V='0.05208333333333363' F='Sheet.7!Height*0.070422535211268'/><Cell N='LocPinX' V='0.2708333333333333' F='Width*0.5'/><Cell N='LocPinY' V='0.02604166666666669' F='Height*0.5'/><Cell N='Angle' V='0'/><Cell N='FlipX' V='0'/><Cell N='FlipY' V='0'/><Cell N='ResizeMode' V='0'/><Cell N='FillForegnd' V='#515150' F='THEMEVAL("FillColor",RGB(81,81,80))'/><Section N='Geometry' IX='0'><Cell N='NoFill' V='0'/><Cell N='NoLine' V='0'/><Cell N='NoShow' V='0'/><Cell N='NoSnap' V='0'/><Cell N='NoQuickDrag' V='0'/><Row T='MoveTo' IX='1'><Cell N='X' V='0' F='Width*0'/><Cell N='Y' V='0.05208333333333363' F='Height*1'/></Row><Row T='LineTo' IX='2'><Cell N='X' V='0' F='Width*0'/><Cell N='Y' V='0' F='Height*0'/></Row><Row T='LineTo' IX='3'><Cell N='X' V='0.03124999999999991' F='Width*0.057692307692308'/><Cell N='Y' V='0' F='Height*0'/></Row><Row T='LineTo' IX='4'><Cell N='X' V='0.03124999999999991' F='Width*0.057692307692308'/><Cell N='Y' V='0.02083333333333349' F='Height*0.4'/></Row><Row T='LineTo' IX='5'><Cell N='X' V='0.5104166666666651' F='Width*0.94230769230769'/><Cell N='Y' V='0.02083333333333349' F='Height*0.4'/></Row><Row T='LineTo' IX='6'><Cell N='X' V='0.5104166666666651' F='Width*0.94230769230769'/><Cell N='Y' V='0' F='Height*0'/></Row><Row T='LineTo' IX='7'><Cell N='X' V='0.541666666666665' F='Width*1'/><Cell N='Y' V='0' F='Height*0'/></Row><Row T='LineTo' IX='8'><Cell N='X' V='0.541666666666665' F='Width*1'/><Cell N='Y' V='0.05208333333333363' F='Height*1'/></Row><Row T='LineTo' IX='9'><Cell N='X' V='0' F='Width*0'/><Cell N='Y' V='0.05208333333333363' F='Height*1'/></Row></Section></Shape></Shapes></Shape><Shape ID='14' Type='Shape' LineStyle='9' FillStyle='9' TextStyle='9'><Cell N='PinX' V='0.3958333333333318' F='Sheet.6!Width*0.5'/><Cell N='PinY' V='0.3281250000000031' F='Sheet.6!Height*0.44366197183099'/><Cell N='Width' V='0.7291666666666659' F='Sheet.6!Width*0.92105263157895'/><Cell N='Height' V='0.5937499999999994' F='Sheet.6!Height*0.80281690140845'/><Cell N='LocPinX' V='0.3645833333333333' F='Width*0.5'/><Cell N='LocPinY' V='0.296875' F='Height*0.5'/><Cell N='Angle' V='0'/><Cell N='FlipX' V='0'/><Cell N='FlipY' V='0'/><Cell N='ResizeMode' V='0'/><Cell N='FillForegnd' V='#515150' F='THEMEVAL("FillColor",RGB(81,81,80))'/><Section N='Geometry' IX='0'><Cell N='NoFill' V='0'/><Cell N='NoLine' V='0'/><Cell N='NoShow' V='0'/><Cell N='NoSnap' V='0'/><Cell N='NoQuickDrag' V='0'/><Row T='MoveTo' IX='1'><Cell N='X' V='0.6770833333333325' F='Width*0.92857142857143'/><Cell N='Y' V='0.4260416666666663' F='Height*0.71754385964912'/></Row><Row T='LineTo' IX='2'><Cell N='X' V='0.6562499999999993' F='Width*0.9'/><Cell N='Y' V='0.4260416666666663' F='Height*0.71754385964912'/></Row><Row T='LineTo' IX='3'><Cell N='X' V='0.6562499999999993' F='Width*0.9'/><Cell N='Y' V='0.5937499999999994' F='Height*1'/></Row><Row T='LineTo' IX='4'><Cell N='X' V='0.07291666666666659' F='Width*0.1'/><Cell N='Y' V='0.5937499999999994' F='Height*1'/></Row><Row T='LineTo' IX='5'><Cell N='X' V='0.07291666666666659' F='Width*0.1'/><Cell N='Y' V='0.4260416666666663' F='Height*0.71754385964912'/></Row><Row T='LineTo' IX='6'><Cell N='X' V='0.05208333333333327' F='Width*0.071428571428571'/><Cell N='Y' V='0.4260416666666663' F='Height*0.71754385964912'/></Row><Row T='LineTo' IX='7'><Cell N='X' V='0' F='Width*0'/><Cell N='Y' V='0.2083333333333332' F='Height*0.35087719298246'/></Row><Row T='LineTo' IX='8'><Cell N='X' V='0' F='Width*0'/><Cell N='Y' V='1.11022302462513E-16' F='Height*1.8698493046318E-16'/></Row><Row T='LineTo' IX='9'><Cell N='X' V='0.7291666666666659' F='Width*1'/><Cell N='Y' V='1.11022302462513E-16' F='Height*1.8698493046318E-16'/></Row><Row T='LineTo' IX='10'><Cell N='X' V='0.7291666666666659' F='Width*1'/><Cell N='Y' V='0.2083333333333332' F='Height*0.35087719298246'/></Row><Row T='LineTo' IX='11'><Cell N='X' V='0.6770833333333325' F='Width*0.92857142857143'/><Cell N='Y' V='0.4260416666666663' F='Height*0.71754385964912'/></Row><Row T='LineTo' IX='12'><Cell N='X' V='0.6770833333333325' F='Width*0.92857142857143'/><Cell N='Y' V='0.4260416666666663' F='Height*0.71754385964912'/></Row></Section><Section N='Geometry' IX='1'><Cell N='NoFill' V='0'/><Cell N='NoLine' V='0'/><Cell N='NoShow' V='0'/><Cell N='NoSnap' V='0'/><Cell N='NoQuickDrag' V='0'/><Row T='MoveTo' IX='1'><Cell N='X' V='0.6249999999999993' F='Width*0.85714285714286'/><Cell N='Y' V='0.4260416666666663' F='Height*0.71754385964912'/></Row><Row T='LineTo' IX='2'><Cell N='X' V='0.6249999999999993' F='Width*0.85714285714286'/><Cell N='Y' V='0.2083333333333332' F='Height*0.35087719298246'/></Row><Row T='LineTo' IX='3'><Cell N='X' V='0.1041666666666666' F='Width*0.14285714285714'/><Cell N='Y' V='0.2083333333333332' F='Height*0.35087719298246'/></Row><Row T='LineTo' IX='4'><Cell N='X' V='0.1041666666666666' F='Width*0.14285714285714'/><Cell N='Y' V='0.4260416666666663' F='Height*0.71754385964912'/></Row><Row T='LineTo' IX='5'><Cell N='X' V='0.1041666666666666' F='Width*0.14285714285714'/><Cell N='Y' V='0.5624999999999994' F='Height*0.94736842105263'/></Row><Row T='LineTo' IX='6'><Cell N='X' V='0.6249999999999993' F='Width*0.85714285714286'/><Cell N='Y' V='0.5624999999999994' F='Height*0.94736842105263'/></Row><Row T='LineTo' IX='7'><Cell N='X' V='0.6249999999999993' F='Width*0.85714285714286'/><Cell N='Y' V='0.4260416666666663' F='Height*0.71754385964912'/></Row><Row T='LineTo' IX='8'><Cell N='X' V='0.6249999999999993' F='Width*0.85714285714286'/><Cell N='Y' V='0.4260416666666663' F='Height*0.71754385964912'/></Row></Section></Shape></Shapes></Shape><Shape ID='15' Type='Group' LineStyle='9' FillStyle='9' TextStyle='9'><Cell N='PinX' V='0.6682291666666657' F='Sheet.5!Width*0.75470588235294'/><Cell N='PinY' V='0.2322916666666681' F='Sheet.5!Height*0.28227848101266'/><Cell N='Width' V='0.4343750000000021' F='Sheet.5!Width*0.49058823529412'/><Cell N='Height' V='0.4645833333333362' F='Sheet.5!Height*0.56455696202532'/><Cell N='LocPinX' V='0.2171875' F='Width*0.5'/><Cell N='LocPinY' V='0.2322916666666667' F='Height*0.5'/><Cell N='Angle' V='0'/><Cell N='FlipX' V='0'/><Cell N='FlipY' V='0'/><Cell N='ResizeMode' V='0'/><Cell N='QuickStyleVariation' V='4'/><Shapes><Shape ID='16' Type='Shape' LineStyle='9' FillStyle='9' TextStyle='9'><Cell N='PinX' V='0.217187500000001' F='Sheet.15!Width*0.5'/><Cell N='PinY' V='0.2322916666666681' F='Sheet.15!Height*0.5'/><Cell N='Width' V='0.4343750000000021' F='Sheet.15!Width*1'/><Cell N='Height' V='0.4645833333333362' F='Sheet.15!Height*1'/><Cell N='LocPinX' V='0.2171875' F='Width*0.5'/><Cell N='LocPinY' V='0.2322916666666667' F='Height*0.5'/><Cell N='Angle' V='0'/><Cell N='FlipX' V='0'/><Cell N='FlipY' V='0'/><Cell N='ResizeMode' V='0'/><Cell N='FillForegnd' V='1' F='THEMEVAL("FillColor",1)'/><Section N='Geometry' IX='0'><Cell N='NoFill' V='0'/><Cell N='NoLine' V='0'/><Cell N='NoShow' V='0'/><Cell N='NoSnap' V='0'/><Cell N='NoQuickDrag' V='0'/><Row T='MoveTo' IX='1'><Cell N='X' V='0.4322916666666687' F='Width*0.99520383693046'/><Cell N='Y' V='0.03333333333333353' F='Height*0.071748878923767'/></Row><Row T='NURBSTo' IX='2'><Cell N='X' V='0.4166666666666687' F='Width*0.95923261390887'/><Cell N='Y' V='0.1541666666666676' F='Height*0.33183856502242'/><Cell N='A' V='0'/><Cell N='B' V='1'/><Cell N='C' V='0'/><Cell N='D' V='1'/><Cell N='E' V='NURBS(1, 3, 0, 0, 0.99040767386091,0.13677130044843,0,1, 0.97362110311751,0.26905829596413,0,1)' U='NURBS' F='NURBS(1,3,0,0,0.99040767386091,0.13677130044843,0,1,0.97362110311751,0.26905829596413,0,1)'/></Row><Row T='NURBSTo' IX='3'><Cell N='X' V='0.3635416666666684' F='Width*0.83693045563549'/><Cell N='Y' V='0.2322916666666681' F='Height*0.5'/><Cell N='A' V='0'/><Cell N='B' V='1'/><Cell N='C' V='0'/><Cell N='D' V='1'/><Cell N='E' V='NURBS(1, 3, 0, 0, 0.9400479616307,0.40582959641256,0,1, 0.9136690647482,0.45964125560538,0,1)' U='NURBS' F='NURBS(1,3,0,0,0.9400479616307,0.40582959641256,0,1,0.9136690647482,0.45964125560538,0,1)'/></Row><Row T='NURBSTo' IX='4'><Cell N='X' V='0.3520833333333351' F='Width*0.810551558753'/><Cell N='Y' V='0.2385416666666681' F='Height*0.51345291479821'/><Cell N='A' V='0'/><Cell N='B' V='1'/><Cell N='C' V='0'/><Cell N='D' V='1'/><Cell N='E' V='NURBS(1, 3, 0, 0, 0.8273381294964,0.50448430493274,0,1, 0.81774580335731,0.50896860986547,0,1)' U='NURBS' F='NURBS(1,3,0,0,0.8273381294964,0.50448430493274,0,1,0.81774580335731,0.50896860986547,0,1)'/></Row><Row T='NURBSTo' IX='5'><Cell N='X' V='0.3156250000000016' F='Width*0.72661870503597'/><Cell N='Y' V='0.2562500000000016' F='Height*0.55156950672646'/><Cell N='A' V='0'/><Cell N='B' V='1'/><Cell N='C' V='0'/><Cell N='D' V='1'/><Cell N='E' V='NURBS(1, 3, 0, 0, 0.77697841726619,0.53139013452915,0,1, 0.75059952038369,0.54484304932735,0,1)' U='NURBS' F='NURBS(1,3,0,0,0.77697841726619,0.53139013452915,0,1,0.75059952038369,0.54484304932735,0,1)'/></Row><Row T='NURBSTo' IX='6'><Cell N='X' V='0.3385416666666684' F='Width*0.77937649880096'/><Cell N='Y' V='0.3333333333333354' F='Height*0.71748878923767'/><Cell N='A' V='0'/><Cell N='B' V='1'/><Cell N='C' V='0'/><Cell N='D' V='1'/><Cell N='E' V='NURBS(1, 3, 0, 0, 0.76019184652278,0.59865470852018,0,1, 0.77937649880096,0.65470852017937,0,1)' U='NURBS' F='NURBS(1,3,0,0,0.76019184652278,0.59865470852018,0,1,0.77937649880096,0.65470852017937,0,1)'/></Row><Row T='NURBSTo' IX='7'><Cell N='X' V='0.2177083333333346' F='Width*0.50119904076739'/><Cell N='Y' V='0.4645833333333362' F='Height*1'/><Cell N='A' V='0'/><Cell N='B' V='1'/><Cell N='C' V='0'/><Cell N='D' V='1'/><Cell N='E' V='NURBS(1, 3, 0, 0, 0.77937649880096,0.87219730941704,0,1, 0.65467625899281,1,0,1)' U='NURBS' F='NURBS(1,3,0,0,0.77937649880096,0.87219730941704,0,1,0.65467625899281,1,0,1)'/></Row><Row T='NURBSTo' IX='8'><Cell N='X' V='0.09687500000000066' F='Width*0.22302158273381'/><Cell N='Y' V='0.3333333333333354' F='Height*0.71748878923767'/><Cell N='A' V='0'/><Cell N='B' V='1'/><Cell N='C' V='0'/><Cell N='D' V='1'/><Cell N='E' V='NURBS(1, 3, 0, 0, 0.34772182254197,1,0,1, 0.22302158273381,0.87443946188341,0,1)' U='NURBS' F='NURBS(1,3,0,0,0.34772182254197,1,0,1,0.22302158273381,0.87443946188341,0,1)'/></Row><Row T='NURBSTo' IX='9'><Cell N='X' V='0.1197916666666675' F='Width*0.2757793764988'/><Cell N='Y' V='0.2562500000000016' F='Height*0.55156950672646'/><Cell N='A' V='0'/><Cell N='B' V='1'/><Cell N='C' V='0'/><Cell N='D' V='1'/><Cell N='E' V='NURBS(1, 3, 0, 0, 0.22302158273381,0.65470852017937,0,1, 0.24220623501199,0.59865470852018,0,1)' U='NURBS' F='NURBS(1,3,0,0,0.22302158273381,0.65470852017937,0,1,0.24220623501199,0.59865470852018,0,1)'/></Row><Row T='NURBSTo' IX='10'><Cell N='X' V='0.08125000000000059' F='Width*0.18705035971223'/><Cell N='Y' V='0.2385416666666681' F='Height*0.51345291479821'/><Cell N='A' V='0'/><Cell N='B' V='1'/><Cell N='C' V='0'/><Cell N='D' V='1'/><Cell N='E' V='NURBS(1, 3, 0, 0, 0.25179856115108,0.54708520179372,0,1, 0.22781774580336,0.53363228699552,0,1)' U='NURBS' F='NURBS(1,3,0,0,0.25179856115108,0.54708520179372,0,1,0.22781774580336,0.53363228699552,0,1)'/></Row><Row T='LineTo' IX='11'><Cell N='X' V='0.0708333333333338' F='Width*0.16306954436451'/><Cell N='Y' V='0.2322916666666681' F='Height*0.5'/></Row><Row T='NURBSTo' IX='12'><Cell N='X' V='0.01770833333333358' F='Width*0.040767386091127'/><Cell N='Y' V='0.1541666666666676' F='Height*0.33183856502242'/><Cell N='A' V='0'/><Cell N='B' V='1'/><Cell N='C' V='0'/><Cell N='D' V='1'/><Cell N='E' V='NURBS(1, 3, 0, 0, 0.086330935251799,0.45964125560538,0,1, 0.059952038369305,0.40582959641256,0,1)' U='NURBS' F='NURBS(1,3,0,0,0.086330935251799,0.45964125560538,0,1,0.059952038369305,0.40582959641256,0,1)'/></Row><Row T='NURBSTo' IX='13'><Cell N='X' V='0.002083333333333502' F='Width*0.0047961630695447'/><Cell N='Y' V='0.03333333333333353' F='Height*0.071748878923767'/><Cell N='A' V='0'/><Cell N='B' V='1'/><Cell N='C' V='0'/><Cell N='D' V='1'/><Cell N='E' V='NURBS(1, 3, 0, 0, 0.026378896882494,0.26905829596413,0,1, 0.0095923261390892,0.13677130044843,0,1)' U='NURBS' F='NURBS(1,3,0,0,0.026378896882494,0.26905829596413,0,1,0.0095923261390892,0.13677130044843,0,1)'/></Row><Row T='LineTo' IX='14'><Cell N='X' V='0' F='Width*0'/><Cell N='Y' V='0' F='Height*0'/></Row><Row T='LineTo' IX='15'><Cell N='X' V='0.4343750000000021' F='Width*1'/><Cell N='Y' V='0' F='Height*0'/></Row><Row T='LineTo' IX='16'><Cell N='X' V='0.4322916666666687' F='Width*0.99520383693046'/><Cell N='Y' V='0.03333333333333353' F='Height*0.071748878923767'/></Row><Row T='LineTo' IX='17'><Cell N='X' V='0.4322916666666687' F='Width*0.99520383693046'/><Cell N='Y' V='0.03333333333333353' F='Height*0.071748878923767'/></Row></Section></Shape><Shape ID='17' Type='Shape' LineStyle='9' FillStyle='9' TextStyle='9'><Cell N='PinX' V='0.2192708333333325' F='Sheet.15!Width*0.50479616306954'/><Cell N='PinY' V='0.1281250000000014' F='Sheet.15!Height*0.27578475336323'/><Cell N='Width' V='0.3677083333333349' F='Sheet.15!Width*0.84652278177458'/><Cell N='Height' V='0.1937499999999991' F='Sheet.15!Height*0.41704035874439'/><Cell N='LocPinX' V='0.1838541666666667' F='Width*0.5'/><Cell N='LocPinY' V='0.096875' F='Height*0.5'/><Cell N='Angle' V='0'/><Cell N='FlipX' V='0'/><Cell N='FlipY' V='0'/><Cell N='ResizeMode' V='0'/><Cell N='FillForegnd' V='#515150' F='THEMEVAL("FillColor",RGB(81,81,80))'/><Section N='Geometry' IX='0'><Cell N='NoFill' V='0'/><Cell N='NoLine' V='0'/><Cell N='NoShow' V='0'/><Cell N='NoSnap' V='0'/><Cell N='NoQuickDrag' V='0'/><Row T='MoveTo' IX='1'><Cell N='X' V='0.3510416666666683' F='Width*0.95467422096317'/><Cell N='Y' V='0.1156249999999994' F='Height*0.59677419354839'/></Row><Row T='NURBSTo' IX='2'><Cell N='X' V='0.3135416666666681' F='Width*0.85269121813031'/><Cell N='Y' V='0.1729166666666658' F='Height*0.89247311827957'/><Cell N='A' V='0'/><Cell N='B' V='1'/><Cell N='C' V='0'/><Cell N='D' V='1'/><Cell N='E' V='NURBS(1, 3, 0, 0, 0.93484419263456,0.75268817204301,0,1, 0.91218130311615,0.82795698924731,0,1)' U='NURBS' F='NURBS(1,3,0,0,0.93484419263456,0.75268817204301,0,1,0.91218130311615,0.82795698924731,0,1)'/></Row><Row T='NURBSTo' IX='3'><Cell N='X' V='0.2697916666666679' F='Width*0.73371104815864'/><Cell N='Y' V='0.1937499999999991' F='Height*1'/><Cell N='A' V='0'/><Cell N='B' V='1'/><Cell N='C' V='0'/><Cell N='D' V='1'/><Cell N='E' V='NURBS(1, 3, 0, 0, 0.79036827195467,0.95698924731183,0,1, 0.75637393767705,1,0,1)' U='NURBS' F='NURBS(1,3,0,0,0.79036827195467,0.95698924731183,0,1,0.75637393767705,1,0,1)'/></Row><Row T='NURBSTo' IX='4'><Cell N='X' V='0.2604166666666678' F='Width*0.70821529745042'/><Cell N='Y' V='0.1916666666666656' F='Height*0.98924731182796'/><Cell N='A' V='0'/><Cell N='B' V='1'/><Cell N='C' V='0'/><Cell N='D' V='1'/><Cell N='E' V='NURBS(1, 3, 0, 0, 0.72237960339943,1,0,1, 0.71671388101983,0.99462365591398,0,1)' U='NURBS' F='NURBS(1,3,0,0,0.72237960339943,1,0,1,0.71671388101983,0.99462365591398,0,1)'/></Row><Row T='NURBSTo' IX='5'><Cell N='X' V='0.2427083333333344' F='Width*0.6600566572238'/><Cell N='Y' V='0.1781249999999991' F='Height*0.91935483870968'/><Cell N='A' V='0'/><Cell N='B' V='1'/><Cell N='C' V='0'/><Cell N='D' V='1'/><Cell N='E' V='NURBS(1, 3, 0, 0, 0.69405099150142,0.96236559139785,0,1, 0.67705382436261,0.94086021505376,0,1)' U='NURBS' F='NURBS(1,3,0,0,0.69405099150142,0.96236559139785,0,1,0.67705382436261,0.94086021505376,0,1)'/></Row><Row T='NURBSTo' IX='6'><Cell N='X' V='0.2427083333333344' F='Width*0.6600566572238'/><Cell N='Y' V='0.1781249999999991' F='Height*0.91935483870968'/><Cell N='A' V='0'/><Cell N='B' V='1'/><Cell N='C' V='0'/><Cell N='D' V='1'/><Cell N='E' V='NURBS(1, 3, 0, 0, 0.6600566572238,0.91935483870968,0,1, 0.6600566572238,0.91935483870968,0,1)' U='NURBS' F='NURBS(1,3,0,0,0.6600566572238,0.91935483870968,0,1,0.6600566572238,0.91935483870968,0,1)'/></Row><Row T='NURBSTo' IX='7'><Cell N='X' V='0.2395833333333344' F='Width*0.65155807365439'/><Cell N='Y' V='0.1760416666666657' F='Height*0.90860215053763'/><Cell N='A' V='0'/><Cell N='B' V='1'/><Cell N='C' V='0'/><Cell N='D' V='1'/><Cell N='E' V='NURBS(1, 3, 0, 0, 0.65722379603399,0.91397849462366,0,1, 0.65439093484419,0.91397849462366,0,1)' U='NURBS' F='NURBS(1,3,0,0,0.65722379603399,0.91397849462366,0,1,0.65439093484419,0.91397849462366,0,1)'/></Row><Row T='NURBSTo' IX='8'><Cell N='X' V='0.2197916666666676' F='Width*0.59773371104816'/><Cell N='Y' V='0.1677083333333324' F='Height*0.86559139784946'/><Cell N='A' V='0'/><Cell N='B' V='1'/><Cell N='C' V='0'/><Cell N='D' V='1'/><Cell N='E' V='NURBS(1, 3, 0, 0, 0.63456090651558,0.88709677419355,0,1, 0.61756373937677,0.8763440860215,0,1)' U='NURBS' F='NURBS(1,3,0,0,0.63456090651558,0.88709677419355,0,1,0.61756373937677,0.8763440860215,0,1)'/></Row><Row T='NURBSTo' IX='9'><Cell N='X' V='0.1822916666666674' F='Width*0.4957507082153'/><Cell N='Y' V='0.1614583333333325' F='Height*0.83333333333333'/><Cell N='A' V='0'/><Cell N='B' V='1'/><Cell N='C' V='0'/><Cell N='D' V='1'/><Cell N='E' V='NURBS(1, 3, 0, 0, 0.56657223796034,0.84408602150538,0,1, 0.53257790368272,0.83333333333333,0,1)' U='NURBS' F='NURBS(1,3,0,0,0.56657223796034,0.84408602150538,0,1,0.53257790368272,0.83333333333333,0,1)'/></Row><Row T='NURBSTo' IX='10'><Cell N='X' V='0.1447916666666673' F='Width*0.39376770538244'/><Cell N='Y' V='0.1677083333333324' F='Height*0.86559139784946'/><Cell N='A' V='0'/><Cell N='B' V='1'/><Cell N='C' V='0'/><Cell N='D' V='1'/><Cell N='E' V='NURBS(1, 3, 0, 0, 0.45892351274788,0.83333333333333,0,1, 0.42492917847026,0.84408602150538,0,1)' U='NURBS' F='NURBS(1,3,0,0,0.45892351274788,0.83333333333333,0,1,0.42492917847026,0.84408602150538,0,1)'/></Row><Row T='NURBSTo' IX='11'><Cell N='X' V='0.1260416666666673' F='Width*0.34277620396601'/><Cell N='Y' V='0.1760416666666657' F='Height*0.90860215053763'/><Cell N='A' V='0'/><Cell N='B' V='1'/><Cell N='C' V='0'/><Cell N='D' V='1'/><Cell N='E' V='NURBS(1, 3, 0, 0, 0.37677053824363,0.87634408602151,0,1, 0.35977337110482,0.89247311827957,0,1)' U='NURBS' F='NURBS(1,3,0,0,0.37677053824363,0.87634408602151,0,1,0.35977337110482,0.89247311827957,0,1)'/></Row><Row T='NURBSTo' IX='12'><Cell N='X' V='0.1052083333333338' F='Width*0.28611898016997'/><Cell N='Y' V='0.1916666666666656' F='Height*0.98924731182796'/><Cell N='A' V='0'/><Cell N='B' V='1'/><Cell N='C' V='0'/><Cell N='D' V='1'/><Cell N='E' V='NURBS(1, 3, 0, 0, 0.32294617563739,0.93010752688172,0,1, 0.30311614730878,0.95698924731183,0,1)' U='NURBS' F='NURBS(1,3,0,0,0.32294617563739,0.93010752688172,0,1,0.30311614730878,0.95698924731183,0,1)'/></Row><Row T='NURBSTo' IX='13'><Cell N='X' V='0.09583333333333377' F='Width*0.26062322946176'/><Cell N='Y' V='0.1937499999999991' F='Height*1'/><Cell N='A' V='0'/><Cell N='B' V='1'/><Cell N='C' V='0'/><Cell N='D' V='1'/><Cell N='E' V='NURBS(1, 3, 0, 0, 0.28045325779037,0.99462365591398,0,1, 0.27195467422096,1,0,1)' U='NURBS' F='NURBS(1,3,0,0,0.28045325779037,0.99462365591398,0,1,0.27195467422096,1,0,1)'/></Row><Row T='NURBSTo' IX='14'><Cell N='X' V='0.0520833333333336' F='Width*0.14164305949009'/><Cell N='Y' V='0.1729166666666658' F='Height*0.89247311827957'/><Cell N='A' V='0'/><Cell N='B' V='1'/><Cell N='C' V='0'/><Cell N='D' V='1'/><Cell N='E' V='NURBS(1, 3, 0, 0, 0.23796033994334,1,0,1, 0.21246458923513,0.96774193548387,0,1)' U='NURBS' F='NURBS(1,3,0,0,0.23796033994334,1,0,1,0.21246458923513,0.96774193548387,0,1)'/></Row><Row T='NURBSTo' IX='15'><Cell N='X' V='0.01458333333333335' F='Width*0.039660056657224'/><Cell N='Y' V='0.1156249999999994' F='Height*0.59677419354839'/><Cell N='A' V='0'/><Cell N='B' V='1'/><Cell N='C' V='0'/><Cell N='D' V='1'/><Cell N='E' V='NURBS(1, 3, 0, 0, 0.079320113314448,0.82795698924731,0,1, 0.056657223796034,0.75268817204301,0,1)' U='NURBS' F='NURBS(1,3,0,0,0.079320113314448,0.82795698924731,0,1,0.056657223796034,0.75268817204301,0,1)'/></Row><Row T='NURBSTo' IX='16'><Cell N='X' V='0' F='Width*0'/><Cell N='Y' V='-5.551115123125723E-17' F='Height*-2.865091676452E-16'/><Cell N='A' V='0'/><Cell N='B' V='1'/><Cell N='C' V='0'/><Cell N='D' V='1'/><Cell N='E' V='NURBS(1, 3, 0, 0, 0.022662889518414,0.46236559139785,0,1, 0.0028328611898018,0.1505376344086,0,1)' U='NURBS' F='NURBS(1,3,0,0,0.022662889518414,0.46236559139785,0,1,0.0028328611898018,0.1505376344086,0,1)'/></Row><Row T='LineTo' IX='17'><Cell N='X' V='0.3677083333333349' F='Width*1'/><Cell N='Y' V='-5.551115123125723E-17' F='Height*-2.865091676452E-16'/></Row><Row T='NURBSTo' IX='18'><Cell N='X' V='0.3510416666666683' F='Width*0.95467422096317'/><Cell N='Y' V='0.1156249999999994' F='Height*0.59677419354839'/><Cell N='A' V='0'/><Cell N='B' V='1'/><Cell N='C' V='0'/><Cell N='D' V='1'/><Cell N='E' V='NURBS(1, 3, 0, 0, 0.98866855524079,0.1505376344086,0,1, 0.96883852691218,0.45698924731183,0,1)' U='NURBS' F='NURBS(1,3,0,0,0.98866855524079,0.1505376344086,0,1,0.96883852691218,0.45698924731183,0,1)'/></Row><Row T='LineTo' IX='19'><Cell N='X' V='0.3510416666666683' F='Width*0.95467422096317'/><Cell N='Y' V='0.1156249999999994' F='Height*0.59677419354839'/></Row></Section></Shape><Shape ID='18' Type='Shape' LineStyle='9' FillStyle='9' TextStyle='9'><Cell N='PinX' V='0.217187500000001' F='Sheet.15!Width*0.5'/><Cell N='PinY' V='0.3322916666666685' F='Sheet.15!Height*0.7152466367713'/><Cell N='Width' V='0.1802083333333353' F='Sheet.15!Width*0.41486810551559'/><Cell N='Height' V='0.2000000000000008' F='Sheet.15!Height*0.4304932735426'/><Cell N='LocPinX' V='0.09010416666666669' F='Width*0.5'/><Cell N='LocPinY' V='0.1' F='Height*0.5'/><Cell N='Angle' V='0'/><Cell N='FlipX' V='0'/><Cell N='FlipY' V='0'/><Cell N='ResizeMode' V='0'/><Cell N='FillForegnd' V='#515150' F='THEMEVAL("FillColor",RGB(81,81,80))'/><Section N='Geometry' IX='0'><Cell N='NoFill' V='0'/><Cell N='NoLine' V='0'/><Cell N='NoShow' V='0'/><Cell N='NoSnap' V='0'/><Cell N='NoQuickDrag' V='0'/><Row T='MoveTo' IX='1'><Cell N='X' V='0.08958333333333431' F='Width*0.4971098265896'/><Cell N='Y' V='5.551115123125823E-17' F='Height*2.7755575615629E-16'/></Row><Row T='NURBSTo' IX='2'><Cell N='X' V='0' F='Width*0'/><Cell N='Y' V='0.1' F='Height*0.5'/><Cell N='A' V='0'/><Cell N='B' V='1'/><Cell N='C' V='0'/><Cell N='D' V='1'/><Cell N='E' V='NURBS(1, 3, 0, 0, 0.21965317919075,2.7755575615629E-16,0,1, 0,0.22395833333333,0,1)' U='NURBS' F='NURBS(1,3,0,0,0.21965317919075,2.7755575615629E-16,0,1,0,0.22395833333333,0,1)'/></Row><Row T='NURBSTo' IX='3'><Cell N='X' V='0.08958333333333431' F='Width*0.4971098265896'/><Cell N='Y' V='0.2000000000000008' F='Height*1'/><Cell N='A' V='0'/><Cell N='B' V='1'/><Cell N='C' V='0'/><Cell N='D' V='1'/><Cell N='E' V='NURBS(1, 3, 0, 0, 0,0.77604166666667,0,1, 0.22543352601156,1,0,1)' U='NURBS' F='NURBS(1,3,0,0,0,0.77604166666667,0,1,0.22543352601156,1,0,1)'/></Row><Row T='NURBSTo' IX='4'><Cell N='X' V='0.1791666666666685' F='Width*0.99421965317919'/><Cell N='Y' V='0.1' F='Height*0.5'/><Cell N='A' V='0'/><Cell N='B' V='1'/><Cell N='C' V='0'/><Cell N='D' V='1'/><Cell N='E' V='NURBS(1, 3, 0, 0, 0.77456647398844,1,0,1, 0.99421965317919,0.77604166666667,0,1)' U='NURBS' F='NURBS(1,3,0,0,0.77456647398844,1,0,1,0.99421965317919,0.77604166666667,0,1)'/></Row><Row T='NURBSTo' IX='5'><Cell N='X' V='0.08958333333333431' F='Width*0.4971098265896'/><Cell N='Y' V='5.551115123125823E-17' F='Height*2.7755575615629E-16'/><Cell N='A' V='0'/><Cell N='B' V='1'/><Cell N='C' V='0'/><Cell N='D' V='1'/><Cell N='E' V='NURBS(1, 3, 0, 0, 1,0.22395833333333,0,1, 0.77456647398844,2.7755575615629E-16,0,1)' U='NURBS' F='NURBS(1,3,0,0,1,0.22395833333333,0,1,0.77456647398844,2.7755575615629E-16,0,1)'/></Row><Row T='LineTo' IX='6'><Cell N='X' V='0.08958333333333431' F='Width*0.4971098265896'/><Cell N='Y' V='5.551115123125823E-17' F='Height*2.7755575615629E-16'/></Row></Section></Shape></Shapes></Shape></Shapes></Shape></Shapes></MasterContents>