<?xml version='1.0' encoding='utf-8' ?>
<MasterContents xmlns='http://schemas.microsoft.com/office/visio/2012/main' xmlns:r='http://schemas.openxmlformats.org/officeDocument/2006/relationships' xml:space='preserve'><Shapes><Shape ID='5' Type='Group' LineStyle='3' FillStyle='3' TextStyle='3'><Cell N='PinX' V='3.75'/><Cell N='PinY' V='4.6875'/><Cell N='Width' V='1' U='IN'/><Cell N='Height' V='0.625' U='IN'/><Cell N='LocPinX' V='0.5' U='IN' F='Width*0.5'/><Cell N='LocPinY' V='0.3125' U='IN' F='Height*0.5'/><Cell N='Angle' V='0'/><Cell N='FlipX' V='0'/><Cell N='FlipY' V='0'/><Cell N='ResizeMode' V='0'/><Cell N='EventDblClick' V='0' F='OPENTEXTWIN()'/><Cell N='HelpTopic' V='VIS_PRXY.CHM!#58811'/><Cell N='Copyright' V='Copyright (c) 2012 Microsoft Corporation.  All rights reserved.'/><Cell N='SelectMode' V='0'/><Cell N='IsSnapTarget' V='0'/><Cell N='DontMoveChildren' V='1'/><Cell N='ObjType' V='8'/><Cell N='TxtPinX' V='0.5' U='IN' F='SETATREF(Controls.visSSTXT)'/><Cell N='TxtPinY' V='-0.1222222222222222' F='SETATREF(Controls.visSSTXT.Y)'/><Cell N='TxtWidth' V='0.1111111111111111' F='TEXTWIDTH(TheText)'/><Cell N='TxtHeight' V='0.2444444444444444' F='TEXTHEIGHT(TheText,TxtWidth)'/><Cell N='TxtLocPinX' V='0.05555555555555555' F='TxtWidth*0.5'/><Cell N='TxtLocPinY' V='0.1222222222222222' F='TxtHeight*0.5'/><Cell N='TxtAngle' V='0'/><Cell N='FillForegnd' V='0' F='THEMEVAL("FillColor",0)'/><Cell N='ShdwPattern' V='0' F='GUARD(0)'/><Cell N='LockGroup' V='1'/><Cell N='QuickStyleVariation' V='6'/><Section N='User'><Row N='HasText'><Cell N='Value' V='0' U='BOOL' F='NOT(OR(HideText,STRSAME(SHAPETEXT(TheText),"")))'/><Cell N='Prompt' V=''/></Row><Row N='visVersion'><Cell N='Value' V='15'/><Cell N='Prompt' V='' F='No Formula'/></Row></Section><Section N='Connection'><Row IX='0'><Cell N='X' V='0.49999999999995' U='IN' F='Width*0.49999999999995'/><Cell N='Y' V='0.3125' U='IN' F='Height*0.5'/><Cell N='DirX' V='0'/><Cell N='DirY' V='0'/><Cell N='Type' V='1'/><Cell N='AutoGen' V='0'/><Cell N='Prompt' V='' F='No Formula'/></Row></Section><Section N='Control'><Row N='visSSTXT'><Cell N='X' V='0.5' U='IN' F='Width*0.5'/><Cell N='Y' V='-0.1222222222222222' F='-TxtHeight*0.5'/><Cell N='XDyn' V='0.5' U='IN' F='Controls.visSSTXT'/><Cell N='YDyn' V='-0.1222222222222222' F='Controls.visSSTXT.Y'/><Cell N='XCon' V='5' F='((Controls.visSSTXT&lt;0)*2)+((Controls.visSSTXT&gt;Width)*4)+IF(OR(HideText,STRSAME(SHAPETEXT(TheText),"")),5,0)'/><Cell N='YCon' V='2' F='((Controls.visSSTXT.Y&lt;0)*2)+((Controls.visSSTXT.Y&gt;Height)*4)'/><Cell N='CanGlue' V='0'/><Cell N='Prompt' V='Reposition Text'/></Row></Section><Section N='Character'><Row IX='0'><Cell N='Size' V='0.1111111111111111' U='PT'/></Row></Section><Text><cp IX='0'/></Text><Shapes><Shape ID='6' Type='Shape' LineStyle='16' FillStyle='17' TextStyle='6'><Cell N='PinX' V='0.5' U='IN' F='GUARD(Sheet.5!Width*0.5)'/><Cell N='PinY' V='0.3125' U='IN' F='GUARD(Sheet.5!Height*0.5)'/><Cell N='Width' V='1' U='IN' F='GUARD(Sheet.5!Width*1)'/><Cell N='Height' V='0.625' U='IN' F='GUARD(Sheet.5!Height*1)'/><Cell N='LocPinX' V='0.5' U='IN' F='Width*0.5'/><Cell N='LocPinY' V='0.3125' U='IN' F='Height*0.5'/><Cell N='Angle' V='0'/><Cell N='FlipX' V='0'/><Cell N='FlipY' V='0'/><Cell N='ResizeMode' V='0'/><Cell N='Copyright' V='Copyright (c) 2012 Microsoft Corporation.  All rights reserved.'/><Cell N='IsSnapTarget' V='0'/><Section N='Character'><Row IX='0'><Cell N='Color' V='1' F='THEMEVAL("TextColor",1)'/><Cell N='Size' V='0.1111111111111111' U='PT'/></Row></Section><Section N='Geometry' IX='0'><Cell N='NoFill' V='0'/><Cell N='NoLine' V='0'/><Cell N='NoShow' V='0'/><Cell N='NoSnap' V='0' F='No Formula'/><Cell N='NoQuickDrag' V='0' F='No Formula'/><Row T='MoveTo' IX='1'><Cell N='X' V='0.0249999919125' U='IN' F='Width*0.0249999919125'/><Cell N='Y' V='0.3092448032633438' U='IN' F='Height*0.49479168522135'/></Row><Row T='LineTo' IX='2'><Cell N='X' V='0.050000004825' U='IN' F='Width*0.050000004825'/><Cell N='Y' V='0.3092448032633438' U='IN' F='Height*0.49479168522135'/></Row><Row T='LineTo' IX='3'><Cell N='X' V='0.050000025824999' U='IN' F='Width*0.050000025824999'/><Cell N='Y' V='0.4700520731901' U='IN' F='Height*0.75208331710416'/></Row><Row T='LineTo' IX='4'><Cell N='X' V='0.0249999919125' U='IN' F='Width*0.0249999919125'/><Cell N='Y' V='0.3092448032633438' U='IN' F='Height*0.49479168522135'/></Row></Section><Section N='Geometry' IX='1'><Cell N='NoFill' V='0'/><Cell N='NoLine' V='0'/><Cell N='NoShow' V='0'/><Cell N='NoSnap' V='0' F='No Formula'/><Cell N='NoQuickDrag' V='0' F='No Formula'/><Row T='MoveTo' IX='1'><Cell N='X' V='0.062499979531251' U='IN' F='Width*0.062499979531251'/><Cell N='Y' V='0.3092448032633438' U='IN' F='Height*0.49479168522135'/></Row><Row T='LineTo' IX='2'><Cell N='X' V='0.2000000188' U='IN' F='Width*0.2000000188'/><Cell N='Y' V='0.3092448032633438' U='IN' F='Height*0.49479168522135'/></Row><Row T='LineTo' IX='3'><Cell N='X' V='0.2000000398' U='IN' F='Width*0.2000000398'/><Cell N='Y' V='0.4700520731901' U='IN' F='Height*0.75208331710416'/></Row><Row T='LineTo' IX='4'><Cell N='X' V='0.06250000053125' U='IN' F='Width*0.06250000053125'/><Cell N='Y' V='0.4700520731901' U='IN' F='Height*0.75208331710416'/></Row><Row T='LineTo' IX='5'><Cell N='X' V='0.062499979531251' U='IN' F='Width*0.062499979531251'/><Cell N='Y' V='0.3092448032633438' U='IN' F='Height*0.49479168522135'/></Row></Section><Section N='Geometry' IX='2'><Cell N='NoFill' V='0'/><Cell N='NoLine' V='0'/><Cell N='NoShow' V='0'/><Cell N='NoSnap' V='0' F='No Formula'/><Cell N='NoQuickDrag' V='0' F='No Formula'/><Row T='MoveTo' IX='1'><Cell N='X' V='0.054289323724201' U='IN' F='Width*0.054289323724201'/><Cell N='Y' V='0.09895833704427501' U='IN' F='Height*0.15833333927084'/></Row><Row T='EllipticalArcTo' IX='2'><Cell N='X' V='0.1957106784008' U='IN' F='Width*0.1957106784008'/><Cell N='Y' V='0.09895833704427501' U='IN' F='Height*0.15833333927084'/><Cell N='A' V='0.1250000010625' U='IN' F='Width*0.1250000010625'/><Cell N='B' V='0.1484374725390563' U='IN' F='Height*0.23749995606249'/><Cell N='C' V='0' U='DA'/><Cell N='D' V='1.010526190989472' F='Width/Height*0.63157886936842'/></Row><Row T='LineTo' IX='3'><Cell N='X' V='0.250000002125' U='IN' F='Width*0.250000002125'/><Cell N='Y' V='0.09895833704427501' U='IN' F='Height*0.15833333927084'/></Row><Row T='LineTo' IX='4'><Cell N='X' V='0.250000002125' U='IN' F='Width*0.250000002125'/><Cell N='Y' V='0.1608073035416625' U='IN' F='Height*0.25729168566666'/></Row><Row T='LineTo' IX='5'><Cell N='X' V='0.2249999892125' U='IN' F='Width*0.2249999892125'/><Cell N='Y' V='0.1608073035416625' U='IN' F='Height*0.25729168566666'/></Row><Row T='LineTo' IX='6'><Cell N='X' V='0.2249999892125' U='IN' F='Width*0.2249999892125'/><Cell N='Y' V='0.4947916723567688' U='IN' F='Height*0.79166667577083'/></Row><Row T='LineTo' IX='7'><Cell N='X' V='0.033749995206875' U='IN' F='Width*0.033749995206875'/><Cell N='Y' V='0.4947916723567688' U='IN' F='Height*0.79166667577083'/></Row><Row T='LineTo' IX='8'><Cell N='X' V='0' U='IN' F='Width*0'/><Cell N='Y' V='0.27213540553385' U='IN' F='Height*0.43541664885416'/></Row><Row T='LineTo' IX='9'><Cell N='X' V='0' U='IN' F='Width*0'/><Cell N='Y' V='0.09895833704427501' U='IN' F='Height*0.15833333927084'/></Row><Row T='LineTo' IX='10'><Cell N='X' V='0.054289323724201' U='IN' F='Width*0.054289323724201'/><Cell N='Y' V='0.09895833704427501' U='IN' F='Height*0.15833333927084'/></Row></Section><Section N='Geometry' IX='3'><Cell N='NoFill' V='0'/><Cell N='NoLine' V='0'/><Cell N='NoShow' V='0'/><Cell N='NoSnap' V='0' F='No Formula'/><Cell N='NoQuickDrag' V='0' F='No Formula'/><Row T='MoveTo' IX='1'><Cell N='X' V='0.76250000558125' U='IN' F='Width*0.76250000558125'/><Cell N='Y' V='0.06184896065267125' U='IN' F='Height*0.098958337044274'/></Row><Row T='EllipticalArcTo' IX='2'><Cell N='X' V='0.88750000264375' U='IN' F='Width*0.88750000264375'/><Cell N='Y' V='0.06184896065267125' U='IN' F='Height*0.098958337044274'/><Cell N='A' V='0.8250000041125' U='IN' F='Width*0.8250000041125'/><Cell N='B' V='0.1236979213053375' U='IN' F='Height*0.19791667408854'/><Cell N='C' V='0' U='DA'/><Cell N='D' V='1.010526254147376' F='Width/Height*0.63157890884211'/></Row><Row T='EllipticalArcTo' IX='3'><Cell N='X' V='0.76250000558125' U='IN' F='Width*0.76250000558125'/><Cell N='Y' V='0.06184896065267125' U='IN' F='Height*0.098958337044274'/><Cell N='A' V='0.8250000041125' U='IN' F='Width*0.8250000041125'/><Cell N='B' V='0' U='IN' F='Height*0'/><Cell N='C' V='0' U='DA'/><Cell N='D' V='1.010526254147376' F='Width/Height*0.63157890884211'/></Row></Section><Section N='Geometry' IX='4'><Cell N='NoFill' V='0'/><Cell N='NoLine' V='0'/><Cell N='NoShow' V='0'/><Cell N='NoSnap' V='0' F='No Formula'/><Cell N='NoQuickDrag' V='0' F='No Formula'/><Row T='MoveTo' IX='1'><Cell N='X' V='0.89571067460193' U='IN' F='Width*0.89571067460193'/><Cell N='Y' V='0.09895836178385625' U='IN' F='Height*0.15833337885417'/></Row><Row T='LineTo' IX='2'><Cell N='X' V='1' U='IN' F='Width*1'/><Cell N='Y' V='0.09895836178385625' U='IN' F='Height*0.15833337885417'/></Row><Row T='LineTo' IX='3'><Cell N='X' V='0.9999999999999' U='IN' F='Width*0.9999999999999'/><Cell N='Y' V='0.625' U='IN' F='Height*1'/></Row><Row T='LineTo' IX='4'><Cell N='X' V='0.24999999999998' U='IN' F='Width*0.24999999999998'/><Cell N='Y' V='0.625' U='IN' F='Height*1'/></Row><Row T='LineTo' IX='5'><Cell N='X' V='0.249999993625' U='IN' F='Width*0.249999993625'/><Cell N='Y' V='0.09895836178385625' U='IN' F='Height*0.15833337885417'/></Row><Row T='LineTo' IX='6'><Cell N='X' V='0.75428933512305' U='IN' F='Width*0.75428933512305'/><Cell N='Y' V='0.09895836178385625' U='IN' F='Height*0.15833337885417'/></Row><Row T='EllipticalArcTo' IX='7'><Cell N='X' V='0.89571067460193' U='IN' F='Geometry5.X1'/><Cell N='Y' V='0.09895836178385625' U='IN' F='Geometry5.Y1'/><Cell N='A' V='0.82500000486249' U='IN' F='Width*0.82500000486249'/><Cell N='B' V='0.1484374941862125' U='IN' F='Height*0.23749999069794'/><Cell N='C' V='0' U='DA'/><Cell N='D' V='1.010526254147376' F='Width/Height*0.63157890884211'/></Row></Section><Section N='Geometry' IX='5'><Cell N='NoFill' V='0'/><Cell N='NoLine' V='0'/><Cell N='NoShow' V='0'/><Cell N='NoSnap' V='0' F='No Formula'/><Cell N='NoQuickDrag' V='0' F='No Formula'/><Row T='MoveTo' IX='1'><Cell N='X' V='0.06250002203125001' U='IN' F='Width*0.06250002203125'/><Cell N='Y' V='0.06184896065267125' U='IN' F='Height*0.098958337044274'/></Row><Row T='EllipticalArcTo' IX='2'><Cell N='X' V='0.18750001909375' U='IN' F='Width*0.18750001909375'/><Cell N='Y' V='0.06184896065267125' U='IN' F='Height*0.098958337044274'/><Cell N='A' V='0.1250000205625' U='IN' F='Width*0.1250000205625'/><Cell N='B' V='0.1236979213053375' U='IN' F='Height*0.19791667408854'/><Cell N='C' V='0' U='DA'/><Cell N='D' V='1.010526254147376' F='Width/Height*0.63157890884211'/></Row><Row T='EllipticalArcTo' IX='3'><Cell N='X' V='0.06250002203125001' U='IN' F='Width*0.06250002203125'/><Cell N='Y' V='0.06184896065267125' U='IN' F='Height*0.098958337044274'/><Cell N='A' V='0.1250000205625' U='IN' F='Width*0.1250000205625'/><Cell N='B' V='0' U='IN' F='Height*0'/><Cell N='C' V='0' U='DA'/><Cell N='D' V='1.010526254147376' F='Width/Height*0.63157890884211'/></Row></Section></Shape></Shapes></Shape></Shapes></MasterContents>