<?xml version='1.0' encoding='utf-8' ?>
<MasterContents xmlns='http://schemas.microsoft.com/office/visio/2012/main' xmlns:r='http://schemas.openxmlformats.org/officeDocument/2006/relationships' xml:space='preserve'><Shapes><Shape ID='4' Type='Shape' LineStyle='7' FillStyle='7' TextStyle='7' UniqueID='{71A684D7-7779-4B8E-BCF2-9E6BC94F0DB6}'><Cell N='PinX' V='1.5'/><Cell N='PinY' V='1.5'/><Cell N='Width' V='1.5' U='IN'/><Cell N='Height' V='1.5' U='IN'/><Cell N='LocPinX' V='0.75' U='IN' F='Width*0.5'/><Cell N='LocPinY' V='0.75' U='IN' F='Height*0.5'/><Cell N='Angle' V='0' U='DEG'/><Cell N='FlipX' V='0'/><Cell N='FlipY' V='0'/><Cell N='ResizeMode' V='0'/><Cell N='TxtPinX' V='0.75' U='IN' F='Width*0.5'/><Cell N='TxtPinY' V='1' U='IN' F='Height-((Height-Geometry1.Y1)/2)'/><Cell N='TxtWidth' V='1.5' U='IN' F='Width*1'/><Cell N='TxtHeight' V='1' U='IN' F='Height-Geometry1.Y1'/><Cell N='TxtLocPinX' V='0.75' U='IN' F='TxtWidth*0.5'/><Cell N='TxtLocPinY' V='0.5' U='IN' F='TxtHeight*0.5'/><Cell N='TxtAngle' V='0'/><Cell N='EventDblClick' V='0' F='OPENTEXTWIN()'/><Cell N='HelpTopic' V='Vis_SBl.chm!#45892'/><Cell N='Copyright' V='Copyright (c) 2012 Microsoft Corporation.  All rights reserved.'/><Cell N='ShapeSplit' V='1'/><Section N='Connection'><Row IX='0'><Cell N='X' V='0.75' U='IN' F='0.5*Width'/><Cell N='Y' V='1.5' U='IN' F='Height'/><Cell N='DirX' V='0'/><Cell N='DirY' V='-1'/><Cell N='Type' V='0' F='No Formula'/><Cell N='AutoGen' V='0' F='No Formula'/><Cell N='Prompt' V='' F='No Formula'/></Row><Row IX='1'><Cell N='X' V='0.75' U='IN' F='0.5*Width'/><Cell N='Y' V='0' U='IN'/><Cell N='DirX' V='0'/><Cell N='DirY' V='1'/><Cell N='Type' V='0' F='No Formula'/><Cell N='AutoGen' V='0' F='No Formula'/><Cell N='Prompt' V='' F='No Formula'/></Row><Row IX='2'><Cell N='X' V='0' U='IN'/><Cell N='Y' V='1' U='IN' F='Height-((Height-Geometry1.Y1)/2)'/><Cell N='DirX' V='1'/><Cell N='DirY' V='0'/><Cell N='Type' V='0' F='No Formula'/><Cell N='AutoGen' V='0' F='No Formula'/><Cell N='Prompt' V='' F='No Formula'/></Row><Row IX='3'><Cell N='X' V='1.5' U='IN' F='Width'/><Cell N='Y' V='1' U='IN' F='Connections.Y3'/><Cell N='DirX' V='-1'/><Cell N='DirY' V='0'/><Cell N='Type' V='0' F='No Formula'/><Cell N='AutoGen' V='0' F='No Formula'/><Cell N='Prompt' V='' F='No Formula'/></Row></Section><Section N='Control'><Row N='Row_1'><Cell N='X' V='0.75' U='IN' F='Width*0.5'/><Cell N='Y' V='0.5' U='IN' F='0.5IN*ThePage!DrawingScale/ThePage!PageScale'/><Cell N='XDyn' V='0.75' U='IN' F='Width/2'/><Cell N='YDyn' V='0.5' U='IN' F='Controls.Row_1.Y'/><Cell N='XCon' V='1'/><Cell N='YCon' V='2'/><Cell N='CanGlue' V='0'/><Cell N='Prompt' V='Resize Box'/></Row><Row N='Row_2'><Cell N='X' V='0.5' U='IN' F='Width/2+-0.25IN*ThePage!DrawingScale/ThePage!PageScale'/><Cell N='Y' V='0.125' U='IN' F='0.125IN*ThePage!DrawingScale/ThePage!PageScale'/><Cell N='XDyn' V='0.75' U='IN' F='Width/2'/><Cell N='YDyn' V='0' U='IN'/><Cell N='XCon' V='3'/><Cell N='YCon' V='2'/><Cell N='CanGlue' V='0'/><Cell N='Prompt' V='Resize Arrowhead'/></Row></Section><Section N='Scratch'><Row IX='0'><Cell N='X' V='0.25' U='IN' F='ABS(Controls.Row_2-Width/2)'/><Cell N='Y' V='0.125' U='IN' F='Controls.Row_2.Y'/><Cell N='A' V='0' F='No Formula'/><Cell N='B' V='0' F='No Formula'/><Cell N='C' V='0' F='No Formula'/><Cell N='D' V='0' F='No Formula'/></Row><Row IX='1'><Cell N='X' V='0.25' U='IN' F='Scratch.X1'/><Cell N='Y' V='0.125' U='IN' F='MIN(Scratch.Y1,Controls.Row_1.Y)'/><Cell N='A' V='0.5' F='1/2'/><Cell N='B' V='0' F='No Formula'/><Cell N='C' V='0' F='No Formula'/><Cell N='D' V='0' F='No Formula'/></Row></Section><Section N='User'><Row N='visVersion'><Cell N='Value' V='15'/><Cell N='Prompt' V='' F='No Formula'/></Row></Section><Section N='Geometry' IX='0'><Cell N='NoFill' V='0'/><Cell N='NoLine' V='0' F='No Formula'/><Cell N='NoShow' V='0' F='No Formula'/><Cell N='NoSnap' V='0' F='No Formula'/><Cell N='NoQuickDrag' V='0' F='No Formula'/><Row T='MoveTo' IX='1'><Cell N='X' V='0.625' U='IN' F='Width/2-Scratch.X2*Scratch.A2'/><Cell N='Y' V='0.5' U='IN' F='MAX(MIN(Controls.Row_1.Y,Height*0.75),0)'/></Row><Row T='LineTo' IX='2'><Cell N='X' V='0.625' U='IN' F='Geometry1.X1'/><Cell N='Y' V='0.125' U='IN' F='MAX(Scratch.Y2,0)'/></Row><Row T='LineTo' IX='3'><Cell N='X' V='0.5' U='IN' F='Width/2-Scratch.X2'/><Cell N='Y' V='0.125' U='IN' F='Geometry1.Y2'/></Row><Row T='LineTo' IX='4'><Cell N='X' V='0.75' U='IN' F='Width/2'/><Cell N='Y' V='0' U='IN'/></Row><Row T='LineTo' IX='5'><Cell N='X' V='1' U='IN' F='Width-Geometry1.X3'/><Cell N='Y' V='0.125' U='IN' F='Geometry1.Y3'/></Row><Row T='LineTo' IX='6'><Cell N='X' V='0.875' U='IN' F='Width-Geometry1.X2'/><Cell N='Y' V='0.125' U='IN' F='Geometry1.Y5'/></Row><Row T='LineTo' IX='7'><Cell N='X' V='0.875' U='IN' F='Geometry1.X6'/><Cell N='Y' V='0.5' U='IN' F='Geometry1.Y1'/></Row><Row T='LineTo' IX='8'><Cell N='X' V='1.5' U='IN' F='Width'/><Cell N='Y' V='0.5' U='IN' F='Geometry1.Y7'/></Row><Row T='LineTo' IX='9'><Cell N='X' V='1.5' U='IN' F='Geometry1.X8'/><Cell N='Y' V='1.5' U='IN' F='Height'/></Row><Row T='LineTo' IX='10'><Cell N='X' V='0' U='IN'/><Cell N='Y' V='1.5' U='IN' F='Geometry1.Y9'/></Row><Row T='LineTo' IX='11'><Cell N='X' V='0' U='IN' F='Geometry1.X10'/><Cell N='Y' V='0.5' U='IN' F='Geometry1.Y8'/></Row><Row T='LineTo' IX='12'><Cell N='X' V='0.625' U='IN' F='Geometry1.X1'/><Cell N='Y' V='0.5' U='IN' F='Geometry1.Y1'/></Row></Section></Shape></Shapes></MasterContents>