<?xml version='1.0' encoding='utf-8' ?>
<MasterContents xmlns='http://schemas.microsoft.com/office/visio/2012/main' xmlns:r='http://schemas.openxmlformats.org/officeDocument/2006/relationships' xml:space='preserve'><Shapes><Shape ID='5' Type='Group' LineStyle='9' FillStyle='9' TextStyle='9'><Cell N='PinX' V='8.354166666666668'/><Cell N='PinY' V='10.90052083333333'/><Cell N='Width' V='0.7083333333333333'/><Cell N='Height' V='0.8010416666666667'/><Cell N='LocPinX' V='0.3541666666666666' F='Width*0.5'/><Cell N='LocPinY' V='0.4005208333333333' F='Height*0.5'/><Cell N='Angle' V='0'/><Cell N='FlipX' V='0'/><Cell N='FlipY' V='0'/><Cell N='ResizeMode' V='0'/><Cell N='QuickStyleVariation' V='4'/><Shapes><Shape ID='6' Type='Group' LineStyle='9' FillStyle='9' TextStyle='9'><Cell N='PinX' V='0.3541666666666666' F='Sheet.5!Width*0.5'/><Cell N='PinY' V='0.4005208333333333' F='Sheet.5!Height*0.5'/><Cell N='Width' V='0.7083333333333333' F='Sheet.5!Width*1'/><Cell N='Height' V='0.8010416666666667' F='Sheet.5!Height*1'/><Cell N='LocPinX' V='0.3541666666666666' F='Width*0.5'/><Cell N='LocPinY' V='0.4005208333333333' F='Height*0.5'/><Cell N='Angle' V='0'/><Cell N='FlipX' V='0'/><Cell N='FlipY' V='0'/><Cell N='ResizeMode' V='0'/><Cell N='QuickStyleVariation' V='4'/><Shapes><Shape ID='7' Type='Shape' LineStyle='9' FillStyle='9' TextStyle='9'><Cell N='PinX' V='0.3541666666666666' F='Sheet.6!Width*0.5'/><Cell N='PinY' V='0.4005208333333333' F='Sheet.6!Height*0.5'/><Cell N='Width' V='0.7083333333333333' F='Sheet.6!Width*1'/><Cell N='Height' V='0.8010416666666667' F='Sheet.6!Height*1'/><Cell N='LocPinX' V='0.3541666666666666' F='Width*0.5'/><Cell N='LocPinY' V='0.4005208333333333' F='Height*0.5'/><Cell N='Angle' V='0'/><Cell N='FlipX' V='0'/><Cell N='FlipY' V='0'/><Cell N='ResizeMode' V='0'/><Cell N='FillForegnd' V='1' F='THEMEVAL("FillColor",1)'/><Section N='Geometry' IX='0'><Cell N='NoFill' V='0'/><Cell N='NoLine' V='0'/><Cell N='NoShow' V='0'/><Cell N='NoSnap' V='0'/><Cell N='NoQuickDrag' V='0'/><Row T='MoveTo' IX='1'><Cell N='X' V='0' F='Width*0'/><Cell N='Y' V='0.2041666666666667' F='Height*0.25487646293888'/></Row><Row T='LineTo' IX='2'><Cell N='X' V='0' F='Width*0'/><Cell N='Y' V='0.6010416666666667' F='Height*0.75032509752926'/></Row><Row T='LineTo' IX='3'><Cell N='X' V='0.3541666666666666' F='Width*0.5'/><Cell N='Y' V='0.8010416666666667' F='Height*1'/></Row><Row T='LineTo' IX='4'><Cell N='X' V='0.7083333333333333' F='Width*1'/><Cell N='Y' V='0.5958333333333333' F='Height*0.74382314694408'/></Row><Row T='LineTo' IX='5'><Cell N='X' V='0.7083333333333333' F='Width*1'/><Cell N='Y' V='0.209375' F='Height*0.26137841352406'/></Row><Row T='LineTo' IX='6'><Cell N='X' V='0.3541666666666666' F='Width*0.5'/><Cell N='Y' V='-1.110223024625167E-16' F='Height*-1.3859741269703E-16'/></Row><Row T='LineTo' IX='7'><Cell N='X' V='0' F='Width*0'/><Cell N='Y' V='0.2041666666666667' F='Height*0.25487646293888'/></Row></Section></Shape><Shape ID='8' Type='Group' LineStyle='9' FillStyle='9' TextStyle='9'><Cell N='PinX' V='0.5208333333333342' F='Sheet.6!Width*0.73529411764706'/><Cell N='PinY' V='0.309895833333337' F='Sheet.6!Height*0.38686605981795'/><Cell N='Width' V='0.3125000000000033' F='Sheet.6!Width*0.44117647058824'/><Cell N='Height' V='0.5302083333333323' F='Sheet.6!Height*0.66189856957087'/><Cell N='LocPinX' V='0.15625' F='Width*0.5'/><Cell N='LocPinY' V='0.2651041666666666' F='Height*0.5'/><Cell N='Angle' V='0'/><Cell N='FlipX' V='0'/><Cell N='FlipY' V='0'/><Cell N='ResizeMode' V='0'/><Cell N='QuickStyleVariation' V='4'/><Shapes><Shape ID='9' Type='Shape' LineStyle='9' FillStyle='9' TextStyle='9'><Cell N='PinX' V='0.2708333333333372' F='Sheet.8!Width*0.86666666666667'/><Cell N='PinY' V='0.4562499999999979' F='Sheet.8!Height*0.86051080550098'/><Cell N='Width' V='0.08333333333333524' F='Sheet.8!Width*0.26666666666667'/><Cell N='Height' V='0.1479166666666688' F='Sheet.8!Height*0.27897838899804'/><Cell N='LocPinX' V='0.04166666666666669' F='Width*0.5'/><Cell N='LocPinY' V='0.07395833333333331' F='Height*0.5'/><Cell N='Angle' V='0'/><Cell N='FlipX' V='0'/><Cell N='FlipY' V='0'/><Cell N='ResizeMode' V='0'/><Cell N='FillForegnd' V='#2072b8' F='THEMEVAL("FillColor",RGB(32,114,184))'/><Section N='Geometry' IX='0'><Cell N='NoFill' V='0'/><Cell N='NoLine' V='0'/><Cell N='NoShow' V='0'/><Cell N='NoSnap' V='0'/><Cell N='NoQuickDrag' V='0'/><Row T='MoveTo' IX='1'><Cell N='X' V='0' F='Width*0'/><Cell N='Y' V='0' F='Height*0'/></Row><Row T='LineTo' IX='2'><Cell N='X' V='0.08333333333333524' F='Width*1'/><Cell N='Y' V='0.05000000000000073' F='Height*0.33802816901408'/></Row><Row T='LineTo' IX='3'><Cell N='X' V='0.08333333333333524' F='Width*1'/><Cell N='Y' V='0.1479166666666688' F='Height*1'/></Row><Row T='LineTo' IX='4'><Cell N='X' V='0' F='Width*0'/><Cell N='Y' V='0.09895833333333479' F='Height*0.66901408450704'/></Row><Row T='LineTo' IX='5'><Cell N='X' V='0' F='Width*0'/><Cell N='Y' V='0' F='Height*0'/></Row></Section></Shape><Shape ID='10' Type='Shape' LineStyle='9' FillStyle='9' TextStyle='9'><Cell N='PinX' V='0.1614583333333361' F='Sheet.8!Width*0.51666666666667'/><Cell N='PinY' V='0.3937499999999986' F='Sheet.8!Height*0.7426326129666'/><Cell N='Width' V='0.09375000000000099' F='Sheet.8!Width*0.3'/><Cell N='Height' V='0.1520833333333309' F='Sheet.8!Height*0.28683693516699'/><Cell N='LocPinX' V='0.046875' F='Width*0.5'/><Cell N='LocPinY' V='0.0760416666666667' F='Height*0.5'/><Cell N='Angle' V='0'/><Cell N='FlipX' V='0'/><Cell N='FlipY' V='0'/><Cell N='ResizeMode' V='0'/><Cell N='FillForegnd' V='#2072b8' F='THEMEVAL("FillColor",RGB(32,114,184))'/><Section N='Geometry' IX='0'><Cell N='NoFill' V='0'/><Cell N='NoLine' V='0'/><Cell N='NoShow' V='0'/><Cell N='NoSnap' V='0'/><Cell N='NoQuickDrag' V='0'/><Row T='MoveTo' IX='1'><Cell N='X' V='0' F='Width*0'/><Cell N='Y' V='0' F='Height*0'/></Row><Row T='LineTo' IX='2'><Cell N='X' V='0.09375000000000099' F='Width*1'/><Cell N='Y' V='0.0541666666666658' F='Height*0.35616438356164'/></Row><Row T='LineTo' IX='3'><Cell N='X' V='0.09375000000000099' F='Width*1'/><Cell N='Y' V='0.1520833333333309' F='Height*1'/></Row><Row T='LineTo' IX='4'><Cell N='X' V='0' F='Width*0'/><Cell N='Y' V='0.09791666666666504' F='Height*0.64383561643836'/></Row><Row T='LineTo' IX='5'><Cell N='X' V='0' F='Width*0'/><Cell N='Y' V='0' F='Height*0'/></Row></Section></Shape><Shape ID='11' Type='Shape' LineStyle='9' FillStyle='9' TextStyle='9'><Cell N='PinX' V='0.04687500000000049' F='Sheet.8!Width*0.15'/><Cell N='PinY' V='0.3265624999999986' F='Sheet.8!Height*0.61591355599214'/><Cell N='Width' V='0.09375000000000099' F='Sheet.8!Width*0.3'/><Cell N='Height' V='0.1531249999999977' F='Sheet.8!Height*0.28880157170923'/><Cell N='LocPinX' V='0.046875' F='Width*0.5'/><Cell N='LocPinY' V='0.0765625' F='Height*0.5'/><Cell N='Angle' V='0'/><Cell N='FlipX' V='0'/><Cell N='FlipY' V='0'/><Cell N='ResizeMode' V='0'/><Cell N='FillForegnd' V='#2072b8' F='THEMEVAL("FillColor",RGB(32,114,184))'/><Section N='Geometry' IX='0'><Cell N='NoFill' V='0'/><Cell N='NoLine' V='0'/><Cell N='NoShow' V='0'/><Cell N='NoSnap' V='0'/><Cell N='NoQuickDrag' V='0'/><Row T='MoveTo' IX='1'><Cell N='X' V='0' F='Width*0'/><Cell N='Y' V='5.551115123125626E-17' F='Height*3.6252180395923E-16'/></Row><Row T='LineTo' IX='2'><Cell N='X' V='0.09375000000000099' F='Width*1'/><Cell N='Y' V='0.05416666666666587' F='Height*0.35374149659864'/></Row><Row T='LineTo' IX='3'><Cell N='X' V='0.09375000000000099' F='Width*1'/><Cell N='Y' V='0.1531249999999977' F='Height*1'/></Row><Row T='LineTo' IX='4'><Cell N='X' V='0' F='Width*0'/><Cell N='Y' V='0.0989583333333318' F='Height*0.64625850340136'/></Row><Row T='LineTo' IX='5'><Cell N='X' V='0' F='Width*0'/><Cell N='Y' V='5.551115123125626E-17' F='Height*3.6252180395923E-16'/></Row></Section></Shape><Shape ID='12' Type='Shape' LineStyle='9' FillStyle='9' TextStyle='9'><Cell N='PinX' V='0.2708333333333372' F='Sheet.8!Width*0.86666666666667'/><Cell N='PinY' V='0.3328125' F='Sheet.8!Height*0.62770137524558'/><Cell N='Width' V='0.08333333333333524' F='Sheet.8!Width*0.26666666666667'/><Cell N='Height' V='0.146875000000002' F='Sheet.8!Height*0.2770137524558'/><Cell N='LocPinX' V='0.04166666666666669' F='Width*0.5'/><Cell N='LocPinY' V='0.0734375' F='Height*0.5'/><Cell N='Angle' V='0'/><Cell N='FlipX' V='0'/><Cell N='FlipY' V='0'/><Cell N='ResizeMode' V='0'/><Cell N='FillForegnd' V='#2072b8' F='THEMEVAL("FillColor",RGB(32,114,184))'/><Section N='Geometry' IX='0'><Cell N='NoFill' V='0'/><Cell N='NoLine' V='0'/><Cell N='NoShow' V='0'/><Cell N='NoSnap' V='0'/><Cell N='NoQuickDrag' V='0'/><Row T='MoveTo' IX='1'><Cell N='X' V='0' F='Width*0'/><Cell N='Y' V='0' F='Height*0'/></Row><Row T='LineTo' IX='2'><Cell N='X' V='0.08333333333333524' F='Width*1'/><Cell N='Y' V='0.04791666666666737' F='Height*0.32624113475177'/></Row><Row T='LineTo' IX='3'><Cell N='X' V='0.08333333333333524' F='Width*1'/><Cell N='Y' V='0.146875000000002' F='Height*1'/></Row><Row T='LineTo' IX='4'><Cell N='X' V='0' F='Width*0'/><Cell N='Y' V='0.09895833333333472' F='Height*0.67375886524823'/></Row><Row T='LineTo' IX='5'><Cell N='X' V='0' F='Width*0'/><Cell N='Y' V='0' F='Height*0'/></Row></Section></Shape><Shape ID='13' Type='Shape' LineStyle='9' FillStyle='9' TextStyle='9'><Cell N='PinX' V='0.1614583333333361' F='Sheet.8!Width*0.51666666666667'/><Cell N='PinY' V='0.2692708333333335' F='Sheet.8!Height*0.50785854616896'/><Cell N='Width' V='0.09375000000000099' F='Sheet.8!Width*0.3'/><Cell N='Height' V='0.1531249999999977' F='Sheet.8!Height*0.28880157170923'/><Cell N='LocPinX' V='0.046875' F='Width*0.5'/><Cell N='LocPinY' V='0.0765625' F='Height*0.5'/><Cell N='Angle' V='0'/><Cell N='FlipX' V='0'/><Cell N='FlipY' V='0'/><Cell N='ResizeMode' V='0'/><Cell N='FillForegnd' V='#2072b8' F='THEMEVAL("FillColor",RGB(32,114,184))'/><Section N='Geometry' IX='0'><Cell N='NoFill' V='0'/><Cell N='NoLine' V='0'/><Cell N='NoShow' V='0'/><Cell N='NoSnap' V='0'/><Cell N='NoQuickDrag' V='0'/><Row T='MoveTo' IX='1'><Cell N='X' V='0' F='Width*0'/><Cell N='Y' V='-5.551115123125626E-17' F='Height*-3.6252180395923E-16'/></Row><Row T='LineTo' IX='2'><Cell N='X' V='0.09375000000000099' F='Width*1'/><Cell N='Y' V='0.0541666666666658' F='Height*0.35374149659864'/></Row><Row T='LineTo' IX='3'><Cell N='X' V='0.09375000000000099' F='Width*1'/><Cell N='Y' V='0.1531249999999977' F='Height*1'/></Row><Row T='LineTo' IX='4'><Cell N='X' V='0' F='Width*0'/><Cell N='Y' V='0.0989583333333318' F='Height*0.64625850340136'/></Row><Row T='LineTo' IX='5'><Cell N='X' V='0' F='Width*0'/><Cell N='Y' V='-5.551115123125626E-17' F='Height*-3.6252180395923E-16'/></Row></Section></Shape><Shape ID='14' Type='Shape' LineStyle='9' FillStyle='9' TextStyle='9'><Cell N='PinX' V='0.04687500000000049' F='Sheet.8!Width*0.15'/><Cell N='PinY' V='0.2026041666666669' F='Sheet.8!Height*0.38212180746562'/><Cell N='Width' V='0.09375000000000099' F='Sheet.8!Width*0.3'/><Cell N='Height' V='0.1531249999999977' F='Sheet.8!Height*0.28880157170923'/><Cell N='LocPinX' V='0.046875' F='Width*0.5'/><Cell N='LocPinY' V='0.0765625' F='Height*0.5'/><Cell N='Angle' V='0'/><Cell N='FlipX' V='0'/><Cell N='FlipY' V='0'/><Cell N='ResizeMode' V='0'/><Cell N='FillForegnd' V='#2072b8' F='THEMEVAL("FillColor",RGB(32,114,184))'/><Section N='Geometry' IX='0'><Cell N='NoFill' V='0'/><Cell N='NoLine' V='0'/><Cell N='NoShow' V='0'/><Cell N='NoSnap' V='0'/><Cell N='NoQuickDrag' V='0'/><Row T='MoveTo' IX='1'><Cell N='X' V='0' F='Width*0'/><Cell N='Y' V='-5.551115123125626E-17' F='Height*-3.6252180395923E-16'/></Row><Row T='LineTo' IX='2'><Cell N='X' V='0.09375000000000099' F='Width*1'/><Cell N='Y' V='0.0541666666666658' F='Height*0.35374149659864'/></Row><Row T='LineTo' IX='3'><Cell N='X' V='0.09375000000000099' F='Width*1'/><Cell N='Y' V='0.1531249999999977' F='Height*1'/></Row><Row T='LineTo' IX='4'><Cell N='X' V='0' F='Width*0'/><Cell N='Y' V='0.0989583333333318' F='Height*0.64625850340136'/></Row><Row T='LineTo' IX='5'><Cell N='X' V='0' F='Width*0'/><Cell N='Y' V='-5.551115123125626E-17' F='Height*-3.6252180395923E-16'/></Row></Section></Shape><Shape ID='15' Type='Shape' LineStyle='9' FillStyle='9' TextStyle='9'><Cell N='PinX' V='0.2708333333333372' F='Sheet.8!Width*0.86666666666667'/><Cell N='PinY' V='0.2062500000000008' F='Sheet.8!Height*0.38899803536346'/><Cell N='Width' V='0.08333333333333524' F='Sheet.8!Width*0.26666666666667'/><Cell N='Height' V='0.1479166666666688' F='Sheet.8!Height*0.27897838899804'/><Cell N='LocPinX' V='0.04166666666666669' F='Width*0.5'/><Cell N='LocPinY' V='0.07395833333333331' F='Height*0.5'/><Cell N='Angle' V='0'/><Cell N='FlipX' V='0'/><Cell N='FlipY' V='0'/><Cell N='ResizeMode' V='0'/><Cell N='FillForegnd' V='#2072b8' F='THEMEVAL("FillColor",RGB(32,114,184))'/><Section N='Geometry' IX='0'><Cell N='NoFill' V='0'/><Cell N='NoLine' V='0'/><Cell N='NoShow' V='0'/><Cell N='NoSnap' V='0'/><Cell N='NoQuickDrag' V='0'/><Row T='MoveTo' IX='1'><Cell N='X' V='0' F='Width*0'/><Cell N='Y' V='2.775557561562928E-17' F='Height*1.8764332810566E-16'/></Row><Row T='LineTo' IX='2'><Cell N='X' V='0.08333333333333524' F='Width*1'/><Cell N='Y' V='0.04895833333333399' F='Height*0.33098591549296'/></Row><Row T='LineTo' IX='3'><Cell N='X' V='0.08333333333333524' F='Width*1'/><Cell N='Y' V='0.1479166666666688' F='Height*1'/></Row><Row T='LineTo' IX='4'><Cell N='X' V='0' F='Width*0'/><Cell N='Y' V='0.09895833333333477' F='Height*0.66901408450704'/></Row><Row T='LineTo' IX='5'><Cell N='X' V='0' F='Width*0'/><Cell N='Y' V='2.775557561562928E-17' F='Height*1.8764332810566E-16'/></Row></Section></Shape><Shape ID='16' Type='Shape' LineStyle='9' FillStyle='9' TextStyle='9'><Cell N='PinX' V='0.1614583333333361' F='Sheet.8!Width*0.51666666666667'/><Cell N='PinY' V='0.1427083333333347' F='Sheet.8!Height*0.26915520628684'/><Cell N='Width' V='0.09375000000000099' F='Sheet.8!Width*0.3'/><Cell N='Height' V='0.1541666666666645' F='Sheet.8!Height*0.29076620825147'/><Cell N='LocPinX' V='0.046875' F='Width*0.5'/><Cell N='LocPinY' V='0.0770833333333333' F='Height*0.5'/><Cell N='Angle' V='0'/><Cell N='FlipX' V='0'/><Cell N='FlipY' V='0'/><Cell N='ResizeMode' V='0'/><Cell N='FillForegnd' V='#2072b8' F='THEMEVAL("FillColor",RGB(32,114,184))'/><Section N='Geometry' IX='0'><Cell N='NoFill' V='0'/><Cell N='NoLine' V='0'/><Cell N='NoShow' V='0'/><Cell N='NoSnap' V='0'/><Cell N='NoQuickDrag' V='0'/><Row T='MoveTo' IX='1'><Cell N='X' V='0' F='Width*0'/><Cell N='Y' V='5.551115123125681E-17' F='Height*3.6007233231086E-16'/></Row><Row T='LineTo' IX='2'><Cell N='X' V='0.09375000000000099' F='Width*1'/><Cell N='Y' V='0.0552083333333326' F='Height*0.35810810810811'/></Row><Row T='LineTo' IX='3'><Cell N='X' V='0.09375000000000099' F='Width*1'/><Cell N='Y' V='0.1541666666666645' F='Height*1'/></Row><Row T='LineTo' IX='4'><Cell N='X' V='0' F='Width*0'/><Cell N='Y' V='0.09999999999999855' F='Height*0.64864864864865'/></Row><Row T='LineTo' IX='5'><Cell N='X' V='0' F='Width*0'/><Cell N='Y' V='5.551115123125681E-17' F='Height*3.6007233231086E-16'/></Row></Section></Shape><Shape ID='17' Type='Shape' LineStyle='9' FillStyle='9' TextStyle='9'><Cell N='PinX' V='0.04687500000000049' F='Sheet.8!Width*0.15'/><Cell N='PinY' V='0.07656250000000149' F='Sheet.8!Height*0.14440078585462'/><Cell N='Width' V='0.09375000000000099' F='Sheet.8!Width*0.3'/><Cell N='Height' V='0.1531249999999977' F='Sheet.8!Height*0.28880157170923'/><Cell N='LocPinX' V='0.046875' F='Width*0.5'/><Cell N='LocPinY' V='0.0765625' F='Height*0.5'/><Cell N='Angle' V='0'/><Cell N='FlipX' V='0'/><Cell N='FlipY' V='0'/><Cell N='ResizeMode' V='0'/><Cell N='FillForegnd' V='#2072b8' F='THEMEVAL("FillColor",RGB(32,114,184))'/><Section N='Geometry' IX='0'><Cell N='NoFill' V='0'/><Cell N='NoLine' V='0'/><Cell N='NoShow' V='0'/><Cell N='NoSnap' V='0'/><Cell N='NoQuickDrag' V='0'/><Row T='MoveTo' IX='1'><Cell N='X' V='0' F='Width*0'/><Cell N='Y' V='0' F='Height*0'/></Row><Row T='LineTo' IX='2'><Cell N='X' V='0.09375000000000099' F='Width*1'/><Cell N='Y' V='0.05416666666666578' F='Height*0.35374149659864'/></Row><Row T='LineTo' IX='3'><Cell N='X' V='0.09375000000000099' F='Width*1'/><Cell N='Y' V='0.1531249999999977' F='Height*1'/></Row><Row T='LineTo' IX='4'><Cell N='X' V='0' F='Width*0'/><Cell N='Y' V='0.0989583333333319' F='Height*0.64625850340136'/></Row><Row T='LineTo' IX='5'><Cell N='X' V='0' F='Width*0'/><Cell N='Y' V='0' F='Height*0'/></Row></Section></Shape></Shapes></Shape><Shape ID='18' Type='Group' LineStyle='9' FillStyle='9' TextStyle='9'><Cell N='PinX' V='0.1874999999999992' F='Sheet.6!Width*0.26470588235294'/><Cell N='PinY' V='0.3078125000000039' F='Sheet.6!Height*0.38426527958388'/><Cell N='Width' V='0.3125000000000033' F='Sheet.6!Width*0.44117647058824'/><Cell N='Height' V='0.5302083333333323' F='Sheet.6!Height*0.66189856957087'/><Cell N='LocPinX' V='0.15625' F='Width*0.5'/><Cell N='LocPinY' V='0.2651041666666666' F='Height*0.5'/><Cell N='Angle' V='0'/><Cell N='FlipX' V='0'/><Cell N='FlipY' V='0'/><Cell N='ResizeMode' V='0'/><Cell N='QuickStyleVariation' V='4'/><Shapes><Shape ID='19' Type='Shape' LineStyle='9' FillStyle='9' TextStyle='9'><Cell N='PinX' V='0.04166666666666606' F='Sheet.18!Width*0.13333333333333'/><Cell N='PinY' V='0.4567708333333312' F='Sheet.18!Height*0.8614931237721'/><Cell N='Width' V='0.08333333333333524' F='Sheet.18!Width*0.26666666666667'/><Cell N='Height' V='0.146875000000002' F='Sheet.18!Height*0.2770137524558'/><Cell N='LocPinX' V='0.04166666666666666' F='Width*0.5'/><Cell N='LocPinY' V='0.0734375' F='Height*0.5'/><Cell N='Angle' V='0'/><Cell N='FlipX' V='0'/><Cell N='FlipY' V='0'/><Cell N='ResizeMode' V='0'/><Cell N='FillForegnd' V='#2072b8' F='THEMEVAL("FillColor",RGB(32,114,184))'/><Section N='Geometry' IX='0'><Cell N='NoFill' V='0'/><Cell N='NoLine' V='0'/><Cell N='NoShow' V='0'/><Cell N='NoSnap' V='0'/><Cell N='NoQuickDrag' V='0'/><Row T='MoveTo' IX='1'><Cell N='X' V='0.08333333333333524' F='Width*1'/><Cell N='Y' V='0' F='Height*0'/></Row><Row T='LineTo' IX='2'><Cell N='X' V='0' F='Width*0'/><Cell N='Y' V='0.05000000000000063' F='Height*0.34042553191489'/></Row><Row T='LineTo' IX='3'><Cell N='X' V='0' F='Width*0'/><Cell N='Y' V='0.146875000000002' F='Height*1'/></Row><Row T='LineTo' IX='4'><Cell N='X' V='0.08333333333333524' F='Width*1'/><Cell N='Y' V='0.09895833333333459' F='Height*0.67375886524823'/></Row><Row T='LineTo' IX='5'><Cell N='X' V='0.08333333333333524' F='Width*1'/><Cell N='Y' V='0' F='Height*0'/></Row></Section></Shape><Shape ID='20' Type='Shape' LineStyle='9' FillStyle='9' TextStyle='9'><Cell N='PinX' V='0.1510416666666672' F='Sheet.18!Width*0.48333333333333'/><Cell N='PinY' V='0.3947916666666654' F='Sheet.18!Height*0.74459724950884'/><Cell N='Width' V='0.09375000000000099' F='Sheet.18!Width*0.3'/><Cell N='Height' V='0.1520833333333309' F='Sheet.18!Height*0.28683693516699'/><Cell N='LocPinX' V='0.046875' F='Width*0.5'/><Cell N='LocPinY' V='0.0760416666666667' F='Height*0.5'/><Cell N='Angle' V='0'/><Cell N='FlipX' V='0'/><Cell N='FlipY' V='0'/><Cell N='ResizeMode' V='0'/><Cell N='FillForegnd' V='#2072b8' F='THEMEVAL("FillColor",RGB(32,114,184))'/><Section N='Geometry' IX='0'><Cell N='NoFill' V='0'/><Cell N='NoLine' V='0'/><Cell N='NoShow' V='0'/><Cell N='NoSnap' V='0'/><Cell N='NoQuickDrag' V='0'/><Row T='MoveTo' IX='1'><Cell N='X' V='0.09375000000000099' F='Width*1'/><Cell N='Y' V='5.55111512312569E-17' F='Height*3.6500483001375E-16'/></Row><Row T='LineTo' IX='2'><Cell N='X' V='0' F='Width*0'/><Cell N='Y' V='0.05416666666666587' F='Height*0.35616438356164'/></Row><Row T='LineTo' IX='3'><Cell N='X' V='0' F='Width*0'/><Cell N='Y' V='0.1520833333333309' F='Height*1'/></Row><Row T='LineTo' IX='4'><Cell N='X' V='0.09375000000000099' F='Width*1'/><Cell N='Y' V='0.09687499999999845' F='Height*0.63698630136986'/></Row><Row T='LineTo' IX='5'><Cell N='X' V='0.09375000000000099' F='Width*1'/><Cell N='Y' V='5.55111512312569E-17' F='Height*3.6500483001375E-16'/></Row></Section></Shape><Shape ID='21' Type='Shape' LineStyle='9' FillStyle='9' TextStyle='9'><Cell N='PinX' V='0.2656250000000028' F='Sheet.18!Width*0.85'/><Cell N='PinY' V='0.3276041666666654' F='Sheet.18!Height*0.61787819253438'/><Cell N='Width' V='0.09375000000000099' F='Sheet.18!Width*0.3'/><Cell N='Height' V='0.1531249999999977' F='Sheet.18!Height*0.28880157170923'/><Cell N='LocPinX' V='0.046875' F='Width*0.5'/><Cell N='LocPinY' V='0.0765625' F='Height*0.5'/><Cell N='Angle' V='0'/><Cell N='FlipX' V='0'/><Cell N='FlipY' V='0'/><Cell N='ResizeMode' V='0'/><Cell N='FillForegnd' V='#2072b8' F='THEMEVAL("FillColor",RGB(32,114,184))'/><Section N='Geometry' IX='0'><Cell N='NoFill' V='0'/><Cell N='NoLine' V='0'/><Cell N='NoShow' V='0'/><Cell N='NoSnap' V='0'/><Cell N='NoQuickDrag' V='0'/><Row T='MoveTo' IX='1'><Cell N='X' V='0.09375000000000099' F='Width*1'/><Cell N='Y' V='0' F='Height*0'/></Row><Row T='LineTo' IX='2'><Cell N='X' V='0' F='Width*0'/><Cell N='Y' V='0.05416666666666587' F='Height*0.35374149659864'/></Row><Row T='LineTo' IX='3'><Cell N='X' V='0' F='Width*0'/><Cell N='Y' V='0.1531249999999977' F='Height*1'/></Row><Row T='LineTo' IX='4'><Cell N='X' V='0.09375000000000099' F='Width*1'/><Cell N='Y' V='0.0989583333333318' F='Height*0.64625850340136'/></Row><Row T='LineTo' IX='5'><Cell N='X' V='0.09375000000000099' F='Width*1'/><Cell N='Y' V='0' F='Height*0'/></Row></Section></Shape><Shape ID='22' Type='Shape' LineStyle='9' FillStyle='9' TextStyle='9'><Cell N='PinX' V='0.04166666666666606' F='Sheet.18!Width*0.13333333333333'/><Cell N='PinY' V='0.3338541666666664' F='Sheet.18!Height*0.62966601178782'/><Cell N='Width' V='0.08333333333333524' F='Sheet.18!Width*0.26666666666667'/><Cell N='Height' V='0.146875000000002' F='Sheet.18!Height*0.2770137524558'/><Cell N='LocPinX' V='0.04166666666666666' F='Width*0.5'/><Cell N='LocPinY' V='0.0734375' F='Height*0.5'/><Cell N='Angle' V='0'/><Cell N='FlipX' V='0'/><Cell N='FlipY' V='0'/><Cell N='ResizeMode' V='0'/><Cell N='FillForegnd' V='#2072b8' F='THEMEVAL("FillColor",RGB(32,114,184))'/><Section N='Geometry' IX='0'><Cell N='NoFill' V='0'/><Cell N='NoLine' V='0'/><Cell N='NoShow' V='0'/><Cell N='NoSnap' V='0'/><Cell N='NoQuickDrag' V='0'/><Row T='MoveTo' IX='1'><Cell N='X' V='0.08333333333333524' F='Width*1'/><Cell N='Y' V='-5.551115123125844E-17' F='Height*-3.7794826370218E-16'/></Row><Row T='LineTo' IX='2'><Cell N='X' V='0' F='Width*0'/><Cell N='Y' V='0.04791666666666725' F='Height*0.32624113475177'/></Row><Row T='LineTo' IX='3'><Cell N='X' V='0' F='Width*0'/><Cell N='Y' V='0.146875000000002' F='Height*1'/></Row><Row T='LineTo' IX='4'><Cell N='X' V='0.08333333333333524' F='Width*1'/><Cell N='Y' V='0.09895833333333472' F='Height*0.67375886524823'/></Row><Row T='LineTo' IX='5'><Cell N='X' V='0.08333333333333524' F='Width*1'/><Cell N='Y' V='-5.551115123125844E-17' F='Height*-3.7794826370218E-16'/></Row></Section></Shape><Shape ID='23' Type='Shape' LineStyle='9' FillStyle='9' TextStyle='9'><Cell N='PinX' V='0.1510416666666672' F='Sheet.18!Width*0.48333333333333'/><Cell N='PinY' V='0.2703125' F='Sheet.18!Height*0.5098231827112'/><Cell N='Width' V='0.09375000000000099' F='Sheet.18!Width*0.3'/><Cell N='Height' V='0.1531249999999977' F='Sheet.18!Height*0.28880157170923'/><Cell N='LocPinX' V='0.046875' F='Width*0.5'/><Cell N='LocPinY' V='0.0765625' F='Height*0.5'/><Cell N='Angle' V='0'/><Cell N='FlipX' V='0'/><Cell N='FlipY' V='0'/><Cell N='ResizeMode' V='0'/><Cell N='FillForegnd' V='#2072b8' F='THEMEVAL("FillColor",RGB(32,114,184))'/><Section N='Geometry' IX='0'><Cell N='NoFill' V='0'/><Cell N='NoLine' V='0'/><Cell N='NoShow' V='0'/><Cell N='NoSnap' V='0'/><Cell N='NoQuickDrag' V='0'/><Row T='MoveTo' IX='1'><Cell N='X' V='0.09375000000000099' F='Width*1'/><Cell N='Y' V='5.551115123125626E-17' F='Height*3.6252180395923E-16'/></Row><Row T='LineTo' IX='2'><Cell N='X' V='0' F='Width*0'/><Cell N='Y' V='0.05416666666666593' F='Height*0.35374149659864'/></Row><Row T='LineTo' IX='3'><Cell N='X' V='0' F='Width*0'/><Cell N='Y' V='0.1531249999999977' F='Height*1'/></Row><Row T='LineTo' IX='4'><Cell N='X' V='0.09375000000000099' F='Width*1'/><Cell N='Y' V='0.0989583333333318' F='Height*0.64625850340136'/></Row><Row T='LineTo' IX='5'><Cell N='X' V='0.09375000000000099' F='Width*1'/><Cell N='Y' V='5.551115123125626E-17' F='Height*3.6252180395923E-16'/></Row></Section></Shape><Shape ID='24' Type='Shape' LineStyle='9' FillStyle='9' TextStyle='9'><Cell N='PinX' V='0.2656250000000028' F='Sheet.18!Width*0.85'/><Cell N='PinY' V='0.2036458333333337' F='Sheet.18!Height*0.38408644400786'/><Cell N='Width' V='0.09375000000000099' F='Sheet.18!Width*0.3'/><Cell N='Height' V='0.1531249999999977' F='Sheet.18!Height*0.28880157170923'/><Cell N='LocPinX' V='0.046875' F='Width*0.5'/><Cell N='LocPinY' V='0.0765625' F='Height*0.5'/><Cell N='Angle' V='0'/><Cell N='FlipX' V='0'/><Cell N='FlipY' V='0'/><Cell N='ResizeMode' V='0'/><Cell N='FillForegnd' V='#2072b8' F='THEMEVAL("FillColor",RGB(32,114,184))'/><Section N='Geometry' IX='0'><Cell N='NoFill' V='0'/><Cell N='NoLine' V='0'/><Cell N='NoShow' V='0'/><Cell N='NoSnap' V='0'/><Cell N='NoQuickDrag' V='0'/><Row T='MoveTo' IX='1'><Cell N='X' V='0.09375000000000099' F='Width*1'/><Cell N='Y' V='0' F='Height*0'/></Row><Row T='LineTo' IX='2'><Cell N='X' V='0' F='Width*0'/><Cell N='Y' V='0.05416666666666588' F='Height*0.35374149659864'/></Row><Row T='LineTo' IX='3'><Cell N='X' V='0' F='Width*0'/><Cell N='Y' V='0.1531249999999977' F='Height*1'/></Row><Row T='LineTo' IX='4'><Cell N='X' V='0.09375000000000099' F='Width*1'/><Cell N='Y' V='0.09895833333333179' F='Height*0.64625850340136'/></Row><Row T='LineTo' IX='5'><Cell N='X' V='0.09375000000000099' F='Width*1'/><Cell N='Y' V='0' F='Height*0'/></Row></Section></Shape><Shape ID='25' Type='Shape' LineStyle='9' FillStyle='9' TextStyle='9'><Cell N='PinX' V='0.04166666666666606' F='Sheet.18!Width*0.13333333333333'/><Cell N='PinY' V='0.2072916666666676' F='Sheet.18!Height*0.3909626719057'/><Cell N='Width' V='0.08333333333333524' F='Sheet.18!Width*0.26666666666667'/><Cell N='Height' V='0.1479166666666688' F='Sheet.18!Height*0.27897838899804'/><Cell N='LocPinX' V='0.04166666666666666' F='Width*0.5'/><Cell N='LocPinY' V='0.07395833333333335' F='Height*0.5'/><Cell N='Angle' V='0'/><Cell N='FlipX' V='0'/><Cell N='FlipY' V='0'/><Cell N='ResizeMode' V='0'/><Cell N='FillForegnd' V='#2072b8' F='THEMEVAL("FillColor",RGB(32,114,184))'/><Section N='Geometry' IX='0'><Cell N='NoFill' V='0'/><Cell N='NoLine' V='0'/><Cell N='NoShow' V='0'/><Cell N='NoSnap' V='0'/><Cell N='NoQuickDrag' V='0'/><Row T='MoveTo' IX='1'><Cell N='X' V='0.08333333333333524' F='Width*1'/><Cell N='Y' V='0' F='Height*0'/></Row><Row T='LineTo' IX='2'><Cell N='X' V='0' F='Width*0'/><Cell N='Y' V='0.04895833333333403' F='Height*0.33098591549296'/></Row><Row T='LineTo' IX='3'><Cell N='X' V='0' F='Width*0'/><Cell N='Y' V='0.1479166666666688' F='Height*1'/></Row><Row T='LineTo' IX='4'><Cell N='X' V='0.08333333333333524' F='Width*1'/><Cell N='Y' V='0.0989583333333348' F='Height*0.66901408450704'/></Row><Row T='LineTo' IX='5'><Cell N='X' V='0.08333333333333524' F='Width*1'/><Cell N='Y' V='0' F='Height*0'/></Row></Section></Shape><Shape ID='26' Type='Shape' LineStyle='9' FillStyle='9' TextStyle='9'><Cell N='PinX' V='0.1510416666666672' F='Sheet.18!Width*0.48333333333333'/><Cell N='PinY' V='0.1437500000000015' F='Sheet.18!Height*0.27111984282908'/><Cell N='Width' V='0.09375000000000099' F='Sheet.18!Width*0.3'/><Cell N='Height' V='0.1541666666666645' F='Sheet.18!Height*0.29076620825147'/><Cell N='LocPinX' V='0.046875' F='Width*0.5'/><Cell N='LocPinY' V='0.07708333333333335' F='Height*0.5'/><Cell N='Angle' V='0'/><Cell N='FlipX' V='0'/><Cell N='FlipY' V='0'/><Cell N='ResizeMode' V='0'/><Cell N='FillForegnd' V='#2072b8' F='THEMEVAL("FillColor",RGB(32,114,184))'/><Section N='Geometry' IX='0'><Cell N='NoFill' V='0'/><Cell N='NoLine' V='0'/><Cell N='NoShow' V='0'/><Cell N='NoSnap' V='0'/><Cell N='NoQuickDrag' V='0'/><Row T='MoveTo' IX='1'><Cell N='X' V='0.09375000000000099' F='Width*1'/><Cell N='Y' V='-8.326672684688521E-17' F='Height*-5.4010849846629E-16'/></Row><Row T='LineTo' IX='2'><Cell N='X' V='0' F='Width*0'/><Cell N='Y' V='0.05520833333333266' F='Height*0.35810810810811'/></Row><Row T='LineTo' IX='3'><Cell N='X' V='0' F='Width*0'/><Cell N='Y' V='0.1541666666666645' F='Height*1'/></Row><Row T='LineTo' IX='4'><Cell N='X' V='0.09375000000000099' F='Width*1'/><Cell N='Y' V='0.098958333333332' F='Height*0.64189189189189'/></Row><Row T='LineTo' IX='5'><Cell N='X' V='0.09375000000000099' F='Width*1'/><Cell N='Y' V='-8.326672684688521E-17' F='Height*-5.4010849846629E-16'/></Row></Section></Shape><Shape ID='27' Type='Shape' LineStyle='9' FillStyle='9' TextStyle='9'><Cell N='PinX' V='0.2656250000000028' F='Sheet.18!Width*0.85'/><Cell N='PinY' V='0.07708333333333491' F='Sheet.18!Height*0.14538310412574'/><Cell N='Width' V='0.09375000000000099' F='Sheet.18!Width*0.3'/><Cell N='Height' V='0.1541666666666645' F='Sheet.18!Height*0.29076620825147'/><Cell N='LocPinX' V='0.046875' F='Width*0.5'/><Cell N='LocPinY' V='0.0770833333333333' F='Height*0.5'/><Cell N='Angle' V='0'/><Cell N='FlipX' V='0'/><Cell N='FlipY' V='0'/><Cell N='ResizeMode' V='0'/><Cell N='FillForegnd' V='#2072b8' F='THEMEVAL("FillColor",RGB(32,114,184))'/><Section N='Geometry' IX='0'><Cell N='NoFill' V='0'/><Cell N='NoLine' V='0'/><Cell N='NoShow' V='0'/><Cell N='NoSnap' V='0'/><Cell N='NoQuickDrag' V='0'/><Row T='MoveTo' IX='1'><Cell N='X' V='0.09375000000000099' F='Width*1'/><Cell N='Y' V='-5.551115123125681E-17' F='Height*-3.6007233231086E-16'/></Row><Row T='LineTo' IX='2'><Cell N='X' V='0' F='Width*0'/><Cell N='Y' V='0.0552083333333325' F='Height*0.35810810810811'/></Row><Row T='LineTo' IX='3'><Cell N='X' V='0' F='Width*0'/><Cell N='Y' V='0.1541666666666645' F='Height*1'/></Row><Row T='LineTo' IX='4'><Cell N='X' V='0.09375000000000099' F='Width*1'/><Cell N='Y' V='0.09895833333333197' F='Height*0.64189189189189'/></Row><Row T='LineTo' IX='5'><Cell N='X' V='0.09375000000000099' F='Width*1'/><Cell N='Y' V='-5.551115123125681E-17' F='Height*-3.6007233231086E-16'/></Row></Section></Shape></Shapes></Shape><Shape ID='28' Type='Group' LineStyle='9' FillStyle='9' TextStyle='9'><Cell N='PinX' V='0.3541666666666666' F='Sheet.6!Width*0.5'/><Cell N='PinY' V='0.5901041666666665' F='Sheet.6!Height*0.73667100130039'/><Cell N='Width' V='0.6062500000000024' F='Sheet.6!Width*0.85588235294118'/><Cell N='Height' V='0.3510416666666649' F='Sheet.6!Height*0.43823146944083'/><Cell N='LocPinX' V='0.303125' F='Width*0.5'/><Cell N='LocPinY' V='0.1755208333333334' F='Height*0.5'/><Cell N='Angle' V='0'/><Cell N='FlipX' V='0'/><Cell N='FlipY' V='0'/><Cell N='ResizeMode' V='0'/><Cell N='QuickStyleVariation' V='4'/><Shapes><Shape ID='29' Type='Shape' LineStyle='9' FillStyle='9' TextStyle='9'><Cell N='PinX' V='0.08645833333333534' F='Sheet.28!Width*0.1426116838488'/><Cell N='PinY' V='0.1755208333333324' F='Sheet.28!Height*0.5'/><Cell N='Width' V='0.1729166666666646' F='Sheet.28!Width*0.28522336769759'/><Cell N='Height' V='0.09895833333333112' F='Sheet.28!Height*0.28189910979228'/><Cell N='LocPinX' V='0.0864583333333333' F='Width*0.5'/><Cell N='LocPinY' V='0.04947916666666669' F='Height*0.5'/><Cell N='Angle' V='0'/><Cell N='FlipX' V='0'/><Cell N='FlipY' V='0'/><Cell N='ResizeMode' V='0'/><Cell N='FillForegnd' V='#2072b8' F='THEMEVAL("FillColor",RGB(32,114,184))'/><Section N='Geometry' IX='0'><Cell N='NoFill' V='0'/><Cell N='NoLine' V='0'/><Cell N='NoShow' V='0'/><Cell N='NoSnap' V='0'/><Cell N='NoQuickDrag' V='0'/><Row T='MoveTo' IX='1'><Cell N='X' V='0' F='Width*0'/><Cell N='Y' V='0.04999999999999893' F='Height*0.50526315789474'/></Row><Row T='LineTo' IX='2'><Cell N='X' V='0.08645833333333231' F='Width*0.5'/><Cell N='Y' V='0.09895833333333112' F='Height*1'/></Row><Row T='LineTo' IX='3'><Cell N='X' V='0.1729166666666646' F='Width*1'/><Cell N='Y' V='0.04999999999999893' F='Height*0.50526315789474'/></Row><Row T='LineTo' IX='4'><Cell N='X' V='0.08645833333333231' F='Width*0.5'/><Cell N='Y' V='0' F='Height*0'/></Row><Row T='LineTo' IX='5'><Cell N='X' V='0' F='Width*0'/><Cell N='Y' V='0.04999999999999893' F='Height*0.50526315789474'/></Row></Section></Shape><Shape ID='30' Type='Shape' LineStyle='9' FillStyle='9' TextStyle='9'><Cell N='PinX' V='0.1947916666666683' F='Sheet.28!Width*0.3213058419244'/><Cell N='PinY' V='0.2385416666666659' F='Sheet.28!Height*0.67952522255193'/><Cell N='Width' V='0.1687500000000022' F='Sheet.28!Width*0.27835051546392'/><Cell N='Height' V='0.09791666666666625' F='Sheet.28!Height*0.27893175074184'/><Cell N='LocPinX' V='0.084375' F='Width*0.5'/><Cell N='LocPinY' V='0.04895833333333333' F='Height*0.5'/><Cell N='Angle' V='0'/><Cell N='FlipX' V='0'/><Cell N='FlipY' V='0'/><Cell N='ResizeMode' V='0'/><Cell N='FillForegnd' V='#2072b8' F='THEMEVAL("FillColor",RGB(32,114,184))'/><Section N='Geometry' IX='0'><Cell N='NoFill' V='0'/><Cell N='NoLine' V='0'/><Cell N='NoShow' V='0'/><Cell N='NoSnap' V='0'/><Cell N='NoQuickDrag' V='0'/><Row T='MoveTo' IX='1'><Cell N='X' V='0' F='Width*0'/><Cell N='Y' V='0.04895833333333313' F='Height*0.5'/></Row><Row T='LineTo' IX='2'><Cell N='X' V='0.0833333333333344' F='Width*0.49382716049383'/><Cell N='Y' V='0.09791666666666625' F='Height*1'/></Row><Row T='LineTo' IX='3'><Cell N='X' V='0.1687500000000022' F='Width*1'/><Cell N='Y' V='0.04895833333333313' F='Height*0.5'/></Row><Row T='LineTo' IX='4'><Cell N='X' V='0.08437500000000107' F='Width*0.5'/><Cell N='Y' V='0' F='Height*0'/></Row><Row T='LineTo' IX='5'><Cell N='X' V='0' F='Width*0'/><Cell N='Y' V='0.04895833333333313' F='Height*0.5'/></Row></Section></Shape><Shape ID='31' Type='Shape' LineStyle='9' FillStyle='9' TextStyle='9'><Cell N='PinX' V='0.3026041666666676' F='Sheet.28!Width*0.49914089347079'/><Cell N='PinY' V='0.3010416666666634' F='Sheet.28!Height*0.85756676557863'/><Cell N='Width' V='0.1718750000000036' F='Sheet.28!Width*0.28350515463918'/><Cell N='Height' V='0.09999999999999949' F='Sheet.28!Height*0.28486646884273'/><Cell N='LocPinX' V='0.0859375' F='Width*0.5'/><Cell N='LocPinY' V='0.05' F='Height*0.5'/><Cell N='Angle' V='0'/><Cell N='FlipX' V='0'/><Cell N='FlipY' V='0'/><Cell N='ResizeMode' V='0'/><Cell N='FillForegnd' V='#2072b8' F='THEMEVAL("FillColor",RGB(32,114,184))'/><Section N='Geometry' IX='0'><Cell N='NoFill' V='0'/><Cell N='NoLine' V='0'/><Cell N='NoShow' V='0'/><Cell N='NoSnap' V='0'/><Cell N='NoQuickDrag' V='0'/><Row T='MoveTo' IX='1'><Cell N='X' V='0' F='Width*0'/><Cell N='Y' V='0.04999999999999968' F='Height*0.5'/></Row><Row T='LineTo' IX='2'><Cell N='X' V='0.08645833333333509' F='Width*0.5030303030303'/><Cell N='Y' V='0.09999999999999949' F='Height*1'/></Row><Row T='LineTo' IX='3'><Cell N='X' V='0.1718750000000036' F='Width*1'/><Cell N='Y' V='0.04999999999999968' F='Height*0.5'/></Row><Row T='LineTo' IX='4'><Cell N='X' V='0.08645833333333509' F='Width*0.5030303030303'/><Cell N='Y' V='-1.110223024625194E-16' F='Height*-1.1102230246252E-15'/></Row><Row T='LineTo' IX='5'><Cell N='X' V='0' F='Width*0'/><Cell N='Y' V='0.04999999999999968' F='Height*0.5'/></Row></Section></Shape><Shape ID='32' Type='Shape' LineStyle='9' FillStyle='9' TextStyle='9'><Cell N='PinX' V='0.1942708333333347' F='Sheet.28!Width*0.32044673539519'/><Cell N='PinY' V='0.112499999999999' F='Sheet.28!Height*0.32047477744807'/><Cell N='Width' V='0.1718750000000036' F='Sheet.28!Width*0.28350515463918'/><Cell N='Height' V='0.09999999999999949' F='Sheet.28!Height*0.28486646884273'/><Cell N='LocPinX' V='0.0859375' F='Width*0.5'/><Cell N='LocPinY' V='0.05' F='Height*0.5'/><Cell N='Angle' V='0'/><Cell N='FlipX' V='0'/><Cell N='FlipY' V='0'/><Cell N='ResizeMode' V='0'/><Cell N='FillForegnd' V='#2072b8' F='THEMEVAL("FillColor",RGB(32,114,184))'/><Section N='Geometry' IX='0'><Cell N='NoFill' V='0'/><Cell N='NoLine' V='0'/><Cell N='NoShow' V='0'/><Cell N='NoSnap' V='0'/><Cell N='NoQuickDrag' V='0'/><Row T='MoveTo' IX='1'><Cell N='X' V='0' F='Width*0'/><Cell N='Y' V='0.0510416666666664' F='Height*0.51041666666667'/></Row><Row T='LineTo' IX='2'><Cell N='X' V='0.08645833333333516' F='Width*0.5030303030303'/><Cell N='Y' V='0.09999999999999949' F='Height*1'/></Row><Row T='LineTo' IX='3'><Cell N='X' V='0.1718750000000036' F='Width*1'/><Cell N='Y' V='0.0510416666666664' F='Height*0.51041666666667'/></Row><Row T='LineTo' IX='4'><Cell N='X' V='0.08541666666666847' F='Width*0.4969696969697'/><Cell N='Y' V='0' F='Height*0'/></Row><Row T='LineTo' IX='5'><Cell N='X' V='0' F='Width*0'/><Cell N='Y' V='0.0510416666666664' F='Height*0.51041666666667'/></Row></Section></Shape><Shape ID='33' Type='Shape' LineStyle='9' FillStyle='9' TextStyle='9'><Cell N='PinX' V='0.3031250000000012' F='Sheet.28!Width*0.5'/><Cell N='PinY' V='0.1755208333333324' F='Sheet.28!Height*0.5'/><Cell N='Width' V='0.1687500000000022' F='Sheet.28!Width*0.27835051546392'/><Cell N='Height' V='0.09895833333333112' F='Sheet.28!Height*0.28189910979228'/><Cell N='LocPinX' V='0.084375' F='Width*0.5'/><Cell N='LocPinY' V='0.04947916666666669' F='Height*0.5'/><Cell N='Angle' V='0'/><Cell N='FlipX' V='0'/><Cell N='FlipY' V='0'/><Cell N='ResizeMode' V='0'/><Cell N='FillForegnd' V='#2072b8' F='THEMEVAL("FillColor",RGB(32,114,184))'/><Section N='Geometry' IX='0'><Cell N='NoFill' V='0'/><Cell N='NoLine' V='0'/><Cell N='NoShow' V='0'/><Cell N='NoSnap' V='0'/><Cell N='NoQuickDrag' V='0'/><Row T='MoveTo' IX='1'><Cell N='X' V='0' F='Width*0'/><Cell N='Y' V='0.04999999999999893' F='Height*0.50526315789474'/></Row><Row T='LineTo' IX='2'><Cell N='X' V='0.08437500000000107' F='Width*0.5'/><Cell N='Y' V='0.09895833333333112' F='Height*1'/></Row><Row T='LineTo' IX='3'><Cell N='X' V='0.1687500000000022' F='Width*1'/><Cell N='Y' V='0.05104166666666551' F='Height*0.51578947368421'/></Row><Row T='LineTo' IX='4'><Cell N='X' V='0.08437500000000107' F='Width*0.5'/><Cell N='Y' V='0' F='Height*0'/></Row><Row T='LineTo' IX='5'><Cell N='X' V='0' F='Width*0'/><Cell N='Y' V='0.04999999999999893' F='Height*0.50526315789474'/></Row></Section></Shape><Shape ID='34' Type='Shape' LineStyle='9' FillStyle='9' TextStyle='9'><Cell N='PinX' V='0.4109375000000006' F='Sheet.28!Width*0.67783505154639'/><Cell N='PinY' V='0.2385416666666659' F='Sheet.28!Height*0.67952522255193'/><Cell N='Width' V='0.1697916666666693' F='Sheet.28!Width*0.28006872852234'/><Cell N='Height' V='0.09791666666666625' F='Sheet.28!Height*0.27893175074184'/><Cell N='LocPinX' V='0.0848958333333333' F='Width*0.5'/><Cell N='LocPinY' V='0.04895833333333333' F='Height*0.5'/><Cell N='Angle' V='0'/><Cell N='FlipX' V='0'/><Cell N='FlipY' V='0'/><Cell N='ResizeMode' V='0'/><Cell N='FillForegnd' V='#2072b8' F='THEMEVAL("FillColor",RGB(32,114,184))'/><Section N='Geometry' IX='0'><Cell N='NoFill' V='0'/><Cell N='NoLine' V='0'/><Cell N='NoShow' V='0'/><Cell N='NoSnap' V='0'/><Cell N='NoQuickDrag' V='0'/><Row T='MoveTo' IX='1'><Cell N='X' V='0' F='Width*0'/><Cell N='Y' V='0.04895833333333313' F='Height*0.5'/></Row><Row T='LineTo' IX='2'><Cell N='X' V='0.08541666666666792' F='Width*0.50306748466258'/><Cell N='Y' V='0.09791666666666625' F='Height*1'/></Row><Row T='LineTo' IX='3'><Cell N='X' V='0.1697916666666693' F='Width*1'/><Cell N='Y' V='0.04999999999999973' F='Height*0.51063829787234'/></Row><Row T='LineTo' IX='4'><Cell N='X' V='0.0843750000000012' F='Width*0.49693251533742'/><Cell N='Y' V='0' F='Height*0'/></Row><Row T='LineTo' IX='5'><Cell N='X' V='0' F='Width*0'/><Cell N='Y' V='0.04895833333333313' F='Height*0.5'/></Row></Section></Shape><Shape ID='35' Type='Shape' LineStyle='9' FillStyle='9' TextStyle='9'><Cell N='PinX' V='0.3015625000000005' F='Sheet.28!Width*0.49742268041237'/><Cell N='PinY' V='0.0500000000000015' F='Sheet.28!Height*0.14243323442137'/><Cell N='Width' V='0.1739583333333317' F='Sheet.28!Width*0.28694158075601'/><Cell N='Height' V='0.09999999999999949' F='Sheet.28!Height*0.28486646884273'/><Cell N='LocPinX' V='0.08697916666666671' F='Width*0.5'/><Cell N='LocPinY' V='0.05' F='Height*0.5'/><Cell N='Angle' V='0'/><Cell N='FlipX' V='0'/><Cell N='FlipY' V='0'/><Cell N='ResizeMode' V='0'/><Cell N='FillForegnd' V='#2072b8' F='THEMEVAL("FillColor",RGB(32,114,184))'/><Section N='Geometry' IX='0'><Cell N='NoFill' V='0'/><Cell N='NoLine' V='0'/><Cell N='NoShow' V='0'/><Cell N='NoSnap' V='0'/><Cell N='NoQuickDrag' V='0'/><Row T='MoveTo' IX='1'><Cell N='X' V='0' F='Width*0'/><Cell N='Y' V='0.0510416666666664' F='Height*0.51041666666667'/></Row><Row T='LineTo' IX='2'><Cell N='X' V='0.08854166666666587' F='Width*0.50898203592814'/><Cell N='Y' V='0.09999999999999949' F='Height*1'/></Row><Row T='LineTo' IX='3'><Cell N='X' V='0.1739583333333317' F='Width*1'/><Cell N='Y' V='0.0510416666666664' F='Height*0.51041666666667'/></Row><Row T='LineTo' IX='4'><Cell N='X' V='0.08854166666666587' F='Width*0.50898203592814'/><Cell N='Y' V='0' F='Height*0'/></Row><Row T='LineTo' IX='5'><Cell N='X' V='0' F='Width*0'/><Cell N='Y' V='0.0510416666666664' F='Height*0.51041666666667'/></Row></Section></Shape><Shape ID='36' Type='Shape' LineStyle='9' FillStyle='9' TextStyle='9'><Cell N='PinX' V='0.4114583333333341' F='Sheet.28!Width*0.6786941580756'/><Cell N='PinY' V='0.1130208333333314' F='Sheet.28!Height*0.32195845697329'/><Cell N='Width' V='0.1708333333333364' F='Sheet.28!Width*0.28178694158076'/><Cell N='Height' V='0.09895833333333112' F='Sheet.28!Height*0.28189910979228'/><Cell N='LocPinX' V='0.08541666666666666' F='Width*0.5'/><Cell N='LocPinY' V='0.04947916666666669' F='Height*0.5'/><Cell N='Angle' V='0'/><Cell N='FlipX' V='0'/><Cell N='FlipY' V='0'/><Cell N='ResizeMode' V='0'/><Cell N='FillForegnd' V='#2072b8' F='THEMEVAL("FillColor",RGB(32,114,184))'/><Section N='Geometry' IX='0'><Cell N='NoFill' V='0'/><Cell N='NoLine' V='0'/><Cell N='NoShow' V='0'/><Cell N='NoSnap' V='0'/><Cell N='NoQuickDrag' V='0'/><Row T='MoveTo' IX='1'><Cell N='X' V='0' F='Width*0'/><Cell N='Y' V='0.04999999999999893' F='Height*0.50526315789474'/></Row><Row T='LineTo' IX='2'><Cell N='X' V='0.08437500000000139' F='Width*0.49390243902439'/><Cell N='Y' V='0.09895833333333112' F='Height*1'/></Row><Row T='LineTo' IX='3'><Cell N='X' V='0.1708333333333364' F='Width*1'/><Cell N='Y' V='0.04895833333333235' F='Height*0.49473684210526'/></Row><Row T='LineTo' IX='4'><Cell N='X' V='0.08645833333333487' F='Width*0.50609756097561'/><Cell N='Y' V='0' F='Height*0'/></Row><Row T='LineTo' IX='5'><Cell N='X' V='0' F='Width*0'/><Cell N='Y' V='0.04999999999999893' F='Height*0.50526315789474'/></Row></Section></Shape><Shape ID='37' Type='Shape' LineStyle='9' FillStyle='9' TextStyle='9'><Cell N='PinX' V='0.5197916666666671' F='Sheet.28!Width*0.8573883161512'/><Cell N='PinY' V='0.1760416666666649' F='Sheet.28!Height*0.50148367952522'/><Cell N='Width' V='0.1729166666666646' F='Sheet.28!Width*0.28522336769759'/><Cell N='Height' V='0.09999999999999949' F='Sheet.28!Height*0.28486646884273'/><Cell N='LocPinX' V='0.0864583333333333' F='Width*0.5'/><Cell N='LocPinY' V='0.05' F='Height*0.5'/><Cell N='Angle' V='0'/><Cell N='FlipX' V='0'/><Cell N='FlipY' V='0'/><Cell N='ResizeMode' V='0'/><Cell N='FillForegnd' V='#2072b8' F='THEMEVAL("FillColor",RGB(32,114,184))'/><Section N='Geometry' IX='0'><Cell N='NoFill' V='0'/><Cell N='NoLine' V='0'/><Cell N='NoShow' V='0'/><Cell N='NoSnap' V='0'/><Cell N='NoQuickDrag' V='0'/><Row T='MoveTo' IX='1'><Cell N='X' V='0' F='Width*0'/><Cell N='Y' V='0.04999999999999968' F='Height*0.5'/></Row><Row T='LineTo' IX='2'><Cell N='X' V='0.0854166666666657' F='Width*0.49397590361446'/><Cell N='Y' V='0.09999999999999949' F='Height*1'/></Row><Row T='LineTo' IX='3'><Cell N='X' V='0.1729166666666646' F='Width*1'/><Cell N='Y' V='0.04999999999999968' F='Height*0.5'/></Row><Row T='LineTo' IX='4'><Cell N='X' V='0.08645833333333231' F='Width*0.5'/><Cell N='Y' V='-1.110223024625194E-16' F='Height*-1.1102230246252E-15'/></Row><Row T='LineTo' IX='5'><Cell N='X' V='0' F='Width*0'/><Cell N='Y' V='0.04999999999999968' F='Height*0.5'/></Row></Section></Shape></Shapes></Shape></Shapes></Shape></Shapes></Shape></Shapes></MasterContents>