<?xml version='1.0' encoding='utf-8' ?>
<MasterContents xmlns='http://schemas.microsoft.com/office/visio/2012/main' xmlns:r='http://schemas.openxmlformats.org/officeDocument/2006/relationships' xml:space='preserve'><Shapes><Shape ID='5' Type='Group' LineStyle='3' FillStyle='3' TextStyle='3'><Cell N='PinX' V='1.99775413026781'/><Cell N='PinY' V='2'/><Cell N='Width' V='1'/><Cell N='Height' V='1'/><Cell N='LocPinX' V='0.5' F='Width*0.5'/><Cell N='LocPinY' V='0.5' F='Height*0.5'/><Cell N='Angle' V='0'/><Cell N='FlipX' V='0'/><Cell N='FlipY' V='0'/><Cell N='ResizeMode' V='0'/><Cell N='TxtPinX' V='0.5' F='Width*0.5'/><Cell N='TxtPinY' V='-0.1388888888888889' F='SETATREF(Controls.visSSTXT.Y)'/><Cell N='TxtWidth' V='0.1111111111111111' F='MIN(TEXTWIDTH(TheText),Width*2.5)'/><Cell N='TxtHeight' V='0.2777777777777778' F='TEXTHEIGHT(TheText,TxtWidth)'/><Cell N='TxtLocPinX' V='0.05555555555555555' F='TxtWidth*0.5'/><Cell N='TxtLocPinY' V='0.1388888888888889' F='TxtHeight*0.5'/><Cell N='TxtAngle' V='0' F='IF(BITXOR(FlipX,FlipY),1,-1)*Angle'/><Cell N='Rounding' V='0'/><Cell N='ShapeShdwShow' V='1'/><Cell N='ObjType' V='1'/><Cell N='LockGroup' V='1'/><Cell N='SelectMode' V='0'/><Cell N='IsSnapTarget' V='0'/><Cell N='EventDblClick' V='0' F='OPENTEXTWIN()'/><Cell N='HelpTopic' V='Vis_PRXY.chm!#60459'/><Cell N='Copyright' V='Copyright (c) 2012 Microsoft Corporation.  All rights reserved.'/><Section N='Property'><Row N='ShapeClass'><Cell N='Value' V='Location' U='STR'/><Cell N='Prompt' V=''/><Cell N='Label' V='ShapeClass'/><Cell N='Format' V=''/><Cell N='SortKey' V=''/><Cell N='Type' V='0'/><Cell N='Invisible' V='1'/><Cell N='Verify' V='0'/><Cell N='DataLinked' V='0'/><Cell N='LangID' V='en-US'/><Cell N='Calendar' V='0'/></Row><Row N='ShapeType'><Cell N='Value' V='Cloud' U='STR'/><Cell N='Prompt' V=''/><Cell N='Label' V='ShapeType'/><Cell N='Format' V=''/><Cell N='SortKey' V=''/><Cell N='Type' V='0'/><Cell N='Invisible' V='1'/><Cell N='Verify' V='0'/><Cell N='DataLinked' V='0'/><Cell N='LangID' V='en-US'/><Cell N='Calendar' V='0'/></Row></Section><Section N='User'><Row N='visVersion'><Cell N='Value' V='15'/><Cell N='Prompt' V=''/></Row><Row N='ShapeClass'><Cell N='Value' V='5'/><Cell N='Prompt' V=''/></Row><Row N='SolSH'><Cell N='Value' V='{BF0433D9-CD73-4EB5-8390-8653BE590246}' U='GUID'/><Cell N='Prompt' V=''/></Row><Row N='visLegendShape'><Cell N='Value' V='2'/><Cell N='Prompt' V=''/></Row></Section><Section N='Control'><Row N='visSSTXT'><Cell N='X' V='0.5' F='Width*0.5'/><Cell N='Y' V='-0.1388888888888889' F='-(IF(MODULUS(Angle,180DEG)=0DEG,TxtHeight/2,IF(MODULUS(Angle,180DEG)=90DEG,TxtWidth/2,MIN(ABS(TxtHeight/2/COS(Angle))+ABS(TAN(Angle)*Width/2),ABS(TxtWidth/2/SIN(Angle))+ABS(Width/2/TAN(Angle)),0.5*(ABS(SIN(Angle))*TxtWidth+ABS(COS(Angle))*TxtHeight)))))'/><Cell N='XDyn' V='0.5' F='Controls.visSSTXT'/><Cell N='YDyn' V='-0.1388888888888889' F='Controls.visSSTXT.Y'/><Cell N='XCon' V='5' F='((Controls.visSSTXT&lt;0)*2)+((Controls.visSSTXT&gt;Width)*4)+IF(OR(HideText,STRSAME(SHAPETEXT(TheText),"")),5,0)'/><Cell N='YCon' V='2' F='((Controls.visSSTXT.Y&lt;0)*2)+((Controls.visSSTXT.Y&gt;Height)*4)'/><Cell N='CanGlue' V='0'/><Cell N='Prompt' V='Reposition Text'/></Row></Section><Section N='Connection'><Row IX='0'><Cell N='X' V='0.5' F='Width*0.5'/><Cell N='Y' V='0.5' F='Height*0.5'/><Cell N='DirX' V='0'/><Cell N='DirY' V='0'/><Cell N='Type' V='0'/><Cell N='AutoGen' V='0'/><Cell N='Prompt' V='' F='No Formula'/></Row></Section><Section N='Character'><Row IX='0'><Cell N='Color' V='#4d1e1a' F='IF(LUM(THEMEVAL("BackgroundColor"))&gt;120,SHADE(THEMEVAL(QuickStyleFillColor),75),THEMEVAL("Light"))'/><Cell N='Size' V='0.1388888888888889' U='PT'/></Row></Section><Shapes><Shape ID='6' Type='Shape' LineStyle='3' FillStyle='3' TextStyle='3'><Cell N='PinX' V='0.5' F='Sheet.5!Width*0.5'/><Cell N='PinY' V='0.5' F='Sheet.5!Height*0.5'/><Cell N='Width' V='1' F='Sheet.5!Width*1'/><Cell N='Height' V='0.5733179341993639' F='Sheet.5!Height*0.57331793419936'/><Cell N='LocPinX' V='0.5' F='Width*0.5'/><Cell N='LocPinY' V='0.286658967099682' F='Height*0.5'/><Cell N='Angle' V='0'/><Cell N='FlipX' V='0'/><Cell N='FlipY' V='0'/><Cell N='ResizeMode' V='0'/><Cell N='ShapeShdwShow' V='1'/><Cell N='FillGradientEnabled' V='0'/><Cell N='ReflectionSize' V='0' F='GUARD(0)'/><Cell N='Rounding' V='0'/><Cell N='Copyright' V='Copyright (c) 2012 Microsoft Corporation.  All rights reserved.'/><Section N='Geometry' IX='0'><Cell N='NoFill' V='0'/><Cell N='NoLine' V='0'/><Cell N='NoShow' V='0'/><Cell N='NoSnap' V='0'/><Cell N='NoQuickDrag' V='0'/><Row T='RelMoveTo' IX='1'><Cell N='X' V='0.8627773632730654'/><Cell N='Y' V='0.7275644453952295'/></Row><Row T='RelCubBezTo' IX='2'><Cell N='X' V='0.7616643329483549'/><Cell N='Y' V='0.8744250722002352'/><Cell N='A' V='0.85740129393608'/><Cell N='B' V='0.8099975041893964'/><Cell N='C' V='0.8144438425608896'/><Cell N='D' V='0.8744250722002352'/></Row><Row T='RelCubBezTo' IX='3'><Cell N='X' V='0.7197391686511789'/><Cell N='Y' V='0.8597176168574179'/><Cell N='A' V='0.7466501773285228'/><Cell N='B' V='0.8744250722002352'/><Cell N='C' V='0.7325661021453175'/><Cell N='D' V='0.8689521160908473'/></Row><Row T='RelCubBezTo' IX='4'><Cell N='X' V='0.5470814893551783'/><Cell N='Y' V='0.9952044781973115'/><Cell N='A' V='0.6949029547940023'/><Cell N='B' V='0.9406888437266017'/><Cell N='C' V='0.6435338968326161'/><Cell N='D' V='1'/></Row><Row T='RelCubBezTo' IX='5'><Cell N='X' V='0.2435993090831042'/><Cell N='Y' V='0.7160658893999359'/><Cell N='A' V='0.4217863676781717'/><Cell N='B' V='0.988982778906835'/><Cell N='C' V='0.2734334277041322'/><Cell N='D' V='0.8906300139052304'/></Row><Row T='RelCubBezTo' IX='6'><Cell N='X' V='0.171175682995881'/><Cell N='Y' V='0.6254323100509859'/><Cell N='A' V='0.2078780879181529'/><Cell N='B' V='0.7041751345955003'/><Cell N='C' V='0.1849020349342301'/><Cell N='D' V='0.6704282097907084'/></Row><Row T='RelCubBezTo' IX='7'><Cell N='X' V='0.1541787185331303'/><Cell N='Y' V='0.627001105287553'/><Cell N='A' V='0.1656258623685367'/><Cell N='B' V='0.6264128070738404'/><Cell N='C' V='0.1599840557639435'/><Cell N='D' V='0.627001105287553'/></Row><Row T='RelCubBezTo' IX='8'><Cell N='X' V='0.004711726167966395'/><Cell N='Y' V='0.3927157984811209'/><Cell N='A' V='0.07166729694095522'/><Cell N='B' V='0.627001105287553'/><Cell N='C' V='0.008309399944808416'/><Cell N='D' V='0.5220166149677328'/></Row><Row T='RelCubBezTo' IX='9'><Cell N='X' V='0.1541787185331303'/><Cell N='Y' V='0.1583591828002996'/><Cell N='A' V='0'/><Cell N='B' V='0.2253716975077549'/><Cell N='C' V='0.07165707627681646'/><Cell N='D' V='0.1583591828002996'/></Row><Row T='RelCubBezTo' IX='10'><Cell N='X' V='0.1883975020696845'/><Cell N='Y' V='0.1647591542767497'/><Cell N='A' V='0.1660040269416707'/><Cell N='B' V='0.1583591828002996'/><Cell N='C' V='0.1773694054639671'/><Cell N='D' V='0.160694548436553'/></Row><Row T='RelCubBezTo' IX='11'><Cell N='X' V='0.2523890802424341'/><Cell N='Y' V='0.1332762862338216'/><Cell N='A' V='0.2055477764945166'/><Cell N='B' V='0.145256177131244'/><Cell N='C' V='0.2279003689659754'/><Cell N='D' V='0.1332762862338216'/></Row><Row T='RelCubBezTo' IX='12'><Cell N='X' V='0.3124763647141791'/><Cell N='Y' V='0.1606410667807607'/><Cell N='A' V='0.2750482926380556'/><Cell N='B' V='0.1332762862338216'/><Cell N='C' V='0.2959086681452561'/><Cell N='D' V='0.1435447641458976'/></Row><Row T='RelCubBezTo' IX='13'><Cell N='X' V='0.4848069827577396'/><Cell N='Y' V='0.007772667308446344'/><Cell N='A' V='0.3442115268650156'/><Cell N='B' V='0.06633508040075561'/><Cell N='C' V='0.4095317913758036'/><Cell N='D' V='-1.9000501009736E-16'/></Row><Row T='RelCubBezTo' IX='14'><Cell N='X' V='0.6396807064523052'/><Cell N='Y' V='0.09074054266053383'/><Cell N='A' V='0.5640682331537904'/><Cell N='B' V='0.01579491567725577'/><Cell N='C' V='0.611614762727282'/><Cell N='D' V='0.04524548080008538'/></Row><Row T='RelCubBezTo' IX='15'><Cell N='X' V='0.6448830244989318'/><Cell N='Y' V='0.09141797696723318'/><Cell N='A' V='0.6414386606841711'/><Cell N='B' V='0.09106143259528622'/><Cell N='C' V='0.6430739669463721'/><Cell N='D' V='0.09106143259528622'/></Row><Row T='RelCubBezTo' IX='16'><Cell N='X' V='0.7849572265205791'/><Cell N='Y' V='0.2172246586087635'/><Cell N='A' V='0.7334655205895277'/><Cell N='B' V='0.1112596712660886'/><Cell N='C' V='0.7724266922864645'/><Cell N='D' V='0.1512817770171494'/></Row><Row T='RelCubBezTo' IX='17'><Cell N='X' V='0.7920197054404593'/><Cell N='Y' V='0.2170107319855952'/><Cell N='A' V='0.7872773172800768'/><Cell N='B' V='0.2171176952971794'/><Cell N='C' V='0.7896689526885454'/><Cell N='D' V='0.2170107319855952'/></Row><Row T='RelCubBezTo' IX='18'><Cell N='X' V='1'/><Cell N='Y' V='0.480586158947481'/><Cell N='A' V='0.9069408530166291'/><Cell N='B' V='0.2170285592041929'/><Cell N='C' V='1'/><Cell N='D' V='0.2755553178593076'/></Row><Row T='RelCubBezTo' IX='19'><Cell N='X' V='0.8627773632730654'/><Cell N='Y' V='0.7275644453952295'/><Cell N='A' V='1'/><Cell N='B' V='0.5945020857845758'/><Cell N='C' V='0.9426007501967478'/><Cell N='D' V='0.6907512389916923'/></Row><Row T='RelLineTo' IX='20'><Cell N='X' V='0.8627773632730654'/><Cell N='Y' V='0.7275644453952295'/></Row></Section></Shape></Shapes></Shape></Shapes></MasterContents>