<?xml version='1.0' encoding='utf-8' ?>
<MasterContents xmlns='http://schemas.microsoft.com/office/visio/2012/main' xmlns:r='http://schemas.openxmlformats.org/officeDocument/2006/relationships' xml:space='preserve'><Shapes><Shape ID='5' Type='Group' LineStyle='18' FillStyle='18' TextStyle='18' UniqueID='{7831E964-E7AA-486A-B9C1-B9912D6ED994}'><Cell N='PinX' V='1'/><Cell N='PinY' V='1'/><Cell N='Width' V='0.1875'/><Cell N='Height' V='0.5'/><Cell N='LocPinX' V='0.09375' F='Width*0.5'/><Cell N='LocPinY' V='0.25' F='Height*0.5'/><Cell N='Angle' V='0'/><Cell N='FlipX' V='0'/><Cell N='FlipY' V='0'/><Cell N='ResizeMode' V='0'/><Cell N='EventDblClick' V='0' F='OPENTEXTWIN()'/><Cell N='ShdwPattern' V='0' F='GUARD(0)'/><Cell N='HelpTopic' V='Vis_PEA.chm!#48101'/><Cell N='Copyright' V='Copyright (c) 2012 Microsoft Corporation.  All rights reserved.'/><Cell N='LockAspect' V='1'/><Cell N='LockGroup' V='1'/><Cell N='LockThemeEffects' V='1'/><Cell N='LayerMember' V='0'/><Cell N='ObjType' V='8'/><Cell N='IsDropSource' V='1'/><Cell N='IsSnapTarget' V='0'/><Cell N='IsTextEditTarget' V='0'/><Cell N='DontMoveChildren' V='1'/><Cell N='EffectSchemeIndex' V='0'/><Cell N='QuickStyleVariation' V='4'/><Section N='Control'><Row N='Row_1'><Cell N='X' V='0.09375' F='Width*0.5'/><Cell N='Y' V='0' F='Height*0'/><Cell N='XDyn' V='0.09375' F='Width/2'/><Cell N='YDyn' V='0.25' F='Height/2'/><Cell N='XCon' V='3' F='4-2*Scratch.A1'/><Cell N='YCon' V='2' F='4-2*Scratch.B1'/><Cell N='CanGlue' V='0'/><Cell N='Prompt' V='Reposition Text'/></Row></Section><Section N='Connection'><Row IX='0'><Cell N='X' V='0.09375' F='Width/2'/><Cell N='Y' V='0.25' F='Height/2'/><Cell N='DirX' V='0' F='No Formula'/><Cell N='DirY' V='0' F='No Formula'/><Cell N='Type' V='0' F='No Formula'/><Cell N='AutoGen' V='0' F='No Formula'/><Cell N='Prompt' V='' F='No Formula'/></Row><Row IX='1'><Cell N='X' V='0.21875' F='Width*1.1666666666667'/><Cell N='Y' V='0.28125' F='Height*0.5625'/><Cell N='DirX' V='0' F='No Formula'/><Cell N='DirY' V='0' F='No Formula'/><Cell N='Type' V='0' F='No Formula'/><Cell N='AutoGen' V='0' F='No Formula'/><Cell N='Prompt' V='' F='No Formula'/></Row><Row IX='2'><Cell N='X' V='0' F='Width*0'/><Cell N='Y' V='0.28125' F='Height*0.5625'/><Cell N='DirX' V='0' F='No Formula'/><Cell N='DirY' V='0' F='No Formula'/><Cell N='Type' V='0' F='No Formula'/><Cell N='AutoGen' V='0' F='No Formula'/><Cell N='Prompt' V='' F='No Formula'/></Row><Row IX='3'><Cell N='X' V='0.125' F='Width*0.66666666666667'/><Cell N='Y' V='1.110223024625157E-16' F='Height*2.2204460492503E-16'/><Cell N='DirX' V='0' F='No Formula'/><Cell N='DirY' V='0' F='No Formula'/><Cell N='Type' V='0' F='No Formula'/><Cell N='AutoGen' V='0' F='No Formula'/><Cell N='Prompt' V='' F='No Formula'/></Row><Row IX='4'><Cell N='X' V='0.125' F='Width*0.66666666666667'/><Cell N='Y' V='0.53125' F='Height*1.0625'/><Cell N='DirX' V='0' F='No Formula'/><Cell N='DirY' V='0' F='No Formula'/><Cell N='Type' V='0' F='No Formula'/><Cell N='AutoGen' V='0' F='No Formula'/><Cell N='Prompt' V='' F='No Formula'/></Row></Section><Section N='Scratch'><Row IX='0'><Cell N='X' V='0' F='No Formula'/><Cell N='Y' V='0' F='No Formula'/><Cell N='A' V='0.5' F='IF(Controls.Row_1&lt;=0,1,IF(Controls.Row_1&gt;=Width,0,0.5))'/><Cell N='B' V='1' F='IF(Controls.Row_1.Y&lt;=0,1,IF(Controls.Row_1.Y&gt;=Height,0,0.5))'/><Cell N='C' V='0' F='No Formula'/><Cell N='D' V='0' F='No Formula'/></Row></Section><Section N='Property'><Row N='Manufacturer'><Cell N='Value' V='' U='STR'/><Cell N='Prompt' V='' F='No Formula'/><Cell N='Label' V='Manufacturer'/><Cell N='Format' V='' F='No Formula'/><Cell N='SortKey' V='1' F='1'/><Cell N='Type' V='0'/><Cell N='Invisible' V='0'/><Cell N='Verify' V='0'/><Cell N='DataLinked' V='0' F='No Formula'/><Cell N='LangID' V='en-US'/><Cell N='Calendar' V='0' F='No Formula'/></Row><Row N='ProductNumber'><Cell N='Value' V='' U='STR'/><Cell N='Prompt' V='' F='No Formula'/><Cell N='Label' V='Product Number'/><Cell N='Format' V='' F='No Formula'/><Cell N='SortKey' V='1' F='1'/><Cell N='Type' V='0'/><Cell N='Invisible' V='0'/><Cell N='Verify' V='0'/><Cell N='DataLinked' V='0' F='No Formula'/><Cell N='LangID' V='en-US'/><Cell N='Calendar' V='0' F='No Formula'/></Row><Row N='PartNumber'><Cell N='Value' V='' U='STR'/><Cell N='Prompt' V='' F='No Formula'/><Cell N='Label' V='Part Number'/><Cell N='Format' V='' F='No Formula'/><Cell N='SortKey' V='1' F='1'/><Cell N='Type' V='0'/><Cell N='Invisible' V='0'/><Cell N='Verify' V='0'/><Cell N='DataLinked' V='0' F='No Formula'/><Cell N='LangID' V='en-US'/><Cell N='Calendar' V='0' F='No Formula'/></Row><Row N='ProductDescription'><Cell N='Value' V='' U='STR'/><Cell N='Prompt' V='' F='No Formula'/><Cell N='Label' V='Product Description'/><Cell N='Format' V='' F='No Formula'/><Cell N='SortKey' V='1' F='1'/><Cell N='Type' V='0'/><Cell N='Invisible' V='0'/><Cell N='Verify' V='0'/><Cell N='DataLinked' V='0' F='No Formula'/><Cell N='LangID' V='en-US'/><Cell N='Calendar' V='0' F='No Formula'/></Row><Row N='AssetNumber'><Cell N='Value' V='' U='STR'/><Cell N='Prompt' V='' F='No Formula'/><Cell N='Label' V='Asset Number'/><Cell N='Format' V='' F='No Formula'/><Cell N='SortKey' V='1' F='1'/><Cell N='Type' V='0'/><Cell N='Invisible' V='0'/><Cell N='Verify' V='0'/><Cell N='DataLinked' V='0' F='No Formula'/><Cell N='LangID' V='en-US'/><Cell N='Calendar' V='0' F='No Formula'/></Row><Row N='SerialNumber'><Cell N='Value' V='' U='STR'/><Cell N='Prompt' V='' F='No Formula'/><Cell N='Label' V='Serial Number'/><Cell N='Format' V='' F='No Formula'/><Cell N='SortKey' V='1' F='1'/><Cell N='Type' V='0'/><Cell N='Invisible' V='0'/><Cell N='Verify' V='0'/><Cell N='DataLinked' V='0' F='No Formula'/><Cell N='LangID' V='en-US'/><Cell N='Calendar' V='0' F='No Formula'/></Row><Row N='Location'><Cell N='Value' V='' U='STR'/><Cell N='Prompt' V='' F='No Formula'/><Cell N='Label' V='Location'/><Cell N='Format' V='' F='No Formula'/><Cell N='SortKey' V='1' F='1'/><Cell N='Type' V='0'/><Cell N='Invisible' V='0'/><Cell N='Verify' V='0'/><Cell N='DataLinked' V='0' F='No Formula'/><Cell N='LangID' V='en-US'/><Cell N='Calendar' V='0' F='No Formula'/></Row><Row N='Building'><Cell N='Value' V='' U='STR'/><Cell N='Prompt' V='' F='No Formula'/><Cell N='Label' V='Building'/><Cell N='Format' V='' F='No Formula'/><Cell N='SortKey' V='1' F='1'/><Cell N='Type' V='0'/><Cell N='Invisible' V='0'/><Cell N='Verify' V='0'/><Cell N='DataLinked' V='0' F='No Formula'/><Cell N='LangID' V='en-US'/><Cell N='Calendar' V='0' F='No Formula'/></Row><Row N='Room'><Cell N='Value' V='' U='STR'/><Cell N='Prompt' V='' F='No Formula'/><Cell N='Label' V='Room'/><Cell N='Format' V='' F='No Formula'/><Cell N='SortKey' V='1' F='1'/><Cell N='Type' V='0'/><Cell N='Invisible' V='0'/><Cell N='Verify' V='0'/><Cell N='DataLinked' V='0' F='No Formula'/><Cell N='LangID' V='en-US'/><Cell N='Calendar' V='0' F='No Formula'/></Row><Row N='Department'><Cell N='Value' V='' U='STR'/><Cell N='Prompt' V='' F='No Formula'/><Cell N='Label' V='Department'/><Cell N='Format' V='' F='No Formula'/><Cell N='SortKey' V='1' F='1'/><Cell N='Type' V='0'/><Cell N='Invisible' V='0'/><Cell N='Verify' V='0'/><Cell N='DataLinked' V='0' F='No Formula'/><Cell N='LangID' V='en-US'/><Cell N='Calendar' V='0' F='No Formula'/></Row></Section><Section N='Actions'><Row N='Row_1'><Cell N='Menu' V='%P&amp;roperties'/><Cell N='Action' V='0' F='DOCMD(1312)'/><Cell N='Checked' V='0' F='No Formula'/><Cell N='Disabled' V='0' F='No Formula'/><Cell N='ReadOnly' V='0' F='No Formula'/><Cell N='Invisible' V='0' F='No Formula'/><Cell N='BeginGroup' V='0' F='No Formula'/><Cell N='FlyoutChild' V='0' F='No Formula'/><Cell N='TagName' V='' F='No Formula'/><Cell N='ButtonFace' V='' F='No Formula'/><Cell N='SortKey' V='' F='No Formula'/></Row></Section><Section N='User'><Row N='visVersion'><Cell N='Value' V='15'/><Cell N='Prompt' V='' F='No Formula'/></Row></Section><Shapes><Shape ID='7' Type='Shape' LineStyle='19' FillStyle='19' TextStyle='19'><Cell N='PinX' V='0.212890625' F='Sheet.5!Width*1.1354166666667'/><Cell N='PinY' V='0.0390625' F='Sheet.5!Height*0.078125'/><Cell N='Width' V='0.06640625' F='Sheet.5!Width*0.35416666666667'/><Cell N='Height' V='0.078125' F='Sheet.5!Height*0.15625'/><Cell N='LocPinX' V='0.033203125' F='Width*0.5'/><Cell N='LocPinY' V='0.0390625' F='Height*0.5'/><Cell N='Angle' V='0'/><Cell N='FlipX' V='0' F='GUARD(0)'/><Cell N='FlipY' V='0' F='GUARD(0)'/><Cell N='ResizeMode' V='0'/><Cell N='LinePattern' V='0' F='THEMEVAL("LinePattern",0)'/><Cell N='ShdwPattern' V='0' F='GUARD(0)'/><Cell N='Copyright' V='Copyright (c) 2012 Microsoft Corporation.  All rights reserved.'/><Cell N='LockWidth' V='1'/><Cell N='LockHeight' V='1'/><Cell N='LockDelete' V='1' F='NOT(ISERROR(Sheet.5!Width))'/><Cell N='LockRotate' V='1'/><Cell N='LayerMember' V='0'/><Cell N='DontMoveChildren' V='1'/><Cell N='QuickStyleVariation' V='2'/><Section N='Geometry' IX='0'><Cell N='NoFill' V='0'/><Cell N='NoLine' V='0'/><Cell N='NoShow' V='0'/><Cell N='NoSnap' V='0' F='No Formula'/><Cell N='NoQuickDrag' V='0' F='No Formula'/><Row T='MoveTo' IX='1'><Cell N='X' V='0' F='Width*0'/><Cell N='Y' V='0' F='Height*0'/></Row><Row T='LineTo' IX='2'><Cell N='X' V='0.06640625' F='Width*1'/><Cell N='Y' V='0.06640625' F='Height*0.85'/></Row><Row T='LineTo' IX='3'><Cell N='X' V='0.06640625' F='Width*1'/><Cell N='Y' V='0.078125' F='Height*1'/></Row><Row T='LineTo' IX='4'><Cell N='X' V='0' F='Width*0'/><Cell N='Y' V='0.01171875' F='Height*0.15'/></Row><Row T='LineTo' IX='5'><Cell N='X' V='0' F='Geometry1.X1'/><Cell N='Y' V='0' F='Geometry1.Y1'/></Row></Section></Shape><Shape ID='11' Type='Shape' LineStyle='21' FillStyle='21' TextStyle='21'><Cell N='PinX' V='0.125' F='Sheet.5!Width*0.66666666666667'/><Cell N='PinY' V='0.53125' F='Sheet.5!Height*1.0625'/><Cell N='Width' V='0.25' F='Sheet.5!Width*1.3333333333333'/><Cell N='Height' V='0.06250000000000022' F='Sheet.5!Height*0.125'/><Cell N='LocPinX' V='0.125' F='Width*0.5'/><Cell N='LocPinY' V='0.03125000000000011' F='Height*0.5'/><Cell N='Angle' V='0'/><Cell N='FlipX' V='0' F='GUARD(0)'/><Cell N='FlipY' V='0' F='GUARD(0)'/><Cell N='ResizeMode' V='0'/><Cell N='LinePattern' V='0' F='THEMEVAL("LinePattern",0)'/><Cell N='ShdwPattern' V='0' F='GUARD(0)'/><Cell N='Copyright' V='Copyright (c) 2012 Microsoft Corporation.  All rights reserved.'/><Cell N='LockWidth' V='1'/><Cell N='LockHeight' V='1'/><Cell N='LockDelete' V='1' F='NOT(ISERROR(Sheet.5!Width))'/><Cell N='LockRotate' V='1'/><Cell N='LayerMember' V='0'/><Cell N='DontMoveChildren' V='1'/><Cell N='QuickStyleVariation' V='2'/><Section N='Geometry' IX='0'><Cell N='NoFill' V='0'/><Cell N='NoLine' V='0'/><Cell N='NoShow' V='0'/><Cell N='NoSnap' V='0' F='No Formula'/><Cell N='NoQuickDrag' V='0' F='No Formula'/><Row T='MoveTo' IX='1'><Cell N='X' V='0' F='Width*0'/><Cell N='Y' V='0' F='Height*0'/></Row><Row T='LineTo' IX='2'><Cell N='X' V='0.0625' F='Width*0.25'/><Cell N='Y' V='0.06250000000000022' F='Height*1'/></Row><Row T='LineTo' IX='3'><Cell N='X' V='0.25' F='Width*1'/><Cell N='Y' V='0.06250000000000022' F='Height*1'/></Row><Row T='LineTo' IX='4'><Cell N='X' V='0.1875' F='Width*0.75'/><Cell N='Y' V='0' F='Height*0'/></Row><Row T='LineTo' IX='5'><Cell N='X' V='0' F='Geometry1.X1'/><Cell N='Y' V='0' F='Geometry1.Y1'/></Row></Section></Shape><Shape ID='12' Type='Shape' LineStyle='19' FillStyle='19' TextStyle='19'><Cell N='PinX' V='0.21875' F='Sheet.5!Width*1.1666666666667'/><Cell N='PinY' V='0.287109375' F='Sheet.5!Height*0.57421875'/><Cell N='Width' V='0.06250000000000006' F='Sheet.5!Width*0.33333333333333'/><Cell N='Height' V='0.5507812500000007' F='Sheet.5!Height*1.1015625'/><Cell N='LocPinX' V='0.03125' F='Width*0.5'/><Cell N='LocPinY' V='0.275390625' F='Height*0.5'/><Cell N='Angle' V='0'/><Cell N='FlipX' V='0' F='GUARD(0)'/><Cell N='FlipY' V='0' F='GUARD(0)'/><Cell N='ResizeMode' V='0'/><Cell N='LinePattern' V='0' F='THEMEVAL("LinePattern",0)'/><Cell N='ShdwPattern' V='0' F='THEMEVAL("ShadowPattern",0)'/><Cell N='Copyright' V='Copyright (c) 2012 Microsoft Corporation.  All rights reserved.'/><Cell N='LockWidth' V='1'/><Cell N='LockHeight' V='1'/><Cell N='LockDelete' V='1' F='NOT(ISERROR(Sheet.5!Width))'/><Cell N='LockRotate' V='1'/><Cell N='LayerMember' V='0'/><Cell N='DontMoveChildren' V='1'/><Cell N='QuickStyleVariation' V='2'/><Section N='Geometry' IX='0'><Cell N='NoFill' V='0'/><Cell N='NoLine' V='0'/><Cell N='NoShow' V='0'/><Cell N='NoSnap' V='0' F='No Formula'/><Cell N='NoQuickDrag' V='0' F='No Formula'/><Row T='MoveTo' IX='1'><Cell N='X' V='0' F='Width*0'/><Cell N='Y' V='0.48828125' F='Height*0.88652482269504'/></Row><Row T='LineTo' IX='2'><Cell N='X' V='0.06250000000000006' F='Width*1'/><Cell N='Y' V='0.5507812500000007' F='Height*1'/></Row><Row T='LineTo' IX='3'><Cell N='X' V='0.06250000000000006' F='Width*1'/><Cell N='Y' V='0.0625' F='Height*0.11347517730496'/></Row><Row T='LineTo' IX='4'><Cell N='X' V='0' F='Width*0'/><Cell N='Y' V='0' F='Height*0'/></Row><Row T='LineTo' IX='5'><Cell N='X' V='0' F='Geometry1.X1'/><Cell N='Y' V='0.48828125' F='Geometry1.Y1'/></Row></Section></Shape><Shape ID='9' Type='Shape' LineStyle='20' FillStyle='20' TextStyle='20'><Cell N='PinX' V='0.09374999999999983' F='Sheet.5!Width*0.5'/><Cell N='PinY' V='0.2558593748931455' F='Sheet.5!Height*0.51171874978629'/><Cell N='Width' V='0.1875' F='Sheet.5!Width*1'/><Cell N='Height' V='0.4882812502137082' F='Sheet.5!Height*0.97656250042742'/><Cell N='LocPinX' V='0.09375000000000006' F='Width*0.5'/><Cell N='LocPinY' V='0.2441406251068541' F='Height*0.5'/><Cell N='Angle' V='0'/><Cell N='FlipX' V='0' F='GUARD(0)'/><Cell N='FlipY' V='0' F='GUARD(0)'/><Cell N='ResizeMode' V='0'/><Cell N='ShdwPattern' V='0' F='GUARD(0)'/><Cell N='Copyright' V='Copyright (c) 2012 Microsoft Corporation.  All rights reserved.'/><Cell N='LockWidth' V='1'/><Cell N='LockHeight' V='1'/><Cell N='LockDelete' V='1' F='NOT(ISERROR(Sheet.5!Width))'/><Cell N='LockRotate' V='1'/><Cell N='LayerMember' V='0'/><Cell N='DontMoveChildren' V='1'/><Section N='Geometry' IX='0'><Cell N='NoFill' V='0'/><Cell N='NoLine' V='0'/><Cell N='NoShow' V='0'/><Cell N='NoSnap' V='0' F='No Formula'/><Cell N='NoQuickDrag' V='0' F='No Formula'/><Row T='MoveTo' IX='1'><Cell N='X' V='0' F='Width*0'/><Cell N='Y' V='0.4882812502137082' F='Height*1'/></Row><Row T='LineTo' IX='2'><Cell N='X' V='0.1875' F='Width*1'/><Cell N='Y' V='0.4882812502137082' F='Height*1'/></Row><Row T='LineTo' IX='3'><Cell N='X' V='0.1875' F='Width*1'/><Cell N='Y' V='0' F='Height*0'/></Row><Row T='LineTo' IX='4'><Cell N='X' V='0' F='Width*0'/><Cell N='Y' V='0' F='Height*0'/></Row><Row T='LineTo' IX='5'><Cell N='X' V='0' F='Geometry1.X1'/><Cell N='Y' V='0.4882812502137082' F='Geometry1.Y1'/></Row></Section><Text/></Shape><Shape ID='15' Type='Shape' LineStyle='21' FillStyle='21' TextStyle='21'><Cell N='PinX' V='0.09374999993286029' F='Sheet.5!Width*0.49999999964192'/><Cell N='PinY' V='0.328125' F='Sheet.5!Height*0.65625'/><Cell N='Width' V='0.140625' F='Sheet.5!Width*0.75'/><Cell N='Height' V='0.296875' F='Sheet.5!Height*0.59375'/><Cell N='LocPinX' V='0.0703125' F='Width*0.5'/><Cell N='LocPinY' V='0.1484375' F='Height*0.5'/><Cell N='Angle' V='0'/><Cell N='FlipX' V='0' F='GUARD(0)'/><Cell N='FlipY' V='0' F='GUARD(0)'/><Cell N='ResizeMode' V='0'/><Cell N='FillBkgnd' V='14' F='THEMEVAL("FillColor2",14)'/><Cell N='FillPattern' V='34' F='THEMEVAL("FillPattern",34)'/><Cell N='ShdwPattern' V='0' F='GUARD(0)'/><Cell N='Copyright' V='Copyright (c) 2012 Microsoft Corporation.  All rights reserved.'/><Cell N='LockWidth' V='1'/><Cell N='LockHeight' V='1'/><Cell N='LockDelete' V='1' F='NOT(ISERROR(Sheet.5!Width))'/><Cell N='LockRotate' V='1'/><Cell N='LayerMember' V='0'/><Cell N='DontMoveChildren' V='1'/><Cell N='FillGradientDir' V='8' F='THEMEVAL("FillGradientDir",8)'/><Cell N='FillGradientEnabled' V='1' F='THEMEVAL("FillGradientEnabled",TRUE)'/><Cell N='UseGroupGradient' V='0' F='THEMEVAL("UseGroupGradient",FALSE)'/><Section N='FillGradient'><Row IX='0'><Cell N='GradientStopColor' V='15' F='THEMEVAL("FillStop1Color",15)'/><Cell N='GradientStopColorTrans' V='0' F='THEMEVAL("FillStop1Transparency",0%)'/><Cell N='GradientStopPosition' V='0' F='THEMEVAL("FillStop1Position",0%)'/></Row><Row IX='1'><Cell N='GradientStopColor' V='14' F='THEMEVAL("FillStop2Color",14)'/><Cell N='GradientStopColorTrans' V='0' F='THEMEVAL("FillStop2Transparency",0%)'/><Cell N='GradientStopPosition' V='1' F='THEMEVAL("FillStop2Position",100%)'/></Row><Row IX='2' Del='1'/><Row IX='3' Del='1'/><Row IX='4' Del='1'/><Row IX='5' Del='1'/><Row IX='6' Del='1'/><Row IX='7' Del='1'/><Row IX='8' Del='1'/><Row IX='9' Del='1'/></Section><Section N='Geometry' IX='0'><Cell N='NoFill' V='0'/><Cell N='NoLine' V='0'/><Cell N='NoShow' V='0'/><Cell N='NoSnap' V='0' F='No Formula'/><Cell N='NoQuickDrag' V='0' F='No Formula'/><Row T='MoveTo' IX='1'><Cell N='X' V='0' F='Width*0'/><Cell N='Y' V='0.296875' F='Height*1'/></Row><Row T='LineTo' IX='2'><Cell N='X' V='0.140625' F='Width*1'/><Cell N='Y' V='0.296875' F='Height*1'/></Row><Row T='LineTo' IX='3'><Cell N='X' V='0.140625' F='Width*1'/><Cell N='Y' V='0' F='Height*0'/></Row><Row T='LineTo' IX='4'><Cell N='X' V='0' F='Width*0'/><Cell N='Y' V='0' F='Height*0'/></Row><Row T='LineTo' IX='5'><Cell N='X' V='0' F='Geometry1.X1'/><Cell N='Y' V='0.296875' F='Geometry1.Y1'/></Row></Section></Shape><Shape ID='52' Type='Shape' LineStyle='20' FillStyle='20' TextStyle='20'><Cell N='PinX' V='0.09374999993247235' F='Sheet.5!Width*0.49999999963985'/><Cell N='PinY' V='0.3334651619824992' F='Sheet.5!Height*0.666930323965'/><Cell N='Width' V='0.1069623154274186' F='Sheet.5!Width*0.57046568227957'/><Cell N='Height' V='0.2549446760350017' F='Sheet.5!Height*0.50988935207'/><Cell N='LocPinX' V='0.05348115771370931' F='Width*0.5'/><Cell N='LocPinY' V='0.1274723380175008' F='Height*0.5'/><Cell N='Angle' V='0'/><Cell N='FlipX' V='0' F='GUARD(0)'/><Cell N='FlipY' V='0' F='GUARD(0)'/><Cell N='ResizeMode' V='0'/><Cell N='LineWeight' V='0.001666666666666667' U='PT' F='THEMEVAL("LineWeight",0.12PT)'/><Cell N='ShdwPattern' V='0' F='GUARD(0)'/><Cell N='Copyright' V='Copyright (c) 2012 Microsoft Corporation.  All rights reserved.'/><Cell N='LockWidth' V='1'/><Cell N='LockHeight' V='1'/><Cell N='LockDelete' V='1' F='NOT(ISERROR(Sheet.5!Width))'/><Cell N='LockRotate' V='1'/><Cell N='LayerMember' V='0'/><Cell N='DontMoveChildren' V='1'/><Section N='Geometry' IX='0'><Cell N='NoFill' V='0'/><Cell N='NoLine' V='0'/><Cell N='NoShow' V='0'/><Cell N='NoSnap' V='0' F='No Formula'/><Cell N='NoQuickDrag' V='0' F='No Formula'/><Row T='MoveTo' IX='1'><Cell N='X' V='0' F='Width*0'/><Cell N='Y' V='0.02551435207000324' F='Height*0.1000779952216'/></Row><Row T='LineTo' IX='2'><Cell N='X' V='0.1069623154274186' F='Width*1'/><Cell N='Y' V='0.02551435207000324' F='Height*0.1000779952216'/></Row><Row T='LineTo' IX='3'><Cell N='X' V='0.1069623154274186' F='Width*1'/><Cell N='Y' V='0' F='Height*0'/></Row><Row T='LineTo' IX='4'><Cell N='X' V='0' F='Width*0'/><Cell N='Y' V='0' F='Height*0'/></Row><Row T='LineTo' IX='5'><Cell N='X' V='0' F='Width*0'/><Cell N='Y' V='0.02551435207000324' F='Height*0.1000779952216'/></Row></Section><Section N='Geometry' IX='1'><Cell N='NoFill' V='0'/><Cell N='NoLine' V='0'/><Cell N='NoShow' V='0'/><Cell N='NoSnap' V='0' F='No Formula'/><Cell N='NoQuickDrag' V='0' F='No Formula'/><Row T='MoveTo' IX='1'><Cell N='X' V='0' F='Width*0'/><Cell N='Y' V='0.06457685207000324' F='Height*0.25329751173599'/></Row><Row T='LineTo' IX='2'><Cell N='X' V='0.1069623154194146' F='Width*0.99999999992517'/><Cell N='Y' V='0.06457685207000324' F='Height*0.25329751173599'/></Row><Row T='LineTo' IX='3'><Cell N='X' V='0.1069623154194146' F='Width*0.99999999992517'/><Cell N='Y' V='0.0390625' F='Height*0.15321951651439'/></Row><Row T='LineTo' IX='4'><Cell N='X' V='0' F='Width*0'/><Cell N='Y' V='0.03906250000000006' F='Height*0.15321951651439'/></Row><Row T='LineTo' IX='5'><Cell N='X' V='0' F='Width*0'/><Cell N='Y' V='0.06457685207000324' F='Height*0.25329751173599'/></Row></Section><Section N='Geometry' IX='2'><Cell N='NoFill' V='0'/><Cell N='NoLine' V='0'/><Cell N='NoShow' V='0'/><Cell N='NoSnap' V='0' F='No Formula'/><Cell N='NoQuickDrag' V='0' F='No Formula'/><Row T='MoveTo' IX='1'><Cell N='X' V='0' F='Width*0'/><Cell N='Y' V='0.1036393520700032' F='Height*0.40651702825037'/></Row><Row T='LineTo' IX='2'><Cell N='X' V='0.1069623154114106' F='Width*0.99999999985034'/><Cell N='Y' V='0.1036393520700032' F='Height*0.40651702825037'/></Row><Row T='LineTo' IX='3'><Cell N='X' V='0.1069623154114106' F='Width*0.99999999985034'/><Cell N='Y' V='0.078125' F='Height*0.30643903302877'/></Row><Row T='LineTo' IX='4'><Cell N='X' V='0' F='Width*0'/><Cell N='Y' V='0.078125' F='Height*0.30643903302877'/></Row><Row T='LineTo' IX='5'><Cell N='X' V='0' F='Width*0'/><Cell N='Y' V='0.1036393520700032' F='Height*0.40651702825037'/></Row></Section><Section N='Geometry' IX='3'><Cell N='NoFill' V='0'/><Cell N='NoLine' V='0'/><Cell N='NoShow' V='0'/><Cell N='NoSnap' V='0' F='No Formula'/><Cell N='NoQuickDrag' V='0' F='No Formula'/><Row T='MoveTo' IX='1'><Cell N='X' V='0' F='Width*0'/><Cell N='Y' V='0.1427018520700032' F='Height*0.55973654476476'/></Row><Row T='LineTo' IX='2'><Cell N='X' V='0.1069623154034065' F='Width*0.99999999977551'/><Cell N='Y' V='0.1427018520700032' F='Height*0.55973654476476'/></Row><Row T='LineTo' IX='3'><Cell N='X' V='0.1069623154034065' F='Width*0.99999999977551'/><Cell N='Y' V='0.1171875' F='Height*0.45965854954316'/></Row><Row T='LineTo' IX='4'><Cell N='X' V='0' F='Width*0'/><Cell N='Y' V='0.1171875' F='Height*0.45965854954316'/></Row><Row T='LineTo' IX='5'><Cell N='X' V='0' F='Width*0'/><Cell N='Y' V='0.1427018520700032' F='Height*0.55973654476476'/></Row></Section><Section N='Geometry' IX='4'><Cell N='NoFill' V='0'/><Cell N='NoLine' V='0'/><Cell N='NoShow' V='0'/><Cell N='NoSnap' V='0' F='No Formula'/><Cell N='NoQuickDrag' V='0' F='No Formula'/><Row T='MoveTo' IX='1'><Cell N='X' V='0' F='Width*0'/><Cell N='Y' V='0.1983040510350017' F='Height*0.77783170105414'/></Row><Row T='LineTo' IX='2'><Cell N='X' V='0.1069623153938017' F='Width*0.99999999968571'/><Cell N='Y' V='0.1983040510350017' F='Height*0.77783170105414'/></Row><Row T='LineTo' IX='3'><Cell N='X' V='0.1069623153938017' F='Width*0.99999999968571'/><Cell N='Y' V='0.1553353010350017' F='Height*0.60929023288831'/></Row><Row T='LineTo' IX='4'><Cell N='X' V='0' F='Width*0'/><Cell N='Y' V='0.1553353010350017' F='Height*0.60929023288831'/></Row><Row T='LineTo' IX='5'><Cell N='X' V='0' F='Width*0'/><Cell N='Y' V='0.1983040510350017' F='Height*0.77783170105414'/></Row></Section><Section N='Geometry' IX='5'><Cell N='NoFill' V='0'/><Cell N='NoLine' V='0'/><Cell N='NoShow' V='0'/><Cell N='NoSnap' V='0' F='No Formula'/><Cell N='NoQuickDrag' V='0' F='No Formula'/><Row T='MoveTo' IX='1'><Cell N='X' V='0' F='Width*0'/><Cell N='Y' V='0.2549446760350017' F='Height*1'/></Row><Row T='LineTo' IX='2'><Cell N='X' V='0.1069623153820084' F='Width*0.99999999957546'/><Cell N='Y' V='0.2549446760350017' F='Height*1'/></Row><Row T='LineTo' IX='3'><Cell N='X' V='0.1069623153820084' F='Width*0.99999999957546'/><Cell N='Y' V='0.2119759260350017' F='Height*0.83145853183417'/></Row><Row T='LineTo' IX='4'><Cell N='X' V='0' F='Width*0'/><Cell N='Y' V='0.2119759260350017' F='Height*0.83145853183417'/></Row><Row T='LineTo' IX='5'><Cell N='X' V='0' F='Width*0'/><Cell N='Y' V='0.2549446760350017' F='Height*1'/></Row></Section></Shape><Shape ID='8' Type='Shape' LineStyle='19' FillStyle='19' TextStyle='19'><Cell N='PinX' V='0.09375' F='Sheet.5!Width*0.5'/><Cell N='PinY' V='0.005859375000000222' F='Sheet.5!Height*0.01171875'/><Cell N='Width' V='0.171875' F='Sheet.5!Width*0.91666666666667'/><Cell N='Height' V='0.01171874999999956' F='Sheet.5!Height*0.023437499999999'/><Cell N='LocPinX' V='0.0859375' F='Width*0.5'/><Cell N='LocPinY' V='0.005859374999999778' F='Height*0.5'/><Cell N='Angle' V='0'/><Cell N='FlipX' V='0' F='GUARD(0)'/><Cell N='FlipY' V='0' F='GUARD(0)'/><Cell N='ResizeMode' V='0'/><Cell N='ShdwPattern' V='0' F='THEMEVAL("ShadowPattern",0)'/><Cell N='LinePattern' V='0' F='THEMEVAL("LinePattern",0)'/><Cell N='Copyright' V='Copyright (c) 2012 Microsoft Corporation.  All rights reserved.'/><Cell N='LayerMember' V='0'/><Cell N='LockWidth' V='1'/><Cell N='LockHeight' V='1'/><Cell N='LockDelete' V='1' F='NOT(ISERROR(Sheet.5!Width))'/><Cell N='LockRotate' V='1'/><Cell N='DontMoveChildren' V='1'/><Section N='Geometry' IX='0'><Cell N='NoFill' V='0'/><Cell N='NoLine' V='0'/><Cell N='NoShow' V='0'/><Cell N='NoSnap' V='0' F='No Formula'/><Cell N='NoQuickDrag' V='0' F='No Formula'/><Row T='MoveTo' IX='1'><Cell N='X' V='0' F='Width*0'/><Cell N='Y' V='0.01171874999999956' F='Height*1'/></Row><Row T='LineTo' IX='2'><Cell N='X' V='0' F='Width*0'/><Cell N='Y' V='0' F='Height*0'/></Row><Row T='LineTo' IX='3'><Cell N='X' V='0.171875' F='Width*1'/><Cell N='Y' V='0' F='Height*0'/></Row><Row T='LineTo' IX='4'><Cell N='X' V='0.171875' F='Width*1'/><Cell N='Y' V='0.01171874999999956' F='Height*1'/></Row><Row T='LineTo' IX='5'><Cell N='X' V='0' F='Geometry1.X1'/><Cell N='Y' V='0.01171874999999956' F='Geometry1.Y1'/></Row></Section></Shape><Shape ID='31' Type='Shape' LineStyle='22' FillStyle='22' TextStyle='22'><Cell N='PinX' V='0.09374999997758868' F='Sheet.5!Width*0.49999999988047'/><Cell N='PinY' V='0.1381117877121111' F='Sheet.5!Height*0.27622357542422'/><Cell N='Width' V='0.02567784915155554' F='Sheet.5!Width*0.1369485288083'/><Cell N='Height' V='0.02567784915155554' F='Sheet.5!Height*0.051355698303111'/><Cell N='LocPinX' V='0.01283892457577777' F='Width*0.5'/><Cell N='LocPinY' V='0.01283892457577777' F='Height*0.5'/><Cell N='Angle' V='0'/><Cell N='FlipX' V='0' F='GUARD(0)'/><Cell N='FlipY' V='0' F='GUARD(0)'/><Cell N='ResizeMode' V='0'/><Cell N='EventDblClick' V='0' F='OPENTEXTWIN()'/><Cell N='LinePattern' V='0' F='THEMEVAL("LinePattern",0)'/><Cell N='FillPattern' V='39' F='THEMEVAL("FillPattern",39)'/><Cell N='ShdwPattern' V='0' F='GUARD(0)'/><Cell N='LockWidth' V='1'/><Cell N='LockHeight' V='1'/><Cell N='LockDelete' V='1' F='NOT(ISERROR(Sheet.5!Width))'/><Cell N='LockRotate' V='1'/><Cell N='Copyright' V='Copyright (c) 2012 Microsoft Corporation.  All rights reserved.'/><Cell N='LayerMember' V='0'/><Cell N='DontMoveChildren' V='1'/><Cell N='FillGradientDir' V='1' F='THEMEVAL("FillGradientDir",1)'/><Cell N='FillGradientEnabled' V='1' F='THEMEVAL("FillGradientEnabled",TRUE)'/><Cell N='UseGroupGradient' V='0' F='THEMEVAL("UseGroupGradient",FALSE)'/><Section N='FillGradient'><Row IX='0'><Cell N='GradientStopColor' V='15' F='THEMEVAL("FillStop1Color",15)'/><Cell N='GradientStopColorTrans' V='0' F='THEMEVAL("FillStop1Transparency",0%)'/><Cell N='GradientStopPosition' V='0' F='THEMEVAL("FillStop1Position",0%)'/></Row><Row IX='1'><Cell N='GradientStopColor' V='18' F='THEMEVAL("FillStop2Color",18)'/><Cell N='GradientStopColorTrans' V='0' F='THEMEVAL("FillStop2Transparency",0%)'/><Cell N='GradientStopPosition' V='1' F='THEMEVAL("FillStop2Position",100%)'/></Row><Row IX='2' Del='1'/><Row IX='3' Del='1'/><Row IX='4' Del='1'/><Row IX='5' Del='1'/><Row IX='6' Del='1'/><Row IX='7' Del='1'/><Row IX='8' Del='1'/><Row IX='9' Del='1'/></Section><Section N='Geometry' IX='0'><Cell N='NoFill' V='0'/><Cell N='NoLine' V='0'/><Cell N='NoShow' V='0'/><Cell N='NoSnap' V='0' F='No Formula'/><Cell N='NoQuickDrag' V='0' F='No Formula'/><Row T='MoveTo' IX='1'><Cell N='X' V='0' F='Width*0'/><Cell N='Y' V='0.01283892457577777' F='Height*0.5'/></Row><Row T='EllipticalArcTo' IX='2'><Cell N='X' V='0.02567784915155554' F='Width*1'/><Cell N='Y' V='0.01283892457577777' F='Height*0.5'/><Cell N='A' V='0.01283892457577777' U='DL' F='Width*0.5'/><Cell N='B' V='0.02567784915155554' U='DL' F='Height*1'/><Cell N='C' V='0' U='DA'/><Cell N='D' V='1' F='Width/Height*1'/></Row><Row T='EllipticalArcTo' IX='3'><Cell N='X' V='0' F='Geometry1.X1'/><Cell N='Y' V='0.01283892457577777' F='Geometry1.Y1'/><Cell N='A' V='0.01283892457577777' U='DL' F='Width*0.5'/><Cell N='B' V='0' U='DL' F='Height*0'/><Cell N='C' V='0' U='DA'/><Cell N='D' V='1' F='Width/Height*1'/></Row></Section></Shape><Shape ID='32' Type='Shape' LineStyle='19' FillStyle='19' TextStyle='19'><Cell N='PinX' V='0.09374999997758868' F='Sheet.5!Width*0.49999999988047'/><Cell N='PinY' V='0.1381117877121111' F='Sheet.5!Height*0.27622357542422'/><Cell N='Width' V='0.01540670949093332' F='Sheet.5!Width*0.082169117284978'/><Cell N='Height' V='0.01540670949093332' F='Sheet.5!Height*0.030813418981867'/><Cell N='LocPinX' V='0.007703354745466661' F='Width*0.5'/><Cell N='LocPinY' V='0.007703354745466661' F='Height*0.5'/><Cell N='Angle' V='0'/><Cell N='FlipX' V='0' F='GUARD(0)'/><Cell N='FlipY' V='0' F='GUARD(0)'/><Cell N='ResizeMode' V='0'/><Cell N='EventDblClick' V='0' F='OPENTEXTWIN()'/><Cell N='LinePattern' V='0' F='THEMEVAL("LinePattern",0)'/><Cell N='FillPattern' V='39' F='THEMEVAL("FillPattern",39)'/><Cell N='ShdwPattern' V='0' F='GUARD(0)'/><Cell N='LockWidth' V='1'/><Cell N='LockHeight' V='1'/><Cell N='LockDelete' V='1' F='NOT(ISERROR(Sheet.5!Width))'/><Cell N='LockRotate' V='1'/><Cell N='Copyright' V='Copyright (c) 2012 Microsoft Corporation.  All rights reserved.'/><Cell N='LayerMember' V='0'/><Cell N='DontMoveChildren' V='1'/><Cell N='FillGradientDir' V='1' F='THEMEVAL("FillGradientDir",1)'/><Cell N='FillGradientEnabled' V='1' F='THEMEVAL("FillGradientEnabled",TRUE)'/><Cell N='UseGroupGradient' V='0' F='THEMEVAL("UseGroupGradient",FALSE)'/><Section N='FillGradient'><Row IX='0'><Cell N='GradientStopColor' V='18' F='THEMEVAL("FillStop1Color",18)'/><Cell N='GradientStopColorTrans' V='0' F='THEMEVAL("FillStop1Transparency",0%)'/><Cell N='GradientStopPosition' V='0' F='THEMEVAL("FillStop1Position",0%)'/></Row><Row IX='1'><Cell N='GradientStopColor' V='15' F='THEMEVAL("FillStop2Color",15)'/><Cell N='GradientStopColorTrans' V='0' F='THEMEVAL("FillStop2Transparency",0%)'/><Cell N='GradientStopPosition' V='1' F='THEMEVAL("FillStop2Position",100%)'/></Row><Row IX='2' Del='1'/><Row IX='3' Del='1'/><Row IX='4' Del='1'/><Row IX='5' Del='1'/><Row IX='6' Del='1'/><Row IX='7' Del='1'/><Row IX='8' Del='1'/><Row IX='9' Del='1'/></Section><Section N='Geometry' IX='0'><Cell N='NoFill' V='0'/><Cell N='NoLine' V='0'/><Cell N='NoShow' V='0'/><Cell N='NoSnap' V='0' F='No Formula'/><Cell N='NoQuickDrag' V='0' F='No Formula'/><Row T='MoveTo' IX='1'><Cell N='X' V='0' F='Width*0'/><Cell N='Y' V='0.007703354745466661' F='Height*0.5'/></Row><Row T='EllipticalArcTo' IX='2'><Cell N='X' V='0.01540670949093332' F='Width*1'/><Cell N='Y' V='0.007703354745466661' F='Height*0.5'/><Cell N='A' V='0.007703354745466661' U='DL' F='Width*0.5'/><Cell N='B' V='0.01540670949093332' U='DL' F='Height*1'/><Cell N='C' V='0' U='DA'/><Cell N='D' V='1' F='Width/Height*1'/></Row><Row T='EllipticalArcTo' IX='3'><Cell N='X' V='0' F='Geometry1.X1'/><Cell N='Y' V='0.007703354745466661' F='Geometry1.Y1'/><Cell N='A' V='0.007703354745466661' U='DL' F='Width*0.5'/><Cell N='B' V='0' U='DL' F='Height*0'/><Cell N='C' V='0' U='DA'/><Cell N='D' V='1' F='Width/Height*1'/></Row></Section></Shape><Shape ID='14' Type='Shape' LineStyle='22' FillStyle='22' TextStyle='22'><Cell N='PinX' V='0.09374999998399192' F='Sheet.5!Width*0.49999999991462'/><Cell N='PinY' V='0.1068617877121111' F='Sheet.5!Height*0.21372357542422'/><Cell N='Width' V='0.015625' F='Sheet.5!Width*0.083333333333333'/><Cell N='Height' V='0.015625' F='Sheet.5!Height*0.03125'/><Cell N='LocPinX' V='0.0078125' F='Width*0.5'/><Cell N='LocPinY' V='0.0078125' F='Height*0.5'/><Cell N='Angle' V='0'/><Cell N='FlipX' V='0' F='GUARD(0)'/><Cell N='FlipY' V='0' F='GUARD(0)'/><Cell N='ResizeMode' V='0'/><Cell N='EventDblClick' V='0' F='OPENTEXTWIN()'/><Cell N='LinePattern' V='0' F='THEMEVAL("LinePattern",0)'/><Cell N='FillPattern' V='39' F='THEMEVAL("FillPattern",39)'/><Cell N='ShdwPattern' V='0' F='GUARD(0)'/><Cell N='LockWidth' V='1'/><Cell N='LockHeight' V='1'/><Cell N='LockDelete' V='1' F='NOT(ISERROR(Sheet.5!Width))'/><Cell N='LockRotate' V='1'/><Cell N='Copyright' V='Copyright (c) 2012 Microsoft Corporation.  All rights reserved.'/><Cell N='LayerMember' V='0'/><Cell N='DontMoveChildren' V='1'/><Cell N='FillGradientDir' V='1' F='THEMEVAL("FillGradientDir",1)'/><Cell N='FillGradientEnabled' V='1' F='THEMEVAL("FillGradientEnabled",TRUE)'/><Cell N='UseGroupGradient' V='0' F='THEMEVAL("UseGroupGradient",FALSE)'/><Section N='FillGradient'><Row IX='0'><Cell N='GradientStopColor' V='15' F='THEMEVAL("FillStop1Color",15)'/><Cell N='GradientStopColorTrans' V='0' F='THEMEVAL("FillStop1Transparency",0%)'/><Cell N='GradientStopPosition' V='0' F='THEMEVAL("FillStop1Position",0%)'/></Row><Row IX='1'><Cell N='GradientStopColor' V='18' F='THEMEVAL("FillStop2Color",18)'/><Cell N='GradientStopColorTrans' V='0' F='THEMEVAL("FillStop2Transparency",0%)'/><Cell N='GradientStopPosition' V='1' F='THEMEVAL("FillStop2Position",100%)'/></Row><Row IX='2' Del='1'/><Row IX='3' Del='1'/><Row IX='4' Del='1'/><Row IX='5' Del='1'/><Row IX='6' Del='1'/><Row IX='7' Del='1'/><Row IX='8' Del='1'/><Row IX='9' Del='1'/></Section><Section N='Geometry' IX='0'><Cell N='NoFill' V='0'/><Cell N='NoLine' V='0'/><Cell N='NoShow' V='0'/><Cell N='NoSnap' V='0' F='No Formula'/><Cell N='NoQuickDrag' V='0' F='No Formula'/><Row T='MoveTo' IX='1'><Cell N='X' V='0' F='Width*0'/><Cell N='Y' V='0.0078125' F='Height*0.5'/></Row><Row T='EllipticalArcTo' IX='2'><Cell N='X' V='0.015625' F='Width*1'/><Cell N='Y' V='0.0078125' F='Height*0.5'/><Cell N='A' V='0.0078125' U='DL' F='Width*0.5'/><Cell N='B' V='0.015625' U='DL' F='Height*1'/><Cell N='C' V='0' U='DA'/><Cell N='D' V='1' F='Width/Height*1'/></Row><Row T='EllipticalArcTo' IX='3'><Cell N='X' V='0' F='Geometry1.X1'/><Cell N='Y' V='0.0078125' F='Geometry1.Y1'/><Cell N='A' V='0.0078125' U='DL' F='Width*0.5'/><Cell N='B' V='0' U='DL' F='Height*0'/><Cell N='C' V='0' U='DA'/><Cell N='D' V='1' F='Width/Height*1'/></Row></Section></Shape><Shape ID='33' Type='Shape' LineStyle='19' FillStyle='19' TextStyle='19'><Cell N='PinX' V='0.09374999998399192' F='Sheet.5!Width*0.49999999991462'/><Cell N='PinY' V='0.1068617877121111' F='Sheet.5!Height*0.21372357542422'/><Cell N='Width' V='0.009375' F='Sheet.5!Width*0.05'/><Cell N='Height' V='0.009375' F='Sheet.5!Height*0.01875'/><Cell N='LocPinX' V='0.0046875' F='Width*0.5'/><Cell N='LocPinY' V='0.0046875' F='Height*0.5'/><Cell N='Angle' V='0'/><Cell N='FlipX' V='0' F='GUARD(0)'/><Cell N='FlipY' V='0' F='GUARD(0)'/><Cell N='ResizeMode' V='0'/><Cell N='EventDblClick' V='0' F='OPENTEXTWIN()'/><Cell N='LinePattern' V='0' F='THEMEVAL("LinePattern",0)'/><Cell N='FillForegnd' V='3' F='THEMEVAL("FillColor",3)'/><Cell N='FillBkgnd' V='5' F='THEMEVAL("FillColor2",5)'/><Cell N='FillPattern' V='39' F='THEMEVAL("FillPattern",39)'/><Cell N='ShdwPattern' V='0' F='GUARD(0)'/><Cell N='LockWidth' V='1'/><Cell N='LockHeight' V='1'/><Cell N='LockDelete' V='1' F='NOT(ISERROR(Sheet.5!Width))'/><Cell N='LockRotate' V='1'/><Cell N='Copyright' V='Copyright (c) 2012 Microsoft Corporation.  All rights reserved.'/><Cell N='LayerMember' V='0'/><Cell N='DontMoveChildren' V='1'/><Cell N='FillGradientDir' V='1' F='THEMEVAL("FillGradientDir",1)'/><Cell N='FillGradientEnabled' V='1' F='THEMEVAL("FillGradientEnabled",TRUE)'/><Cell N='UseGroupGradient' V='0' F='THEMEVAL("UseGroupGradient",FALSE)'/><Section N='FillGradient'><Row IX='0'><Cell N='GradientStopColor' V='3' F='THEMEVAL("FillStop1Color",3)'/><Cell N='GradientStopColorTrans' V='0' F='THEMEVAL("FillStop1Transparency",0%)'/><Cell N='GradientStopPosition' V='0' F='THEMEVAL("FillStop1Position",0%)'/></Row><Row IX='1'><Cell N='GradientStopColor' V='5' F='THEMEVAL("FillStop2Color",5)'/><Cell N='GradientStopColorTrans' V='0' F='THEMEVAL("FillStop2Transparency",0%)'/><Cell N='GradientStopPosition' V='1' F='THEMEVAL("FillStop2Position",100%)'/></Row><Row IX='2' Del='1'/><Row IX='3' Del='1'/><Row IX='4' Del='1'/><Row IX='5' Del='1'/><Row IX='6' Del='1'/><Row IX='7' Del='1'/><Row IX='8' Del='1'/><Row IX='9' Del='1'/></Section><Section N='Geometry' IX='0'><Cell N='NoFill' V='0'/><Cell N='NoLine' V='0'/><Cell N='NoShow' V='0'/><Cell N='NoSnap' V='0' F='No Formula'/><Cell N='NoQuickDrag' V='0' F='No Formula'/><Row T='MoveTo' IX='1'><Cell N='X' V='0' F='Width*0'/><Cell N='Y' V='0.0046875' F='Height*0.5'/></Row><Row T='EllipticalArcTo' IX='2'><Cell N='X' V='0.009375' F='Width*1'/><Cell N='Y' V='0.0046875' F='Height*0.5'/><Cell N='A' V='0.0046875' U='DL' F='Width*0.5'/><Cell N='B' V='0.009375' U='DL' F='Height*1'/><Cell N='C' V='0' U='DA'/><Cell N='D' V='1' F='Width/Height*1'/></Row><Row T='EllipticalArcTo' IX='3'><Cell N='X' V='0' F='Geometry1.X1'/><Cell N='Y' V='0.0046875' F='Geometry1.Y1'/><Cell N='A' V='0.0046875' U='DL' F='Width*0.5'/><Cell N='B' V='0' U='DL' F='Height*0'/><Cell N='C' V='0' U='DA'/><Cell N='D' V='1' F='Width/Height*1'/></Row></Section></Shape><Shape ID='37' Type='Shape' LineStyle='6' FillStyle='6' TextStyle='6'><Cell N='PinX' V='0.07421875' F='Sheet.5!Width*0.39583333333333'/><Cell N='PinY' V='0.4376038426035002' F='Sheet.5!Height*0.875207685207'/><Cell N='Width' V='0.015625' F='Sheet.5!Width*0.083333333333333'/><Cell N='Height' V='0.004113935207000323' F='Sheet.5!Height*0.0082278704140006'/><Cell N='LocPinX' V='0.0078125' F='Width*0.5'/><Cell N='LocPinY' V='0.002056967603500162' F='Height*0.5'/><Cell N='Angle' V='0'/><Cell N='FlipX' V='0' F='GUARD(0)'/><Cell N='FlipY' V='0' F='GUARD(0)'/><Cell N='ResizeMode' V='0'/><Cell N='EventDblClick' V='0' F='OPENTEXTWIN()'/><Cell N='LinePattern' V='0' F='THEMEVAL("LinePattern",0)'/><Cell N='FillForegnd' V='18' F='THEMEVAL("FillColor",18)'/><Cell N='ShdwPattern' V='0' F='GUARD(0)'/><Cell N='LockWidth' V='1'/><Cell N='LockHeight' V='1'/><Cell N='LockDelete' V='1' F='NOT(ISERROR(Sheet.5!Width))'/><Cell N='LockRotate' V='1'/><Cell N='Copyright' V='Copyright (c) 2012 Microsoft Corporation.  All rights reserved.'/><Cell N='LayerMember' V='0'/><Cell N='DontMoveChildren' V='1'/><Section N='Geometry' IX='0'><Cell N='NoFill' V='0'/><Cell N='NoLine' V='0'/><Cell N='NoShow' V='0'/><Cell N='NoSnap' V='0' F='No Formula'/><Cell N='NoQuickDrag' V='0' F='No Formula'/><Row T='MoveTo' IX='1'><Cell N='X' V='0' F='Width*0'/><Cell N='Y' V='0' F='Height*0'/></Row><Row T='LineTo' IX='2'><Cell N='X' V='0.015625' F='Width*1'/><Cell N='Y' V='0' F='Height*0'/></Row><Row T='LineTo' IX='3'><Cell N='X' V='0.015625' F='Width*1'/><Cell N='Y' V='0.004113935207000323' F='Height*1'/></Row><Row T='LineTo' IX='4'><Cell N='X' V='0' F='Width*0'/><Cell N='Y' V='0.004113935207000323' F='Height*1'/></Row><Row T='LineTo' IX='5'><Cell N='X' V='0' F='Geometry1.X1'/><Cell N='Y' V='0' F='Geometry1.Y1'/></Row></Section></Shape><Shape ID='45' Type='Shape' LineStyle='20' FillStyle='20' TextStyle='20'><Cell N='PinX' V='0.09374999990798497' F='Sheet.5!Width*0.49999999950925'/><Cell N='PinY' V='0.4490658581878222' F='Sheet.5!Height*0.89813171637564'/><Cell N='Width' V='0.0905065745540071' F='Sheet.5!Width*0.4827017309547'/><Cell N='Height' V='0.008227870414000646' F='Sheet.5!Height*0.016455740828001'/><Cell N='LocPinX' V='0.04525328727700355' F='Width*0.5'/><Cell N='LocPinY' V='0.004113935207000323' F='Height*0.5'/><Cell N='Angle' V='0'/><Cell N='FlipX' V='0' F='GUARD(0)'/><Cell N='FlipY' V='0' F='GUARD(0)'/><Cell N='ResizeMode' V='0'/><Cell N='EventDblClick' V='0' F='OPENTEXTWIN()'/><Cell N='LineWeight' V='0.001666666666666667' U='PT' F='THEMEVAL("LineWeight",0.12PT)'/><Cell N='FillForegnd' V='15' F='THEMEVAL("FillColor",15)'/><Cell N='FillBkgnd' V='14' F='THEMEVAL("FillColor2",14)'/><Cell N='FillPattern' V='35' F='THEMEVAL("FillPattern",35)'/><Cell N='ShdwPattern' V='0' F='GUARD(0)'/><Cell N='LockWidth' V='1'/><Cell N='LockHeight' V='1'/><Cell N='LockDelete' V='1' F='NOT(ISERROR(Sheet.5!Width))'/><Cell N='LockRotate' V='1'/><Cell N='Copyright' V='Copyright (c) 2012 Microsoft Corporation.  All rights reserved.'/><Cell N='LayerMember' V='0'/><Cell N='DontMoveChildren' V='1'/><Cell N='FillGradientDir' V='10' F='THEMEVAL("FillGradientDir",10)'/><Cell N='FillGradientEnabled' V='1' F='THEMEVAL("FillGradientEnabled",TRUE)'/><Cell N='UseGroupGradient' V='0' F='THEMEVAL("UseGroupGradient",FALSE)'/><Section N='FillGradient'><Row IX='0'><Cell N='GradientStopColor' V='15' F='THEMEVAL("FillStop1Color",15)'/><Cell N='GradientStopColorTrans' V='0' F='THEMEVAL("FillStop1Transparency",0%)'/><Cell N='GradientStopPosition' V='0' F='THEMEVAL("FillStop1Position",0%)'/></Row><Row IX='1'><Cell N='GradientStopColor' V='14' F='THEMEVAL("FillStop2Color",14)'/><Cell N='GradientStopColorTrans' V='0' F='THEMEVAL("FillStop2Transparency",0%)'/><Cell N='GradientStopPosition' V='1' F='THEMEVAL("FillStop2Position",100%)'/></Row><Row IX='2' Del='1'/><Row IX='3' Del='1'/><Row IX='4' Del='1'/><Row IX='5' Del='1'/><Row IX='6' Del='1'/><Row IX='7' Del='1'/><Row IX='8' Del='1'/><Row IX='9' Del='1'/></Section><Section N='Geometry' IX='0'><Cell N='NoFill' V='0'/><Cell N='NoLine' V='0'/><Cell N='NoShow' V='0'/><Cell N='NoSnap' V='0' F='No Formula'/><Cell N='NoQuickDrag' V='0' F='No Formula'/><Row T='MoveTo' IX='1'><Cell N='X' V='0' F='Width*0'/><Cell N='Y' V='0' F='Height*0'/></Row><Row T='LineTo' IX='2'><Cell N='X' V='0.0905065745540071' F='Width*1'/><Cell N='Y' V='0' F='Height*0'/></Row><Row T='LineTo' IX='3'><Cell N='X' V='0.0905065745540071' F='Width*1'/><Cell N='Y' V='0.008227870414000646' F='Height*1'/></Row><Row T='LineTo' IX='4'><Cell N='X' V='0' F='Width*0'/><Cell N='Y' V='0.008227870414000646' F='Height*1'/></Row><Row T='LineTo' IX='5'><Cell N='X' V='0' F='Geometry1.X1'/><Cell N='Y' V='0' F='Geometry1.Y1'/></Row></Section></Shape><Shape ID='44' Type='Shape' LineStyle='19' FillStyle='19' TextStyle='19'><Cell N='PinX' V='0.07421875' F='Sheet.5!Width*0.39583333333333'/><Cell N='PinY' V='0.4345703125' F='Sheet.5!Height*0.869140625'/><Cell N='Width' V='0.015625' F='Sheet.5!Width*0.083333333333333'/><Cell N='Height' V='0.005859375000000111' F='Sheet.5!Height*0.01171875'/><Cell N='LocPinX' V='0.0078125' F='Width*0.5'/><Cell N='LocPinY' V='0.002929687500000056' F='Height*0.5'/><Cell N='Angle' V='0'/><Cell N='FlipX' V='0' F='GUARD(0)'/><Cell N='FlipY' V='0' F='GUARD(0)'/><Cell N='ResizeMode' V='0'/><Cell N='FillPattern' V='39' F='THEMEVAL("FillPattern",39)'/><Cell N='ShdwPattern' V='0' F='GUARD(0)'/><Cell N='LinePattern' V='0' F='THEMEVAL("LinePattern",0)'/><Cell N='Copyright' V='Copyright (c) 2012 Microsoft Corporation.  All rights reserved.'/><Cell N='LockWidth' V='1'/><Cell N='LockHeight' V='1'/><Cell N='LockDelete' V='1' F='NOT(ISERROR(Sheet.5!Width))'/><Cell N='LockRotate' V='1'/><Cell N='LayerMember' V='0'/><Cell N='DontMoveChildren' V='1'/><Cell N='FillGradientDir' V='1' F='THEMEVAL("FillGradientDir",1)'/><Cell N='FillGradientEnabled' V='1' F='THEMEVAL("FillGradientEnabled",TRUE)'/><Cell N='UseGroupGradient' V='0' F='THEMEVAL("UseGroupGradient",FALSE)'/><Section N='FillGradient'><Row IX='0'><Cell N='GradientStopColor' V='18' F='THEMEVAL("FillStop1Color",18)'/><Cell N='GradientStopColorTrans' V='0' F='THEMEVAL("FillStop1Transparency",0%)'/><Cell N='GradientStopPosition' V='0' F='THEMEVAL("FillStop1Position",0%)'/></Row><Row IX='1'><Cell N='GradientStopColor' V='15' F='THEMEVAL("FillStop2Color",15)'/><Cell N='GradientStopColorTrans' V='0' F='THEMEVAL("FillStop2Transparency",0%)'/><Cell N='GradientStopPosition' V='1' F='THEMEVAL("FillStop2Position",100%)'/></Row><Row IX='2' Del='1'/><Row IX='3' Del='1'/><Row IX='4' Del='1'/><Row IX='5' Del='1'/><Row IX='6' Del='1'/><Row IX='7' Del='1'/><Row IX='8' Del='1'/><Row IX='9' Del='1'/></Section><Section N='Geometry' IX='0'><Cell N='NoFill' V='0'/><Cell N='NoLine' V='0'/><Cell N='NoShow' V='0'/><Cell N='NoSnap' V='0' F='No Formula'/><Cell N='NoQuickDrag' V='0' F='No Formula'/><Row T='MoveTo' IX='1'><Cell N='X' V='0.015625' F='Width*1'/><Cell N='Y' V='0.005859375000000028' F='Height*0.99999999999999'/></Row><Row T='LineTo' IX='2'><Cell N='X' V='0' F='Width*0'/><Cell N='Y' V='0.005859375000000028' F='Height*0.99999999999999'/></Row><Row T='EllipticalArcTo' IX='3'><Cell N='X' V='0.015625' F='Width*1'/><Cell N='Y' V='0.005859374999999945' F='Height*0.99999999999997'/><Cell N='A' V='0.007812500000000111' U='DL' F='Width*0.50000000000001'/><Cell N='B' V='0' U='DL' F='Height*0'/><Cell N='C' V='0' U='DA'/><Cell N='D' V='1.333333333333346' F='Width/Height*0.50000000000001'/></Row></Section></Shape><Shape ID='50' Type='Shape' LineStyle='22' FillStyle='22' TextStyle='22'><Cell N='PinX' V='0.09175180380321699' F='Sheet.5!Width*0.48934295361716'/><Cell N='PinY' V='0.3853236622441973' F='Sheet.5!Height*0.77064732448839'/><Cell N='Width' V='0.09050657469816476' F='Sheet.5!Width*0.48270173172355'/><Cell N='Height' V='0.015625' F='Sheet.5!Height*0.03125'/><Cell N='LocPinX' V='0.04525328734908238' F='Width*0.5'/><Cell N='LocPinY' V='0.0078125' F='Height*0.5'/><Cell N='Angle' V='0'/><Cell N='FlipX' V='0' F='GUARD(0)'/><Cell N='FlipY' V='0' F='GUARD(0)'/><Cell N='ResizeMode' V='0'/><Cell N='FillPattern' V='35' F='THEMEVAL("FillPattern",35)'/><Cell N='ShdwPattern' V='0' F='GUARD(0)'/><Cell N='Copyright' V='Copyright (c) 2012 Microsoft Corporation.  All rights reserved.'/><Cell N='LockWidth' V='1'/><Cell N='LockHeight' V='1'/><Cell N='LockDelete' V='1' F='NOT(ISERROR(Sheet.5!Width))'/><Cell N='LockRotate' V='1'/><Cell N='LayerMember' V='0'/><Cell N='DontMoveChildren' V='1'/><Cell N='FillGradientDir' V='10' F='THEMEVAL("FillGradientDir",10)'/><Cell N='FillGradientEnabled' V='1' F='THEMEVAL("FillGradientEnabled",TRUE)'/><Cell N='UseGroupGradient' V='0' F='THEMEVAL("UseGroupGradient",FALSE)'/><Section N='FillGradient'><Row IX='0'><Cell N='GradientStopColor' V='15' F='THEMEVAL("FillStop1Color",15)'/><Cell N='GradientStopColorTrans' V='0' F='THEMEVAL("FillStop1Transparency",0%)'/><Cell N='GradientStopPosition' V='0' F='THEMEVAL("FillStop1Position",0%)'/></Row><Row IX='1'><Cell N='GradientStopColor' V='18' F='THEMEVAL("FillStop2Color",18)'/><Cell N='GradientStopColorTrans' V='0' F='THEMEVAL("FillStop2Transparency",0%)'/><Cell N='GradientStopPosition' V='1' F='THEMEVAL("FillStop2Position",100%)'/></Row><Row IX='2' Del='1'/><Row IX='3' Del='1'/><Row IX='4' Del='1'/><Row IX='5' Del='1'/><Row IX='6' Del='1'/><Row IX='7' Del='1'/><Row IX='8' Del='1'/><Row IX='9' Del='1'/></Section><Section N='Geometry' IX='0'><Cell N='NoFill' V='0'/><Cell N='NoLine' V='0'/><Cell N='NoShow' V='0'/><Cell N='NoSnap' V='0' F='No Formula'/><Cell N='NoQuickDrag' V='0' F='No Formula'/><Row T='MoveTo' IX='1'><Cell N='X' V='0' F='Width*0'/><Cell N='Y' V='0.01302083333333334' F='Height*0.83333333333333'/></Row><Row T='LineTo' IX='2'><Cell N='X' V='0.02468361128131766' F='Width*0.27272727272727'/><Cell N='Y' V='0.01302083333333334' F='Height*0.83333333333333'/></Row><Row T='EllipticalArcTo' IX='3'><Cell N='X' V='0.07405083384395299' F='Width*0.81818181818182'/><Cell N='Y' V='0.01302083333333334' F='Height*0.83333333333333'/><Cell N='A' V='0.04936722256263532' U='DL' F='Width*0.54545454545455'/><Cell N='B' V='0.015625' U='DL' F='Height*1'/><Cell N='C' V='0' U='DA'/><Cell N='D' V='1.57975112200433' F='Width/Height*0.27272727272727'/></Row><Row T='LineTo' IX='4'><Cell N='X' V='0.09050657469816476' F='Width*1'/><Cell N='Y' V='0.01302083333333334' F='Height*0.83333333333333'/></Row><Row T='LineTo' IX='5'><Cell N='X' V='0.09050657469816476' F='Width*1'/><Cell N='Y' V='0' F='Height*0'/></Row><Row T='LineTo' IX='6'><Cell N='X' V='0' F='Width*0'/><Cell N='Y' V='0' F='Height*0'/></Row><Row T='LineTo' IX='7'><Cell N='X' V='0' F='Geometry1.X1'/><Cell N='Y' V='0.01302083333333334' F='Geometry1.Y1'/></Row></Section></Shape><Shape ID='51' Type='Shape' LineStyle='20' FillStyle='20' TextStyle='20'><Cell N='PinX' V='0.09175180380321699' F='Sheet.5!Width*0.48934295361716'/><Cell N='PinY' V='0.3833705372441974' F='Sheet.5!Height*0.76674107448839'/><Cell N='Width' V='0.08227870427105886' F='Sheet.5!Width*0.43881975611231'/><Cell N='Height' V='0.00390625' F='Sheet.5!Height*0.0078125'/><Cell N='LocPinX' V='0.04113935213552943' F='Width*0.5'/><Cell N='LocPinY' V='0.001953125' F='Height*0.5'/><Cell N='Angle' V='0'/><Cell N='FlipX' V='0' F='GUARD(0)'/><Cell N='FlipY' V='0' F='GUARD(0)'/><Cell N='ResizeMode' V='0'/><Cell N='EventDblClick' V='0' F='OPENTEXTWIN()'/><Cell N='LineWeight' V='0.001666666666666667' U='PT' F='THEMEVAL("LineWeight",0.12PT)'/><Cell N='FillForegnd' V='#dbdac6' F='THEMEVAL("FillColor",RGB(219,218,198))'/><Cell N='ShdwPattern' V='0' F='GUARD(0)'/><Cell N='LockWidth' V='1'/><Cell N='LockHeight' V='1'/><Cell N='LockDelete' V='1' F='NOT(ISERROR(Sheet.5!Width))'/><Cell N='LockRotate' V='1'/><Cell N='Copyright' V='Copyright (c) 2012 Microsoft Corporation.  All rights reserved.'/><Cell N='LayerMember' V='0'/><Cell N='DontMoveChildren' V='1'/><Section N='Geometry' IX='0'><Cell N='NoFill' V='0'/><Cell N='NoLine' V='0'/><Cell N='NoShow' V='0'/><Cell N='NoSnap' V='0' F='No Formula'/><Cell N='NoQuickDrag' V='0' F='No Formula'/><Row T='MoveTo' IX='1'><Cell N='X' V='0' F='Width*0'/><Cell N='Y' V='0' F='Height*0'/></Row><Row T='LineTo' IX='2'><Cell N='X' V='0.08227870427105886' F='Width*1'/><Cell N='Y' V='0' F='Height*0'/></Row><Row T='LineTo' IX='3'><Cell N='X' V='0.08227870427105886' F='Width*1'/><Cell N='Y' V='0.00390625' F='Height*1'/></Row><Row T='LineTo' IX='4'><Cell N='X' V='0' F='Width*0'/><Cell N='Y' V='0.00390625' F='Height*1'/></Row><Row T='LineTo' IX='5'><Cell N='X' V='0' F='Geometry1.X1'/><Cell N='Y' V='0' F='Geometry1.Y1'/></Row></Section></Shape><Shape ID='53' Type='Shape' LineStyle='22' FillStyle='22' TextStyle='22'><Cell N='PinX' V='0.09375' F='Sheet.5!Width*0.5'/><Cell N='PinY' V='0.3376591519577508' F='Sheet.5!Height*0.6753183039155'/><Cell N='Width' V='0.09375' F='Sheet.5!Width*0.5'/><Cell N='Height' V='0.012181696083592' F='Sheet.5!Height*0.024363392167184'/><Cell N='LocPinX' V='0.046875' F='Width*0.5'/><Cell N='LocPinY' V='0.006090848041796001' F='Height*0.5'/><Cell N='Angle' V='0'/><Cell N='FlipX' V='0' F='GUARD(0)'/><Cell N='FlipY' V='0' F='GUARD(0)'/><Cell N='ResizeMode' V='0'/><Cell N='FillPattern' V='35' F='THEMEVAL("FillPattern",35)'/><Cell N='ShdwPattern' V='0' F='GUARD(0)'/><Cell N='Copyright' V='Copyright (c) 2012 Microsoft Corporation.  All rights reserved.'/><Cell N='LockWidth' V='1'/><Cell N='LockHeight' V='1'/><Cell N='LockDelete' V='1' F='NOT(ISERROR(Sheet.5!Width))'/><Cell N='LockRotate' V='1'/><Cell N='LayerMember' V='0'/><Cell N='DontMoveChildren' V='1'/><Cell N='FillGradientDir' V='10' F='THEMEVAL("FillGradientDir",10)'/><Cell N='FillGradientEnabled' V='1' F='THEMEVAL("FillGradientEnabled",TRUE)'/><Cell N='UseGroupGradient' V='0' F='THEMEVAL("UseGroupGradient",FALSE)'/><Section N='FillGradient'><Row IX='0'><Cell N='GradientStopColor' V='15' F='THEMEVAL("FillStop1Color",15)'/><Cell N='GradientStopColorTrans' V='0' F='THEMEVAL("FillStop1Transparency",0%)'/><Cell N='GradientStopPosition' V='0' F='THEMEVAL("FillStop1Position",0%)'/></Row><Row IX='1'><Cell N='GradientStopColor' V='18' F='THEMEVAL("FillStop2Color",18)'/><Cell N='GradientStopColorTrans' V='0' F='THEMEVAL("FillStop2Transparency",0%)'/><Cell N='GradientStopPosition' V='1' F='THEMEVAL("FillStop2Position",100%)'/></Row><Row IX='2' Del='1'/><Row IX='3' Del='1'/><Row IX='4' Del='1'/><Row IX='5' Del='1'/><Row IX='6' Del='1'/><Row IX='7' Del='1'/><Row IX='8' Del='1'/><Row IX='9' Del='1'/></Section><Section N='Geometry' IX='0'><Cell N='NoFill' V='0'/><Cell N='NoLine' V='0'/><Cell N='NoShow' V='0'/><Cell N='NoSnap' V='0' F='No Formula'/><Cell N='NoQuickDrag' V='0' F='No Formula'/><Row T='MoveTo' IX='1'><Cell N='X' V='0' F='Width*0'/><Cell N='Y' V='0.002459474256251235' F='Height*0.20189916407158'/></Row><Row T='LineTo' IX='2'><Cell N='X' V='0' F='Width*0'/><Cell N='Y' V='0.009346901504667481' F='Height*0.7672906498839'/></Row><Row T='LineTo' IX='3'><Cell N='X' V='0.03' F='Width*0.32'/><Cell N='Y' V='0.009346901504667481' F='Height*0.7672906498839'/></Row><Row T='EllipticalArcTo' IX='4'><Cell N='X' V='0.06375' F='Width*0.68'/><Cell N='Y' V='0.009346901504667481' F='Height*0.7672906498839'/><Cell N='A' V='0.046875' U='DL' F='Width*0.5'/><Cell N='B' V='0.01218169608359221' U='DL' F='Height*1'/><Cell N='C' V='0' U='DA'/><Cell N='D' V='1.542857205522382' F='Width/Height*0.20047592083257'/></Row><Row T='LineTo' IX='5'><Cell N='X' V='0.09375' F='Width*1'/><Cell N='Y' V='0.009346901504667481' F='Height*0.7672906498839'/></Row><Row T='LineTo' IX='6'><Cell N='X' V='0.09375' F='Width*1'/><Cell N='Y' V='0.002459474256251235' F='Height*0.20189916407158'/></Row><Row T='LineTo' IX='7'><Cell N='X' V='0.06375' F='Width*0.68'/><Cell N='Y' V='0.002459474256251235' F='Height*0.20189916407158'/></Row><Row T='EllipticalArcTo' IX='8'><Cell N='X' V='0.03' F='Width*0.32'/><Cell N='Y' V='0.002459474256251235' F='Height*0.20189916407158'/><Cell N='A' V='0.045' U='DL' F='Width*0.48'/><Cell N='B' V='2.891879941599097E-5' U='DL' F='Height*0.0023739550894676'/><Cell N='C' V='0' U='DA'/><Cell N='D' V='1.542857205522382' F='Width/Height*0.20047592083257'/></Row><Row T='LineTo' IX='9'><Cell N='X' V='0' F='Geometry1.X1'/><Cell N='Y' V='0.002459474256251235' F='Geometry1.Y1'/></Row></Section></Shape><Shape ID='34' Type='Shape' LineStyle='22' FillStyle='22' TextStyle='22'><Cell N='PinX' V='0.1171874999553593' F='Sheet.5!Width*0.62499999976192'/><Cell N='PinY' V='0.38330078125' F='Sheet.5!Height*0.7666015625'/><Cell N='Width' V='0.04687500008928144' F='Sheet.5!Width*0.25000000047617'/><Cell N='Height' V='0.1147023478812423' F='Sheet.5!Height*0.22940469576248'/><Cell N='LocPinX' V='0.02343750004464072' F='Width*0.5'/><Cell N='LocPinY' V='0.05735117394062117' F='Height*0.5'/><Cell N='Angle' V='0'/><Cell N='FlipX' V='0' F='GUARD(0)'/><Cell N='FlipY' V='0' F='GUARD(0)'/><Cell N='ResizeMode' V='0'/><Cell N='FillPattern' V='35' F='THEMEVAL("FillPattern",35)'/><Cell N='ShdwPattern' V='0' F='GUARD(0)'/><Cell N='Copyright' V='Copyright (c) 2012 Microsoft Corporation.  All rights reserved.'/><Cell N='LockWidth' V='1'/><Cell N='LockHeight' V='1'/><Cell N='LockDelete' V='1' F='NOT(ISERROR(Sheet.5!Width))'/><Cell N='LockRotate' V='1'/><Cell N='LayerMember' V='0'/><Cell N='DontMoveChildren' V='1'/><Cell N='FillGradientDir' V='10' F='THEMEVAL("FillGradientDir",10)'/><Cell N='FillGradientEnabled' V='1' F='THEMEVAL("FillGradientEnabled",TRUE)'/><Cell N='UseGroupGradient' V='0' F='THEMEVAL("UseGroupGradient",FALSE)'/><Section N='FillGradient'><Row IX='0'><Cell N='GradientStopColor' V='15' F='THEMEVAL("FillStop1Color",15)'/><Cell N='GradientStopColorTrans' V='0' F='THEMEVAL("FillStop1Transparency",0%)'/><Cell N='GradientStopPosition' V='0' F='THEMEVAL("FillStop1Position",0%)'/></Row><Row IX='1'><Cell N='GradientStopColor' V='18' F='THEMEVAL("FillStop2Color",18)'/><Cell N='GradientStopColorTrans' V='0' F='THEMEVAL("FillStop2Transparency",0%)'/><Cell N='GradientStopPosition' V='1' F='THEMEVAL("FillStop2Position",100%)'/></Row><Row IX='2' Del='1'/><Row IX='3' Del='1'/><Row IX='4' Del='1'/><Row IX='5' Del='1'/><Row IX='6' Del='1'/><Row IX='7' Del='1'/><Row IX='8' Del='1'/><Row IX='9' Del='1'/></Section><Section N='Geometry' IX='0'><Cell N='NoFill' V='0'/><Cell N='NoLine' V='0'/><Cell N='NoShow' V='0'/><Cell N='NoSnap' V='0' F='No Formula'/><Cell N='NoQuickDrag' V='0' F='No Formula'/><Row T='MoveTo' IX='1'><Cell N='X' V='0.03275858970803913' F='Width*0.69884991244042'/><Cell N='Y' V='0.1083984375' F='Height*0.94504113910755'/></Row><Row T='LineTo' IX='2'><Cell N='X' V='0.04536641047052381' F='Width*0.96781675486114'/><Cell N='Y' V='0.1083984375' F='Height*0.94504113910755'/></Row><Row T='LineTo' IX='3'><Cell N='X' V='0.04536641047052381' F='Width*0.96781675486114'/><Cell N='Y' V='0.1147023478812423' F='Height*1'/></Row><Row T='LineTo' IX='4'><Cell N='X' V='0.03275858970803913' F='Width*0.69884991244042'/><Cell N='Y' V='0.1147023478812423' F='Height*1'/></Row><Row T='LineTo' IX='5'><Cell N='X' V='0.03275858970803913' F='Width*0.69884991244042'/><Cell N='Y' V='0.1083984375' F='Height*0.94504113910755'/></Row></Section><Section N='Geometry' IX='1'><Cell N='NoFill' V='0'/><Cell N='NoLine' V='0'/><Cell N='NoShow' V='0'/><Cell N='NoSnap' V='0' F='No Formula'/><Cell N='NoQuickDrag' V='0' F='No Formula'/><Row T='MoveTo' IX='1'><Cell N='X' V='0.02042076224782008' F='Width*0.43564292712374'/><Cell N='Y' V='0.109775170138093' F='Height*0.95704379348668'/></Row><Row T='LineTo' IX='2'><Cell N='X' V='0.01225245734869207' F='Width*0.26138575627424'/><Cell N='Y' V='0.105691017688529' F='Height*0.92143726471891'/></Row><Row T='LineTo' IX='3'><Cell N='X' V='0.01225245734869207' F='Width*0.26138575627424'/><Cell N='Y' V='0.113859322587657' F='Height*0.99265032225445'/></Row><Row T='LineTo' IX='4'><Cell N='X' V='0.02042076224782008' F='Width*0.43564292712374'/><Cell N='Y' V='0.109775170138093' F='Height*0.95704379348668'/></Row></Section><Section N='Geometry' IX='2'><Cell N='NoFill' V='0'/><Cell N='NoLine' V='0'/><Cell N='NoShow' V='0'/><Cell N='NoSnap' V='0' F='No Formula'/><Cell N='NoQuickDrag' V='0' F='No Formula'/><Row T='MoveTo' IX='1'><Cell N='X' V='0' F='Width*0'/><Cell N='Y' V='0.109775170138093' F='Height*0.95704379348668'/></Row><Row T='LineTo' IX='2'><Cell N='X' V='0.008168304899128009' F='Width*0.1742571708495'/><Cell N='Y' V='0.113859322587657' F='Height*0.99265032225445'/></Row><Row T='LineTo' IX='3'><Cell N='X' V='0.008168304899128009' F='Width*0.1742571708495'/><Cell N='Y' V='0.105691017688529' F='Height*0.92143726471891'/></Row><Row T='LineTo' IX='4'><Cell N='X' V='0' F='Width*0'/><Cell N='Y' V='0.109775170138093' F='Height*0.95704379348668'/></Row></Section><Section N='Geometry' IX='3'><Cell N='NoFill' V='0'/><Cell N='NoLine' V='0'/><Cell N='NoShow' V='0'/><Cell N='NoSnap' V='0' F='No Formula'/><Cell N='NoQuickDrag' V='0' F='No Formula'/><Row T='MoveTo' IX='1'><Cell N='X' V='0.02645467932679679' F='Width*0.56436649123007'/><Cell N='Y' V='0.04296875' F='Height*0.37461090198858'/></Row><Row T='LineTo' IX='2'><Cell N='X' V='0.04296875008928147' F='Width*0.91666666682539'/><Cell N='Y' V='0.04296875' F='Height*0.37461090198858'/></Row><Row T='LineTo' IX='3'><Cell N='X' V='0.04296875008928147' F='Width*0.91666666682539'/><Cell N='Y' V='0.04731953538124234' F='Height*0.41254199460882'/></Row><Row T='LineTo' IX='4'><Cell N='X' V='0.02645467932679679' F='Width*0.56436649123007'/><Cell N='Y' V='0.04731953538124234' F='Height*0.41254199460882'/></Row><Row T='LineTo' IX='5'><Cell N='X' V='0.02645467932679679' F='Width*0.56436649123007'/><Cell N='Y' V='0.04296875' F='Height*0.37461090198858'/></Row></Section><Section N='Geometry' IX='4'><Cell N='NoFill' V='0'/><Cell N='NoLine' V='0'/><Cell N='NoShow' V='0'/><Cell N='NoSnap' V='0' F='No Formula'/><Cell N='NoQuickDrag' V='0' F='No Formula'/><Row T='MoveTo' IX='1'><Cell N='X' V='0.03036092932679679' F='Width*0.64769982440468'/><Cell N='Y' V='0' F='Height*0'/></Row><Row T='LineTo' IX='2'><Cell N='X' V='0.04687500008928147' F='Width*1'/><Cell N='Y' V='0' F='Height*0'/></Row><Row T='LineTo' IX='3'><Cell N='X' V='0.04687500008928147' F='Width*1'/><Cell N='Y' V='0.004350785381242339' F='Height*0.03793109262024'/></Row><Row T='LineTo' IX='4'><Cell N='X' V='0.03036092932679679' F='Width*0.64769982440468'/><Cell N='Y' V='0.004350785381242339' F='Height*0.03793109262024'/></Row><Row T='LineTo' IX='5'><Cell N='X' V='0.03036092932679679' F='Width*0.64769982440468'/><Cell N='Y' V='0' F='Height*0'/></Row></Section></Shape><Shape ID='35' Type='Shape' LineStyle='23' FillStyle='23' TextStyle='23'><Cell N='PinX' V='0.0517578125' F='Sheet.5!Width*0.27604166666667'/><Cell N='PinY' V='0.4052734375' F='Sheet.5!Height*0.810546875'/><Cell N='Width' V='0.009765624999999986' F='Sheet.5!Width*0.052083333333333'/><Cell N='Height' V='0.06835937499999994' F='Sheet.5!Height*0.13671875'/><Cell N='LocPinX' V='0.004882812499999993' F='Width*0.5'/><Cell N='LocPinY' V='0.0341796875' F='Height*0.5'/><Cell N='Angle' V='0'/><Cell N='FlipX' V='0' F='GUARD(0)'/><Cell N='FlipY' V='0' F='GUARD(0)'/><Cell N='ResizeMode' V='0'/><Cell N='ShdwPattern' V='0' F='GUARD(0)'/><Cell N='Copyright' V='Copyright (c) 2012 Microsoft Corporation.  All rights reserved.'/><Cell N='LayerMember' V='0'/><Cell N='LockWidth' V='1'/><Cell N='LockHeight' V='1'/><Cell N='LockDelete' V='1' F='NOT(ISERROR(Sheet.5!Width))'/><Cell N='LockRotate' V='1'/><Cell N='DontMoveChildren' V='1'/><Section N='Geometry' IX='0'><Cell N='NoFill' V='1'/><Cell N='NoLine' V='0'/><Cell N='NoShow' V='0'/><Cell N='NoSnap' V='0' F='No Formula'/><Cell N='NoQuickDrag' V='0' F='No Formula'/><Row T='MoveTo' IX='1'><Cell N='X' V='0.001953125' F='Width*0.2'/><Cell N='Y' V='0.06835937499999994' F='Height*1'/></Row><Row T='LineTo' IX='2'><Cell N='X' V='0.009765625' F='Width*1'/><Cell N='Y' V='0.06835937499999994' F='Height*1'/></Row></Section><Section N='Geometry' IX='1'><Cell N='NoFill' V='1'/><Cell N='NoLine' V='0'/><Cell N='NoShow' V='0'/><Cell N='NoSnap' V='0' F='No Formula'/><Cell N='NoQuickDrag' V='0' F='No Formula'/><Row T='MoveTo' IX='1'><Cell N='X' V='0' F='Width*0'/><Cell N='Y' V='0' F='Height*0'/></Row><Row T='LineTo' IX='2'><Cell N='X' V='0.0078125' F='Width*0.8'/><Cell N='Y' V='0' F='Height*0'/></Row></Section></Shape><Shape ID='6' Type='Shape' LineStyle='24' FillStyle='24' TextStyle='24'><Cell N='PinX' V='0.0455537689709411' F='Sheet.5!Width*0.24295343451169'/><Cell N='PinY' V='0.09558823442946096' F='Sheet.5!Height*0.19117646885892'/><Cell N='Width' V='0.04423253800764986' F='Sheet.5!Width*0.23590686937413'/><Cell N='Height' V='0.1286764688589219' F='Sheet.5!Height*0.25735293771784'/><Cell N='LocPinX' V='0.02211626900382493' F='Width*0.5'/><Cell N='LocPinY' V='0.06433823442946096' F='Height*0.5'/><Cell N='Angle' V='0'/><Cell N='FlipX' V='0' F='GUARD(0)'/><Cell N='FlipY' V='0' F='GUARD(0)'/><Cell N='ResizeMode' V='0'/><Cell N='LinePattern' V='0' F='THEMEVAL("LinePattern",0)'/><Cell N='FillPattern' V='25' F='THEMEVAL("FillPattern",25)'/><Cell N='ShdwPattern' V='0' F='GUARD(0)'/><Cell N='Copyright' V='Copyright (c) 2012 Microsoft Corporation.  All rights reserved.'/><Cell N='LockWidth' V='1'/><Cell N='LockHeight' V='1'/><Cell N='LockDelete' V='1' F='NOT(ISERROR(Sheet.5!Width))'/><Cell N='LockRotate' V='1'/><Cell N='LayerMember' V='0'/><Cell N='DontMoveChildren' V='1'/><Cell N='FillGradientDir' V='0' F='THEMEVAL("FillGradientDir",0)'/><Cell N='FillGradientAngle' V='0' U='DEG' F='THEMEVAL("FillGradientAngle",0DEG)'/><Cell N='FillGradientEnabled' V='1' F='THEMEVAL("FillGradientEnabled",TRUE)'/><Cell N='UseGroupGradient' V='0' F='THEMEVAL("UseGroupGradient",FALSE)'/><Section N='FillGradient'><Row IX='0'><Cell N='GradientStopColor' V='20' F='THEMEVAL("FillStop1Color",20)'/><Cell N='GradientStopColorTrans' V='0' F='THEMEVAL("FillStop1Transparency",0%)'/><Cell N='GradientStopPosition' V='0' F='THEMEVAL("FillStop1Position",0%)'/></Row><Row IX='1'><Cell N='GradientStopColor' V='14' F='THEMEVAL("FillStop2Color",14)'/><Cell N='GradientStopColorTrans' V='0' F='THEMEVAL("FillStop2Transparency",0%)'/><Cell N='GradientStopPosition' V='1' F='THEMEVAL("FillStop2Position",100%)'/></Row><Row IX='2' Del='1'/><Row IX='3' Del='1'/><Row IX='4' Del='1'/><Row IX='5' Del='1'/><Row IX='6' Del='1'/><Row IX='7' Del='1'/><Row IX='8' Del='1'/><Row IX='9' Del='1'/></Section><Section N='Geometry' IX='0'><Cell N='NoFill' V='0'/><Cell N='NoLine' V='0'/><Cell N='NoShow' V='0'/><Cell N='NoSnap' V='0' F='No Formula'/><Cell N='NoQuickDrag' V='0' F='No Formula'/><Row T='MoveTo' IX='1'><Cell N='X' V='0' F='Width*0'/><Cell N='Y' V='0' F='Height*0'/></Row><Row T='LineTo' IX='2'><Cell N='X' V='0.04423253619497258' F='Width*0.99999995901937'/><Cell N='Y' V='0' F='Height*0'/></Row><Row T='LineTo' IX='3'><Cell N='X' V='0.04423253619497258' F='Width*0.99999995901937'/><Cell N='Y' V='0.00804227930368262' F='Height*0.0625'/></Row><Row T='LineTo' IX='4'><Cell N='X' V='0' F='Width*0'/><Cell N='Y' V='0.00804227930368262' F='Height*0.0625'/></Row><Row T='LineTo' IX='5'><Cell N='X' V='0' F='Width*0'/><Cell N='Y' V='0' F='Height*0'/></Row></Section><Section N='Geometry' IX='1'><Cell N='NoFill' V='0'/><Cell N='NoLine' V='0'/><Cell N='NoShow' V='0'/><Cell N='NoSnap' V='0' F='No Formula'/><Cell N='NoQuickDrag' V='0' F='No Formula'/><Row T='MoveTo' IX='1'><Cell N='X' V='1.83739545800421E-9' F='Width*4.1539453550833E-8'/><Cell N='Y' V='0.1005284913100398' F='Height*0.78125000010885'/></Row><Row T='LineTo' IX='2'><Cell N='X' V='0.04423253800764987' F='Width*1'/><Cell N='Y' V='0.1005284913100398' F='Height*0.78125000010885'/></Row><Row T='LineTo' IX='3'><Cell N='X' V='0.04423253800764987' F='Width*1'/><Cell N='Y' V='0.1085707706137224' F='Height*0.84375000010885'/></Row><Row T='LineTo' IX='4'><Cell N='X' V='1.83739545800421E-9' F='Width*4.1539453550833E-8'/><Cell N='Y' V='0.1085707706137224' F='Height*0.84375000010885'/></Row><Row T='LineTo' IX='5'><Cell N='X' V='1.83739545800421E-9' F='Width*4.1539453550833E-8'/><Cell N='Y' V='0.1005284913100398' F='Height*0.78125000010885'/></Row></Section><Section N='Geometry' IX='2'><Cell N='NoFill' V='0'/><Cell N='NoLine' V='0'/><Cell N='NoShow' V='0'/><Cell N='NoSnap' V='0' F='No Formula'/><Cell N='NoQuickDrag' V='0' F='No Formula'/><Row T='MoveTo' IX='1'><Cell N='X' V='0' F='Width*0'/><Cell N='Y' V='0.0804227930368262' F='Height*0.625'/></Row><Row T='LineTo' IX='2'><Cell N='X' V='0.04423253617849321' F='Width*0.99999995864681'/><Cell N='Y' V='0.0804227930368262' F='Height*0.625'/></Row><Row T='LineTo' IX='3'><Cell N='X' V='0.04423253617849321' F='Width*0.99999995864681'/><Cell N='Y' V='0.08846507234050882' F='Height*0.6875'/></Row><Row T='LineTo' IX='4'><Cell N='X' V='0' F='Width*0'/><Cell N='Y' V='0.08846507234050882' F='Height*0.6875'/></Row><Row T='LineTo' IX='5'><Cell N='X' V='0' F='Width*0'/><Cell N='Y' V='0.0804227930368262' F='Height*0.625'/></Row></Section><Section N='Geometry' IX='3'><Cell N='NoFill' V='0'/><Cell N='NoLine' V='0'/><Cell N='NoShow' V='0'/><Cell N='NoSnap' V='0' F='No Formula'/><Cell N='NoQuickDrag' V='0' F='No Formula'/><Row T='MoveTo' IX='1'><Cell N='X' V='0' F='Width*0'/><Cell N='Y' V='0.06031709477761965' F='Height*0.46875'/></Row><Row T='LineTo' IX='2'><Cell N='X' V='0.04423253618261303' F='Width*0.99999995873995'/><Cell N='Y' V='0.06031709477761965' F='Height*0.46875'/></Row><Row T='LineTo' IX='3'><Cell N='X' V='0.04423253618261303' F='Width*0.99999995873995'/><Cell N='Y' V='0.06835937408130227' F='Height*0.53125'/></Row><Row T='LineTo' IX='4'><Cell N='X' V='0' F='Width*0'/><Cell N='Y' V='0.06835937408130227' F='Height*0.53125'/></Row><Row T='LineTo' IX='5'><Cell N='X' V='0' F='Width*0'/><Cell N='Y' V='0.06031709477761965' F='Height*0.46875'/></Row></Section><Section N='Geometry' IX='4'><Cell N='NoFill' V='0'/><Cell N='NoLine' V='0'/><Cell N='NoShow' V='0'/><Cell N='NoSnap' V='0' F='No Formula'/><Cell N='NoQuickDrag' V='0' F='No Formula'/><Row T='MoveTo' IX='1'><Cell N='X' V='0' F='Width*0'/><Cell N='Y' V='0.0402113965184131' F='Height*0.3125'/></Row><Row T='LineTo' IX='2'><Cell N='X' V='0.0442325361867329' F='Width*0.99999995883309'/><Cell N='Y' V='0.0402113965184131' F='Height*0.3125'/></Row><Row T='LineTo' IX='3'><Cell N='X' V='0.0442325361867329' F='Width*0.99999995883309'/><Cell N='Y' V='0.04825367582209572' F='Height*0.375'/></Row><Row T='LineTo' IX='4'><Cell N='X' V='0' F='Width*0'/><Cell N='Y' V='0.04825367582209572' F='Height*0.375'/></Row><Row T='LineTo' IX='5'><Cell N='X' V='0' F='Width*0'/><Cell N='Y' V='0.0402113965184131' F='Height*0.3125'/></Row></Section><Section N='Geometry' IX='5'><Cell N='NoFill' V='0'/><Cell N='NoLine' V='0'/><Cell N='NoShow' V='0'/><Cell N='NoSnap' V='0' F='No Formula'/><Cell N='NoQuickDrag' V='0' F='No Formula'/><Row T='MoveTo' IX='1'><Cell N='X' V='0' F='Width*0'/><Cell N='Y' V='0.02010569825920655' F='Height*0.15625'/></Row><Row T='LineTo' IX='2'><Cell N='X' V='0.04423253619085277' F='Width*0.99999995892623'/><Cell N='Y' V='0.02010569825920655' F='Height*0.15625'/></Row><Row T='LineTo' IX='3'><Cell N='X' V='0.04423253619085277' F='Width*0.99999995892623'/><Cell N='Y' V='0.02814797756288917' F='Height*0.21875'/></Row><Row T='LineTo' IX='4'><Cell N='X' V='0' F='Width*0'/><Cell N='Y' V='0.02814797756288917' F='Height*0.21875'/></Row><Row T='LineTo' IX='5'><Cell N='X' V='0' F='Width*0'/><Cell N='Y' V='0.02010569825920655' F='Height*0.15625'/></Row></Section><Section N='Geometry' IX='6'><Cell N='NoFill' V='0'/><Cell N='NoLine' V='0'/><Cell N='NoShow' V='0'/><Cell N='NoSnap' V='0' F='No Formula'/><Cell N='NoQuickDrag' V='0' F='No Formula'/><Row T='MoveTo' IX='1'><Cell N='X' V='0' F='Width*0'/><Cell N='Y' V='0.1206341895552393' F='Height*0.9375'/></Row><Row T='LineTo' IX='2'><Cell N='X' V='0.04423253617025447' F='Width*0.99999995846055'/><Cell N='Y' V='0.1206341895552393' F='Height*0.9375'/></Row><Row T='LineTo' IX='3'><Cell N='X' V='0.04423253617025447' F='Width*0.99999995846055'/><Cell N='Y' V='0.1286764688589219' F='Height*1'/></Row><Row T='LineTo' IX='4'><Cell N='X' V='0' F='Width*0'/><Cell N='Y' V='0.1286764688589219' F='Height*1'/></Row><Row T='LineTo' IX='5'><Cell N='X' V='0' F='Width*0'/><Cell N='Y' V='0.1206341895552393' F='Height*0.9375'/></Row></Section></Shape><Shape ID='13' Type='Shape' LineStyle='24' FillStyle='24' TextStyle='24'><Cell N='PinX' V='0.1419462309636344' F='Sheet.5!Width*0.75704656513938'/><Cell N='PinY' V='0.09375' F='Sheet.5!Height*0.1875'/><Cell N='Width' V='0.04423253800764981' F='Sheet.5!Width*0.23590686937413'/><Cell N='Height' V='0.1286764688589219' F='Sheet.5!Height*0.25735293771784'/><Cell N='LocPinX' V='0.02211626900382491' F='Width*0.5'/><Cell N='LocPinY' V='0.06433823442946096' F='Height*0.5'/><Cell N='Angle' V='0'/><Cell N='FlipX' V='0' F='GUARD(0)'/><Cell N='FlipY' V='0' F='GUARD(0)'/><Cell N='ResizeMode' V='0'/><Cell N='LinePattern' V='0' F='THEMEVAL("LinePattern",0)'/><Cell N='FillPattern' V='27' F='THEMEVAL("FillPattern",27)'/><Cell N='ShdwPattern' V='0' F='GUARD(0)'/><Cell N='Copyright' V='Copyright (c) 2012 Microsoft Corporation.  All rights reserved.'/><Cell N='LockWidth' V='1'/><Cell N='LockHeight' V='1'/><Cell N='LockDelete' V='1' F='NOT(ISERROR(Sheet.5!Width))'/><Cell N='LockRotate' V='1'/><Cell N='LayerMember' V='0'/><Cell N='DontMoveChildren' V='1'/><Cell N='FillGradientDir' V='0' F='THEMEVAL("FillGradientDir",0)'/><Cell N='FillGradientAngle' V='3.1415926535898' U='DEG' F='THEMEVAL("FillGradientAngle",180DEG)'/><Cell N='FillGradientEnabled' V='1' F='THEMEVAL("FillGradientEnabled",TRUE)'/><Cell N='UseGroupGradient' V='0' F='THEMEVAL("UseGroupGradient",FALSE)'/><Section N='FillGradient'><Row IX='0'><Cell N='GradientStopColor' V='20' F='THEMEVAL("FillStop1Color",20)'/><Cell N='GradientStopColorTrans' V='0' F='THEMEVAL("FillStop1Transparency",0%)'/><Cell N='GradientStopPosition' V='0' F='THEMEVAL("FillStop1Position",0%)'/></Row><Row IX='1'><Cell N='GradientStopColor' V='14' F='THEMEVAL("FillStop2Color",14)'/><Cell N='GradientStopColorTrans' V='0' F='THEMEVAL("FillStop2Transparency",0%)'/><Cell N='GradientStopPosition' V='1' F='THEMEVAL("FillStop2Position",100%)'/></Row><Row IX='2' Del='1'/><Row IX='3' Del='1'/><Row IX='4' Del='1'/><Row IX='5' Del='1'/><Row IX='6' Del='1'/><Row IX='7' Del='1'/><Row IX='8' Del='1'/><Row IX='9' Del='1'/></Section><Section N='Geometry' IX='0'><Cell N='NoFill' V='0'/><Cell N='NoLine' V='0'/><Cell N='NoShow' V='0'/><Cell N='NoSnap' V='0' F='No Formula'/><Cell N='NoQuickDrag' V='0' F='No Formula'/><Row T='MoveTo' IX='1'><Cell N='X' V='0' F='Width*0'/><Cell N='Y' V='0' F='Height*0'/></Row><Row T='LineTo' IX='2'><Cell N='X' V='0.04423253619497253' F='Width*0.99999995901937'/><Cell N='Y' V='0' F='Height*0'/></Row><Row T='LineTo' IX='3'><Cell N='X' V='0.04423253619497253' F='Width*0.99999995901937'/><Cell N='Y' V='0.00804227930368262' F='Height*0.0625'/></Row><Row T='LineTo' IX='4'><Cell N='X' V='0' F='Width*0'/><Cell N='Y' V='0.00804227930368262' F='Height*0.0625'/></Row><Row T='LineTo' IX='5'><Cell N='X' V='0' F='Width*0'/><Cell N='Y' V='0' F='Height*0'/></Row></Section><Section N='Geometry' IX='1'><Cell N='NoFill' V='0'/><Cell N='NoLine' V='0'/><Cell N='NoShow' V='0'/><Cell N='NoSnap' V='0' F='No Formula'/><Cell N='NoQuickDrag' V='0' F='No Formula'/><Row T='MoveTo' IX='1'><Cell N='X' V='1.837395402493058E-9' F='Width*4.1539452295848E-8'/><Cell N='Y' V='0.1005284913100398' F='Height*0.78125000010885'/></Row><Row T='LineTo' IX='2'><Cell N='X' V='0.04423253800764981' F='Width*1'/><Cell N='Y' V='0.1005284913100398' F='Height*0.78125000010885'/></Row><Row T='LineTo' IX='3'><Cell N='X' V='0.04423253800764981' F='Width*1'/><Cell N='Y' V='0.1085707706137224' F='Height*0.84375000010885'/></Row><Row T='LineTo' IX='4'><Cell N='X' V='1.837395402493058E-9' F='Width*4.1539452295848E-8'/><Cell N='Y' V='0.1085707706137224' F='Height*0.84375000010885'/></Row><Row T='LineTo' IX='5'><Cell N='X' V='1.837395402493058E-9' F='Width*4.1539452295848E-8'/><Cell N='Y' V='0.1005284913100398' F='Height*0.78125000010885'/></Row></Section><Section N='Geometry' IX='2'><Cell N='NoFill' V='0'/><Cell N='NoLine' V='0'/><Cell N='NoShow' V='0'/><Cell N='NoSnap' V='0' F='No Formula'/><Cell N='NoQuickDrag' V='0' F='No Formula'/><Row T='MoveTo' IX='1'><Cell N='X' V='0' F='Width*0'/><Cell N='Y' V='0.0804227930368262' F='Height*0.625'/></Row><Row T='LineTo' IX='2'><Cell N='X' V='0.04423253617849315' F='Width*0.99999995864681'/><Cell N='Y' V='0.0804227930368262' F='Height*0.625'/></Row><Row T='LineTo' IX='3'><Cell N='X' V='0.04423253617849315' F='Width*0.99999995864681'/><Cell N='Y' V='0.08846507234050882' F='Height*0.6875'/></Row><Row T='LineTo' IX='4'><Cell N='X' V='0' F='Width*0'/><Cell N='Y' V='0.08846507234050882' F='Height*0.6875'/></Row><Row T='LineTo' IX='5'><Cell N='X' V='0' F='Width*0'/><Cell N='Y' V='0.0804227930368262' F='Height*0.625'/></Row></Section><Section N='Geometry' IX='3'><Cell N='NoFill' V='0'/><Cell N='NoLine' V='0'/><Cell N='NoShow' V='0'/><Cell N='NoSnap' V='0' F='No Formula'/><Cell N='NoQuickDrag' V='0' F='No Formula'/><Row T='MoveTo' IX='1'><Cell N='X' V='0' F='Width*0'/><Cell N='Y' V='0.06031709477761965' F='Height*0.46875'/></Row><Row T='LineTo' IX='2'><Cell N='X' V='0.04423253618261303' F='Width*0.99999995873995'/><Cell N='Y' V='0.06031709477761965' F='Height*0.46875'/></Row><Row T='LineTo' IX='3'><Cell N='X' V='0.04423253618261303' F='Width*0.99999995873995'/><Cell N='Y' V='0.06835937408130227' F='Height*0.53125'/></Row><Row T='LineTo' IX='4'><Cell N='X' V='0' F='Width*0'/><Cell N='Y' V='0.06835937408130227' F='Height*0.53125'/></Row><Row T='LineTo' IX='5'><Cell N='X' V='0' F='Width*0'/><Cell N='Y' V='0.06031709477761965' F='Height*0.46875'/></Row></Section><Section N='Geometry' IX='4'><Cell N='NoFill' V='0'/><Cell N='NoLine' V='0'/><Cell N='NoShow' V='0'/><Cell N='NoSnap' V='0' F='No Formula'/><Cell N='NoQuickDrag' V='0' F='No Formula'/><Row T='MoveTo' IX='1'><Cell N='X' V='0' F='Width*0'/><Cell N='Y' V='0.0402113965184131' F='Height*0.3125'/></Row><Row T='LineTo' IX='2'><Cell N='X' V='0.04423253618673284' F='Width*0.99999995883309'/><Cell N='Y' V='0.0402113965184131' F='Height*0.3125'/></Row><Row T='LineTo' IX='3'><Cell N='X' V='0.04423253618673284' F='Width*0.99999995883309'/><Cell N='Y' V='0.04825367582209572' F='Height*0.375'/></Row><Row T='LineTo' IX='4'><Cell N='X' V='0' F='Width*0'/><Cell N='Y' V='0.04825367582209572' F='Height*0.375'/></Row><Row T='LineTo' IX='5'><Cell N='X' V='0' F='Width*0'/><Cell N='Y' V='0.0402113965184131' F='Height*0.3125'/></Row></Section><Section N='Geometry' IX='5'><Cell N='NoFill' V='0'/><Cell N='NoLine' V='0'/><Cell N='NoShow' V='0'/><Cell N='NoSnap' V='0' F='No Formula'/><Cell N='NoQuickDrag' V='0' F='No Formula'/><Row T='MoveTo' IX='1'><Cell N='X' V='0' F='Width*0'/><Cell N='Y' V='0.02010569825920655' F='Height*0.15625'/></Row><Row T='LineTo' IX='2'><Cell N='X' V='0.04423253619085271' F='Width*0.99999995892623'/><Cell N='Y' V='0.02010569825920655' F='Height*0.15625'/></Row><Row T='LineTo' IX='3'><Cell N='X' V='0.04423253619085271' F='Width*0.99999995892623'/><Cell N='Y' V='0.02814797756288917' F='Height*0.21875'/></Row><Row T='LineTo' IX='4'><Cell N='X' V='0' F='Width*0'/><Cell N='Y' V='0.02814797756288917' F='Height*0.21875'/></Row><Row T='LineTo' IX='5'><Cell N='X' V='0' F='Width*0'/><Cell N='Y' V='0.02010569825920655' F='Height*0.15625'/></Row></Section><Section N='Geometry' IX='6'><Cell N='NoFill' V='0'/><Cell N='NoLine' V='0'/><Cell N='NoShow' V='0'/><Cell N='NoSnap' V='0' F='No Formula'/><Cell N='NoQuickDrag' V='0' F='No Formula'/><Row T='MoveTo' IX='1'><Cell N='X' V='0' F='Width*0'/><Cell N='Y' V='0.1206341895552393' F='Height*0.9375'/></Row><Row T='LineTo' IX='2'><Cell N='X' V='0.04423253617025441' F='Width*0.99999995846055'/><Cell N='Y' V='0.1206341895552393' F='Height*0.9375'/></Row><Row T='LineTo' IX='3'><Cell N='X' V='0.04423253617025441' F='Width*0.99999995846055'/><Cell N='Y' V='0.1286764688589219' F='Height*1'/></Row><Row T='LineTo' IX='4'><Cell N='X' V='0' F='Width*0'/><Cell N='Y' V='0.1286764688589219' F='Height*1'/></Row><Row T='LineTo' IX='5'><Cell N='X' V='0' F='Width*0'/><Cell N='Y' V='0.1206341895552393' F='Height*0.9375'/></Row></Section></Shape><Shape ID='16' Type='Shape' LineStyle='18' FillStyle='18' TextStyle='18'><Cell N='PinX' V='0.125' F='Sheet.5!Width*0.66666666666667'/><Cell N='PinY' V='0.28125' F='Sheet.5!Height*0.5625'/><Cell N='Width' V='0.25' F='Sheet.5!Width*1.3333333333333'/><Cell N='Height' V='0.5625' F='Sheet.5!Height*1.125'/><Cell N='LocPinX' V='0.125' F='Width*0.5'/><Cell N='LocPinY' V='0.28125' F='Height*0.5'/><Cell N='Angle' V='0'/><Cell N='FlipX' V='0' F='GUARD(0)'/><Cell N='FlipY' V='0' F='GUARD(0)'/><Cell N='ResizeMode' V='0'/><Cell N='FillPattern' V='0' F='THEMEVAL("FillPattern",0)'/><Cell N='ShdwPattern' V='0' F='GUARD(0)'/><Cell N='Copyright' V='Copyright (c) 2012 Microsoft Corporation.  All rights reserved.'/><Cell N='LockWidth' V='1'/><Cell N='LockHeight' V='1'/><Cell N='LockDelete' V='1' F='NOT(ISERROR(Sheet.5!Width))'/><Cell N='LockRotate' V='1'/><Cell N='LayerMember' V='0'/><Cell N='DontMoveChildren' V='1'/><Cell N='FillGradientEnabled' V='0' F='THEMEVAL("FillGradientEnabled",FALSE)'/><Cell N='QuickStyleVariation' V='2'/><Section N='Geometry' IX='0'><Cell N='NoFill' V='0'/><Cell N='NoLine' V='0'/><Cell N='NoShow' V='0'/><Cell N='NoSnap' V='0' F='No Formula'/><Cell N='NoQuickDrag' V='0' F='No Formula'/><Row T='MoveTo' IX='1'><Cell N='X' V='0.0078125' F='Width*0.03125'/><Cell N='Y' V='0' F='Height*0'/></Row><Row T='LineTo' IX='2'><Cell N='X' V='0.0078125' F='Width*0.03125'/><Cell N='Y' V='0.01171875' F='Height*0.020833333333333'/></Row><Row T='LineTo' IX='3'><Cell N='X' V='0' F='Width*0'/><Cell N='Y' V='0.01171875' F='Height*0.020833333333333'/></Row><Row T='LineTo' IX='4'><Cell N='X' V='0' F='Width*0'/><Cell N='Y' V='0.5' F='Height*0.88888888888889'/></Row><Row T='LineTo' IX='5'><Cell N='X' V='0.0625' F='Width*0.25'/><Cell N='Y' V='0.5625' F='Height*1'/></Row><Row T='LineTo' IX='6'><Cell N='X' V='0.25' F='Width*1'/><Cell N='Y' V='0.5625' F='Height*1'/></Row><Row T='LineTo' IX='7'><Cell N='X' V='0.25' F='Width*1'/><Cell N='Y' V='0.07421875' F='Height*0.13194444444444'/></Row><Row T='LineTo' IX='8'><Cell N='X' V='0.24609375' F='Width*0.984375'/><Cell N='Y' V='0.0703125' F='Height*0.125'/></Row><Row T='LineTo' IX='9'><Cell N='X' V='0.24609375' F='Width*0.984375'/><Cell N='Y' V='0.06640625' F='Height*0.11805555555556'/></Row><Row T='LineTo' IX='10'><Cell N='X' V='0.1796875' F='Width*0.71875'/><Cell N='Y' V='0' F='Height*0'/></Row><Row T='LineTo' IX='11'><Cell N='X' V='0.0078125' F='Geometry1.X1'/><Cell N='Y' V='0' F='Geometry1.Y1'/></Row></Section></Shape><Shape ID='10' Type='Shape' LineStyle='18' FillStyle='18' TextStyle='25'><Cell N='PinX' V='0' F='Sheet.5!Width*0'/><Cell N='PinY' V='0' F='Sheet.5!Height*0'/><Cell N='Width' V='0.3700052757938369' F='GUARD(MAX(Sheet.5!Width*0.25,TxtWidth))'/><Cell N='Height' V='0.1889383802625868' F='GUARD(TxtHeight)'/><Cell N='LocPinX' V='0.09125263789691843' F='GUARD(Width*Sheet.5!Scratch.A1-Sheet.5!Controls.Row_1)'/><Cell N='LocPinY' V='0.1889383802625868' F='GUARD(Height*Sheet.5!Scratch.B1-Sheet.5!Controls.Row_1.Y)'/><Cell N='Angle' V='0'/><Cell N='FlipX' V='0' F='GUARD(0)'/><Cell N='FlipY' V='0' F='GUARD(0)'/><Cell N='ResizeMode' V='0'/><Cell N='LayerMember' V='0'/><Cell N='LockWidth' V='1'/><Cell N='LockHeight' V='1'/><Cell N='LockDelete' V='1' F='NOT(ISERROR(Sheet.5!Width))'/><Cell N='LockRotate' V='1'/><Cell N='ShdwPattern' V='0' F='GUARD(0)'/><Cell N='TxtPinX' V='0.1537834427518134' F='Width*0.415625'/><Cell N='TxtPinY' V='0.1889383802625868' F='Height*1'/><Cell N='TxtWidth' V='0.3700052757938369' F='TEXTWIDTH(TheText,100)'/><Cell N='TxtHeight' V='0.1889383802625868' F='TEXTHEIGHT(TheText,Width)'/><Cell N='TxtLocPinX' V='0.1537834427518134' F='TxtWidth*0.415625'/><Cell N='TxtLocPinY' V='0.1889383802625868' F='TxtHeight*1'/><Cell N='TxtAngle' V='0'/><Cell N='Copyright' V='Copyright (c) 2012 Microsoft Corporation.  All rights reserved.'/><Cell N='DontMoveChildren' V='1'/><Cell N='QuickStyleVariation' V='2'/><Section N='User'><Row N='FillPattern'><Cell N='Value' V='1'/><Cell N='Prompt' V='' F='No Formula'/></Row><Row N='FillForegnd'><Cell N='Value' V='1'/><Cell N='Prompt' V='' F='No Formula'/></Row><Row N='FillBkgnd'><Cell N='Value' V='0'/><Cell N='Prompt' V='' F='No Formula'/></Row></Section><Section N='Geometry' IX='0'><Cell N='NoFill' V='1'/><Cell N='NoLine' V='0'/><Cell N='NoShow' V='1'/><Cell N='NoSnap' V='0' F='No Formula'/><Cell N='NoQuickDrag' V='0' F='No Formula'/><Row T='MoveTo' IX='1'><Cell N='X' V='0' F='Width*0'/><Cell N='Y' V='0' F='Height*0'/></Row><Row T='LineTo' IX='2'><Cell N='X' V='0.3700052757938369' F='Width*1'/><Cell N='Y' V='0' F='Height*0'/></Row><Row T='LineTo' IX='3'><Cell N='X' V='0.3700052757938369' F='Width*1'/><Cell N='Y' V='0.1889383802625868' F='Height*1'/></Row><Row T='LineTo' IX='4'><Cell N='X' V='0' F='Width*0'/><Cell N='Y' V='0.1889383802625868' F='Height*1'/></Row><Row T='LineTo' IX='5'><Cell N='X' V='0' F='Geometry1.X1'/><Cell N='Y' V='0' F='Geometry1.Y1'/></Row></Section><Text>Server
</Text></Shape></Shapes></Shape></Shapes></MasterContents>