<?xml version='1.0' encoding='utf-8' ?>
<MasterContents xmlns='http://schemas.microsoft.com/office/visio/2012/main' xmlns:r='http://schemas.openxmlformats.org/officeDocument/2006/relationships' xml:space='preserve'><Shapes><Shape ID='4' Type='Group' LineStyle='7' FillStyle='7' TextStyle='7' UniqueID='{FC580224-5C11-43F7-AEF4-1F1454641A7B}'><Cell N='PinX' V='1.5'/><Cell N='PinY' V='1.5'/><Cell N='Width' V='1'/><Cell N='Height' V='0.5'/><Cell N='LocPinX' V='0.5' F='Width*0.5'/><Cell N='LocPinY' V='0.25' F='Height*0.5'/><Cell N='Angle' V='0' U='DEG'/><Cell N='FlipX' V='0'/><Cell N='FlipY' V='0'/><Cell N='ResizeMode' V='0'/><Cell N='HelpTopic' V='Vis_SBl.chm!#45888'/><Cell N='Copyright' V='Copyright (c) 2012 Microsoft Corporation.  All rights reserved.'/><Cell N='EventDblClick' V='0' F='OPENTEXTWIN()'/><Cell N='SelectMode' V='0'/><Cell N='IsSnapTarget' V='0'/><Cell N='LockGroup' V='1'/><Cell N='ShdwPattern' V='0' F='GUARD(0)'/><Cell N='ObjType' V='8'/><Cell N='ShapeSplit' V='1'/><Cell N='BeginArrow' V='0' F='GUARD(0)'/><Cell N='EndArrow' V='0' F='GUARD(0)'/><Section N='Scratch'><Row IX='0'><Cell N='X' V='0.25' U='IN'/><Cell N='Y' V='0' F='No Formula'/><Cell N='A' V='0' U='BOOL'/><Cell N='B' V='0' F='No Formula'/><Cell N='C' V='0' F='No Formula'/><Cell N='D' V='0' F='No Formula'/></Row></Section><Section N='Actions'><Row N='Row_1'><Cell N='Menu' V='C&amp;lose Tail' F='IF(Scratch.A1=1,"Ope&amp;n Tail","C&amp;lose Tail")'/><Cell N='Action' V='0' F='SETF(GetRef(Scratch.A1),NOT(Scratch.A1))'/><Cell N='Checked' V='0' F='No Formula'/><Cell N='Disabled' V='0' F='No Formula'/><Cell N='ReadOnly' V='0' F='No Formula'/><Cell N='Invisible' V='0' F='No Formula'/><Cell N='BeginGroup' V='0' F='No Formula'/><Cell N='FlyoutChild' V='0' F='No Formula'/><Cell N='TagName' V='' F='No Formula'/><Cell N='ButtonFace' V='' F='No Formula'/><Cell N='SortKey' V='' F='No Formula'/></Row></Section><Section N='User'><Row N='visVersion'><Cell N='Value' V='15'/><Cell N='Prompt' V='' F='No Formula'/></Row></Section><Shapes><Shape ID='5' Type='Shape' LineStyle='2' FillStyle='7' TextStyle='7'><Cell N='PinX' V='0.5' F='Sheet.4!Width*0.5'/><Cell N='PinY' V='0.25' F='Sheet.4!Height*0.5'/><Cell N='Width' V='1' F='Sheet.4!Width*1'/><Cell N='Height' V='0.5' F='Sheet.4!Height*1'/><Cell N='LocPinX' V='0.5' F='Width*0.5'/><Cell N='LocPinY' V='0.25' F='Height*0.5'/><Cell N='Angle' V='0' U='DEG'/><Cell N='FlipX' V='0'/><Cell N='FlipY' V='0'/><Cell N='ResizeMode' V='0'/><Cell N='BeginArrow' V='0' F='GUARD(0)'/><Cell N='EndArrow' V='0' F='GUARD(0)'/><Cell N='TxtPinX' V='0.5' F='Width*0.5'/><Cell N='TxtPinY' V='0.25' F='Height*0.5'/><Cell N='TxtWidth' V='1' F='Width*1'/><Cell N='TxtHeight' V='0.5' F='Height*1'/><Cell N='TxtLocPinX' V='0.5' F='TxtWidth*0.5'/><Cell N='TxtLocPinY' V='0.25' F='TxtHeight*0.5'/><Cell N='TxtAngle' V='0' U='DEG' F='IF(AND(Sheet.4!Angle&gt;-90DEG,Sheet.4!Angle&lt;=90DEG),0DEG,180DEG)'/><Cell N='LockDelete' V='1'/><Cell N='LockCalcWH' V='1'/><Cell N='Copyright' V='Copyright (c) 2012 Microsoft Corporation.  All rights reserved.'/><Section N='Scratch'><Row IX='0'><Cell N='X' V='0.125' F='MIN(Height*0.25,Width/3)'/><Cell N='Y' V='0.125' F='Height/4'/><Cell N='A' V='-0.03125' U='DT' F='IF(Sheet.4!Scratch.A1=0,LineWeight*(-3),0)'/><Cell N='B' V='0' F='No Formula'/><Cell N='C' V='0' F='No Formula'/><Cell N='D' V='0' F='No Formula'/></Row></Section><Section N='Geometry' IX='0'><Cell N='NoFill' V='0'/><Cell N='NoLine' V='0'/><Cell N='NoShow' V='0'/><Cell N='NoSnap' V='0' F='No Formula'/><Cell N='NoQuickDrag' V='0' F='No Formula'/><Row T='MoveTo' IX='1'><Cell N='X' V='-0.03125' F='Scratch.A1'/><Cell N='Y' V='0.125' F='Scratch.Y1'/></Row><Row T='LineTo' IX='2'><Cell N='X' V='0.875' F='Width-Scratch.X1'/><Cell N='Y' V='0.125' F='Geometry1.Y1'/></Row><Row T='LineTo' IX='3'><Cell N='X' V='0.875' F='Geometry1.X2'/><Cell N='Y' V='0' U='IN'/></Row><Row T='LineTo' IX='4'><Cell N='X' V='1' F='Width'/><Cell N='Y' V='0.25' F='Height/2'/></Row><Row T='LineTo' IX='5'><Cell N='X' V='0.875' F='Geometry1.X2'/><Cell N='Y' V='0.5' F='Height'/></Row><Row T='LineTo' IX='6'><Cell N='X' V='0.875' F='Geometry1.X5'/><Cell N='Y' V='0.375' F='Height-Geometry1.Y1'/></Row><Row T='LineTo' IX='7'><Cell N='X' V='-0.03125' F='Geometry1.X1'/><Cell N='Y' V='0.375' F='Geometry1.Y6'/></Row></Section><Text/></Shape><Shape ID='6' Type='Shape' LineStyle='7' FillStyle='7' TextStyle='7'><Cell N='PinX' V='0.5' F='Sheet.4!Width*0.5'/><Cell N='PinY' V='0.25' F='Sheet.4!Height*0.5'/><Cell N='Width' V='1' F='Sheet.4!Width*1'/><Cell N='Height' V='0.5' F='Sheet.4!Height*1'/><Cell N='LocPinX' V='0.5' F='Width*0.5'/><Cell N='LocPinY' V='0.25' F='Height*0.5'/><Cell N='Angle' V='0' U='DEG'/><Cell N='FlipX' V='0'/><Cell N='FlipY' V='0'/><Cell N='ResizeMode' V='0'/><Cell N='BeginArrow' V='0' F='GUARD(0)'/><Cell N='EndArrow' V='0' F='GUARD(0)'/><Cell N='ShdwForegnd' V='0' F='GUARD(0)'/><Cell N='ShdwPattern' V='0' F='GUARD(0)'/><Cell N='TxtPinX' V='0.5' F='Width*0.5'/><Cell N='TxtPinY' V='0.25' F='Height*0.5'/><Cell N='TxtWidth' V='1' F='Width*1'/><Cell N='TxtHeight' V='0.5' F='Height*1'/><Cell N='TxtLocPinX' V='0.5' F='TxtWidth*0.5'/><Cell N='TxtLocPinY' V='0.25' F='TxtHeight*0.5'/><Cell N='TxtAngle' V='0' U='DEG' F='IF(AND(Sheet.4!Angle&gt;-90DEG,Sheet.4!Angle&lt;=90DEG),0DEG,180DEG)'/><Cell N='LockDelete' V='1'/><Cell N='LockCalcWH' V='1'/><Cell N='Copyright' V='Copyright (c) 2012 Microsoft Corporation.  All rights reserved.'/><Section N='Scratch'><Row IX='0'><Cell N='X' V='0.125' F='MIN(Height*0.25,Width/3)'/><Cell N='Y' V='0.125' F='Height/4'/><Cell N='A' V='0' F='No Formula'/><Cell N='B' V='0' F='No Formula'/><Cell N='C' V='0' F='No Formula'/><Cell N='D' V='0' F='No Formula'/></Row></Section><Section N='Geometry' IX='0'><Cell N='NoFill' V='1'/><Cell N='NoLine' V='0'/><Cell N='NoShow' V='0'/><Cell N='NoSnap' V='0' F='No Formula'/><Cell N='NoQuickDrag' V='0' F='No Formula'/><Row T='MoveTo' IX='1'><Cell N='X' V='0' U='IN'/><Cell N='Y' V='0.125' F='Scratch.Y1'/></Row><Row T='LineTo' IX='2'><Cell N='X' V='0.875' F='Width-Scratch.X1'/><Cell N='Y' V='0.125' F='Geometry1.Y1'/></Row><Row T='LineTo' IX='3'><Cell N='X' V='0.875' F='Geometry1.X2'/><Cell N='Y' V='0' U='IN'/></Row><Row T='LineTo' IX='4'><Cell N='X' V='1' F='Width'/><Cell N='Y' V='0.25' F='Height/2'/></Row><Row T='LineTo' IX='5'><Cell N='X' V='0.875' F='Geometry1.X2'/><Cell N='Y' V='0.5' F='Height'/></Row><Row T='LineTo' IX='6'><Cell N='X' V='0.875' F='Geometry1.X5'/><Cell N='Y' V='0.375' F='Height-Geometry1.Y1'/></Row><Row T='LineTo' IX='7'><Cell N='X' V='0' U='IN'/><Cell N='Y' V='0.375' F='Geometry1.Y6'/></Row><Row T='LineTo' IX='8'><Cell N='X' V='0' F='Width*0'/><Cell N='Y' V='0.375' F='IF(Sheet.4!Scratch.A1=0,Geometry1.Y6,Scratch.Y1)'/></Row></Section><Text/></Shape><Shape ID='8' Type='Shape' LineStyle='3' FillStyle='3' TextStyle='3'><Cell N='PinX' V='-0.003333333333333333' U='PT' F='GUARD(-Sheet.6!LineWeight)'/><Cell N='PinY' V='0.25' F='GUARD(Sheet.4!Height*0.5)'/><Cell N='Width' V='0.006666666666666666' U='PT' F='GUARD(Sheet.6!LineWeight*2)'/><Cell N='Height' V='0.2433333333333334' U='PT' F='GUARD(Sheet.4!Height*0.5-(2*Sheet.6!LineWeight))'/><Cell N='LocPinX' V='0.003333333333333333' U='PT' F='Width*0.5'/><Cell N='LocPinY' V='0.1216666666666667' U='PT' F='Height*0.5'/><Cell N='Angle' V='0'/><Cell N='FlipX' V='0'/><Cell N='FlipY' V='0'/><Cell N='ResizeMode' V='0'/><Cell N='LineColor' V='#dde2cd' F='GUARD(Sheet.6!FillForegnd)'/><Cell N='LinePattern' V='0'/><Cell N='BeginArrow' V='0' F='GUARD(0)'/><Cell N='EndArrow' V='0' F='GUARD(0)'/><Cell N='ShdwPattern' V='0' F='GUARD(0)'/><Cell N='Copyright' V='Copyright (c) 2012 Microsoft Corporation.  All rights reserved.'/><Cell N='LockDelete' V='1'/><Section N='Geometry' IX='0'><Cell N='NoFill' V='0'/><Cell N='NoLine' V='0'/><Cell N='NoShow' V='0' F='Sheet.4!Scratch.A1'/><Cell N='NoSnap' V='0'/><Cell N='NoQuickDrag' V='0' F='No Formula'/><Row T='MoveTo' IX='1'><Cell N='X' V='0' U='PT' F='Width*0'/><Cell N='Y' V='0' U='PT' F='Height*0'/></Row><Row T='LineTo' IX='2'><Cell N='X' V='0.006666666666666666' U='PT' F='Width*1'/><Cell N='Y' V='0' U='PT' F='Height*0'/></Row><Row T='LineTo' IX='3'><Cell N='X' V='0.006666666666666666' U='PT' F='Width*1'/><Cell N='Y' V='0.2433333333333334' U='PT' F='Height*1'/></Row><Row T='LineTo' IX='4'><Cell N='X' V='0' U='PT' F='Width*0'/><Cell N='Y' V='0.2433333333333334' U='PT' F='Height*1'/></Row><Row T='LineTo' IX='5'><Cell N='X' V='0' U='PT' F='Geometry1.X1'/><Cell N='Y' V='0' U='PT' F='Geometry1.Y1'/></Row></Section></Shape></Shapes></Shape></Shapes></MasterContents>