<?xml version='1.0' encoding='utf-8' ?>
<MasterContents xmlns='http://schemas.microsoft.com/office/visio/2012/main' xmlns:r='http://schemas.openxmlformats.org/officeDocument/2006/relationships' xml:space='preserve'><Shapes><Shape ID='5' Type='Group' LineStyle='9' FillStyle='9' TextStyle='9'><Cell N='PinX' V='8.327604166666667'/><Cell N='PinY' V='10.921875'/><Cell N='Width' V='0.6552083333333333'/><Cell N='Height' V='0.84375'/><Cell N='LocPinX' V='0.3276041666666666' F='Width*0.5'/><Cell N='LocPinY' V='0.421875' F='Height*0.5'/><Cell N='Angle' V='0'/><Cell N='FlipX' V='0'/><Cell N='FlipY' V='0'/><Cell N='ResizeMode' V='0'/><Cell N='QuickStyleVariation' V='4'/><Shapes><Shape ID='6' Type='Group' LineStyle='9' FillStyle='9' TextStyle='9'><Cell N='PinX' V='0.3276041666666666' F='Sheet.5!Width*0.5'/><Cell N='PinY' V='0.421875' F='Sheet.5!Height*0.5'/><Cell N='Width' V='0.6552083333333333' F='Sheet.5!Width*1'/><Cell N='Height' V='0.84375' F='Sheet.5!Height*1'/><Cell N='LocPinX' V='0.3276041666666666' F='Width*0.5'/><Cell N='LocPinY' V='0.421875' F='Height*0.5'/><Cell N='Angle' V='0'/><Cell N='FlipX' V='0'/><Cell N='FlipY' V='0'/><Cell N='ResizeMode' V='0'/><Cell N='QuickStyleVariation' V='4'/><Shapes><Shape ID='7' Type='Group' LineStyle='9' FillStyle='9' TextStyle='9'><Cell N='PinX' V='0.2187500000000028' F='Sheet.6!Width*0.33386327503975'/><Cell N='PinY' V='0.4479166666666631' F='Sheet.6!Height*0.53086419753086'/><Cell N='Width' V='0.4374999999999992' F='Sheet.6!Width*0.66772655007949'/><Cell N='Height' V='0.7916666666666653' F='Sheet.6!Height*0.93827160493827'/><Cell N='LocPinX' V='0.21875' F='Width*0.5'/><Cell N='LocPinY' V='0.3958333333333333' F='Height*0.5'/><Cell N='Angle' V='0'/><Cell N='FlipX' V='0'/><Cell N='FlipY' V='0'/><Cell N='ResizeMode' V='0'/><Cell N='QuickStyleVariation' V='4'/><Shapes><Shape ID='8' Type='Shape' LineStyle='9' FillStyle='9' TextStyle='9'><Cell N='PinX' V='0.21875' F='Sheet.7!Width*0.5'/><Cell N='PinY' V='0.3958333333333327' F='Sheet.7!Height*0.5'/><Cell N='Width' V='0.4374999999999992' F='Sheet.7!Width*1'/><Cell N='Height' V='0.7916666666666653' F='Sheet.7!Height*1'/><Cell N='LocPinX' V='0.21875' F='Width*0.5'/><Cell N='LocPinY' V='0.3958333333333333' F='Height*0.5'/><Cell N='Angle' V='0'/><Cell N='FlipX' V='0'/><Cell N='FlipY' V='0'/><Cell N='ResizeMode' V='0'/><Cell N='FillForegnd' V='1' F='THEMEVAL("FillColor",1)'/><Section N='Geometry' IX='0'><Cell N='NoFill' V='0'/><Cell N='NoLine' V='0'/><Cell N='NoShow' V='0'/><Cell N='NoSnap' V='0'/><Cell N='NoQuickDrag' V='0'/><Row T='MoveTo' IX='1'><Cell N='X' V='0' F='Width*0'/><Cell N='Y' V='0' F='Height*0'/></Row><Row T='LineTo' IX='2'><Cell N='X' V='0' F='Width*0'/><Cell N='Y' V='0.7187499999999988' F='Height*0.90789473684211'/></Row><Row T='NURBSTo' IX='3'><Cell N='X' V='0.07291666666666655' F='Width*0.16666666666667'/><Cell N='Y' V='0.7916666666666653' F='Height*1'/><Cell N='A' V='0'/><Cell N='B' V='1'/><Cell N='C' V='0'/><Cell N='D' V='1'/><Cell N='E' V='NURBS(1, 3, 0, 0, 0,0.95921052631579,0,1, 0.073809523809524,1,0,1)' U='NURBS' F='NURBS(1,3,0,0,0,0.95921052631579,0,1,0.073809523809524,1,0,1)'/></Row><Row T='LineTo' IX='4'><Cell N='X' V='0.3645833333333326' F='Width*0.83333333333333'/><Cell N='Y' V='0.7916666666666653' F='Height*1'/></Row><Row T='NURBSTo' IX='5'><Cell N='X' V='0.4374999999999992' F='Width*1'/><Cell N='Y' V='0.7187499999999988' F='Height*0.90789473684211'/><Cell N='A' V='0'/><Cell N='B' V='1'/><Cell N='C' V='0'/><Cell N='D' V='1'/><Cell N='E' V='NURBS(1, 3, 0, 0, 0.92619047619048,1,0,1, 1,0.95921052631579,0,1)' U='NURBS' F='NURBS(1,3,0,0,0.92619047619048,1,0,1,1,0.95921052631579,0,1)'/></Row><Row T='LineTo' IX='6'><Cell N='X' V='0.4374999999999992' F='Width*1'/><Cell N='Y' V='0' F='Height*0'/></Row><Row T='LineTo' IX='7'><Cell N='X' V='0' F='Width*0'/><Cell N='Y' V='0' F='Height*0'/></Row><Row T='LineTo' IX='8'><Cell N='X' V='0' F='Width*0'/><Cell N='Y' V='0' F='Height*0'/></Row></Section></Shape><Shape ID='9' Type='Shape' LineStyle='9' FillStyle='9' TextStyle='9'><Cell N='PinX' V='0.21875' F='Sheet.7!Width*0.5'/><Cell N='PinY' V='0.3958333333333327' F='Sheet.7!Height*0.5'/><Cell N='Width' V='0.3750000000000006' F='Sheet.7!Width*0.85714285714286'/><Cell N='Height' V='0.7291666666666675' F='Sheet.7!Height*0.92105263157895'/><Cell N='LocPinX' V='0.1875' F='Width*0.5'/><Cell N='LocPinY' V='0.3645833333333333' F='Height*0.5'/><Cell N='Angle' V='0'/><Cell N='FlipX' V='0'/><Cell N='FlipY' V='0'/><Cell N='ResizeMode' V='0'/><Cell N='FillForegnd' V='#505150' F='THEMEVAL("FillColor",RGB(80,81,80))'/><Section N='Geometry' IX='0'><Cell N='NoFill' V='0'/><Cell N='NoLine' V='0'/><Cell N='NoShow' V='0'/><Cell N='NoSnap' V='0'/><Cell N='NoQuickDrag' V='0'/><Row T='MoveTo' IX='1'><Cell N='X' V='0.3333333333333338' F='Width*0.88888888888889'/><Cell N='Y' V='0.7291666666666675' F='Height*1'/></Row><Row T='LineTo' IX='2'><Cell N='X' V='0.04166666666666676' F='Width*0.11111111111111'/><Cell N='Y' V='0.7291666666666675' F='Height*1'/></Row><Row T='NURBSTo' IX='3'><Cell N='X' V='0' F='Width*0'/><Cell N='Y' V='0.6875000000000009' F='Height*0.94285714285714'/><Cell N='A' V='0'/><Cell N='B' V='1'/><Cell N='C' V='0'/><Cell N='D' V='1'/><Cell N='E' V='NURBS(1, 3, 0, 0, 0.05,1,0,1, 0,0.97428571428571,0,1)' U='NURBS' F='NURBS(1,3,0,0,0.05,1,0,1,0,0.97428571428571,0,1)'/></Row><Row T='LineTo' IX='4'><Cell N='X' V='0' F='Width*0'/><Cell N='Y' V='0' F='Height*0'/></Row><Row T='LineTo' IX='5'><Cell N='X' V='0.3750000000000006' F='Width*1'/><Cell N='Y' V='0' F='Height*0'/></Row><Row T='LineTo' IX='6'><Cell N='X' V='0.3750000000000006' F='Width*1'/><Cell N='Y' V='0.6875000000000009' F='Height*0.94285714285714'/></Row><Row T='NURBSTo' IX='7'><Cell N='X' V='0.3333333333333338' F='Width*0.88888888888889'/><Cell N='Y' V='0.7291666666666675' F='Height*1'/><Cell N='A' V='0'/><Cell N='B' V='1'/><Cell N='C' V='0'/><Cell N='D' V='1'/><Cell N='E' V='NURBS(1, 3, 0, 0, 1,0.97428571428571,0,1, 0.95,1,0,1)' U='NURBS' F='NURBS(1,3,0,0,1,0.97428571428571,0,1,0.95,1,0,1)'/></Row><Row T='LineTo' IX='8'><Cell N='X' V='0.3333333333333338' F='Width*0.88888888888889'/><Cell N='Y' V='0.7291666666666675' F='Height*1'/></Row></Section><Section N='Geometry' IX='1'><Cell N='NoFill' V='0'/><Cell N='NoLine' V='0'/><Cell N='NoShow' V='0'/><Cell N='NoSnap' V='0'/><Cell N='NoQuickDrag' V='0'/><Row T='MoveTo' IX='1'><Cell N='X' V='0.3020833333333338' F='Width*0.80555555555556'/><Cell N='Y' V='0.08333333333333344' F='Height*0.11428571428571'/></Row><Row T='LineTo' IX='2'><Cell N='X' V='0.0729166666666668' F='Width*0.19444444444444'/><Cell N='Y' V='0.08333333333333344' F='Height*0.11428571428571'/></Row><Row T='LineTo' IX='3'><Cell N='X' V='0.0729166666666668' F='Width*0.19444444444444'/><Cell N='Y' V='0.1145833333333335' F='Height*0.15714285714286'/></Row><Row T='LineTo' IX='4'><Cell N='X' V='0.3020833333333338' F='Width*0.80555555555556'/><Cell N='Y' V='0.1145833333333335' F='Height*0.15714285714286'/></Row><Row T='LineTo' IX='5'><Cell N='X' V='0.3020833333333338' F='Width*0.80555555555556'/><Cell N='Y' V='0.08333333333333344' F='Height*0.11428571428571'/></Row><Row T='LineTo' IX='6'><Cell N='X' V='0.3020833333333338' F='Width*0.80555555555556'/><Cell N='Y' V='0.08333333333333344' F='Height*0.11428571428571'/></Row></Section><Section N='Geometry' IX='2'><Cell N='NoFill' V='0'/><Cell N='NoLine' V='0'/><Cell N='NoShow' V='0'/><Cell N='NoSnap' V='0'/><Cell N='NoQuickDrag' V='0'/><Row T='MoveTo' IX='1'><Cell N='X' V='0.3020833333333338' F='Width*0.80555555555556'/><Cell N='Y' V='0.1770833333333336' F='Height*0.24285714285714'/></Row><Row T='LineTo' IX='2'><Cell N='X' V='0.0729166666666668' F='Width*0.19444444444444'/><Cell N='Y' V='0.1770833333333336' F='Height*0.24285714285714'/></Row><Row T='LineTo' IX='3'><Cell N='X' V='0.0729166666666668' F='Width*0.19444444444444'/><Cell N='Y' V='0.2083333333333337' F='Height*0.28571428571429'/></Row><Row T='LineTo' IX='4'><Cell N='X' V='0.3020833333333338' F='Width*0.80555555555556'/><Cell N='Y' V='0.2083333333333337' F='Height*0.28571428571429'/></Row><Row T='LineTo' IX='5'><Cell N='X' V='0.3020833333333338' F='Width*0.80555555555556'/><Cell N='Y' V='0.1770833333333336' F='Height*0.24285714285714'/></Row><Row T='LineTo' IX='6'><Cell N='X' V='0.3020833333333338' F='Width*0.80555555555556'/><Cell N='Y' V='0.1770833333333336' F='Height*0.24285714285714'/></Row></Section><Section N='Geometry' IX='3'><Cell N='NoFill' V='0'/><Cell N='NoLine' V='0'/><Cell N='NoShow' V='0'/><Cell N='NoSnap' V='0'/><Cell N='NoQuickDrag' V='0'/><Row T='MoveTo' IX='1'><Cell N='X' V='0.3020833333333338' F='Width*0.80555555555556'/><Cell N='Y' V='0.6041666666666673' F='Height*0.82857142857143'/></Row><Row T='LineTo' IX='2'><Cell N='X' V='0.0729166666666668' F='Width*0.19444444444444'/><Cell N='Y' V='0.6041666666666673' F='Height*0.82857142857143'/></Row><Row T='LineTo' IX='3'><Cell N='X' V='0.0729166666666668' F='Width*0.19444444444444'/><Cell N='Y' V='0.6354166666666674' F='Height*0.87142857142857'/></Row><Row T='LineTo' IX='4'><Cell N='X' V='0.3020833333333338' F='Width*0.80555555555556'/><Cell N='Y' V='0.6354166666666674' F='Height*0.87142857142857'/></Row><Row T='LineTo' IX='5'><Cell N='X' V='0.3020833333333338' F='Width*0.80555555555556'/><Cell N='Y' V='0.6041666666666673' F='Height*0.82857142857143'/></Row><Row T='LineTo' IX='6'><Cell N='X' V='0.3020833333333338' F='Width*0.80555555555556'/><Cell N='Y' V='0.6041666666666673' F='Height*0.82857142857143'/></Row></Section></Shape></Shapes></Shape><Shape ID='10' Type='Group' LineStyle='9' FillStyle='9' TextStyle='9'><Cell N='PinX' V='0.4734374999999975' F='Sheet.6!Width*0.72257551669316'/><Cell N='PinY' V='0.2244791666666672' F='Sheet.6!Height*0.26604938271605'/><Cell N='Width' V='0.363541666666665' F='Sheet.6!Width*0.55484896661367'/><Cell N='Height' V='0.4489583333333344' F='Sheet.6!Height*0.5320987654321'/><Cell N='LocPinX' V='0.1817708333333334' F='Width*0.5'/><Cell N='LocPinY' V='0.2244791666666667' F='Height*0.5'/><Cell N='Angle' V='0'/><Cell N='FlipX' V='0'/><Cell N='FlipY' V='0'/><Cell N='ResizeMode' V='0'/><Cell N='QuickStyleVariation' V='4'/><Shapes><Shape ID='11' Type='Shape' LineStyle='9' FillStyle='9' TextStyle='9'><Cell N='PinX' V='0.1817708333333325' F='Sheet.10!Width*0.5'/><Cell N='PinY' V='0.2244791666666672' F='Sheet.10!Height*0.5'/><Cell N='Width' V='0.363541666666665' F='Sheet.10!Width*1'/><Cell N='Height' V='0.4489583333333344' F='Sheet.10!Height*1'/><Cell N='LocPinX' V='0.1817708333333334' F='Width*0.5'/><Cell N='LocPinY' V='0.2244791666666667' F='Height*0.5'/><Cell N='Angle' V='0'/><Cell N='FlipX' V='0'/><Cell N='FlipY' V='0'/><Cell N='ResizeMode' V='0'/><Cell N='FillForegnd' V='1' F='THEMEVAL("FillColor",1)'/><Section N='Geometry' IX='0'><Cell N='NoFill' V='0'/><Cell N='NoLine' V='0'/><Cell N='NoShow' V='0'/><Cell N='NoSnap' V='0'/><Cell N='NoQuickDrag' V='0'/><Row T='MoveTo' IX='1'><Cell N='X' V='0.363541666666665' F='Width*1'/><Cell N='Y' V='0.3697916666666675' F='Height*0.82366589327146'/></Row><Row T='NURBSTo' IX='2'><Cell N='X' V='0.1812499999999992' F='Width*0.49856733524355'/><Cell N='Y' V='0.4489583333333344' F='Height*1'/><Cell N='A' V='0'/><Cell N='B' V='1'/><Cell N='C' V='0'/><Cell N='D' V='1'/><Cell N='E' V='NURBS(1, 3, 0, 0, 1,0.95359628770302,0,1, 0.73065902578797,1,0,1)' U='NURBS' F='NURBS(1,3,0,0,1,0.95359628770302,0,1,0.73065902578797,1,0,1)'/></Row><Row T='NURBSTo' IX='3'><Cell N='X' V='0' F='Width*0'/><Cell N='Y' V='0.3697916666666675' F='Height*0.82366589327146'/><Cell N='A' V='0'/><Cell N='B' V='1'/><Cell N='C' V='0'/><Cell N='D' V='1'/><Cell N='E' V='NURBS(1, 3, 0, 0, 0.26647564469914,1,0,1, 0,0.95359628770302,0,1)' U='NURBS' F='NURBS(1,3,0,0,0.26647564469914,1,0,1,0,0.95359628770302,0,1)'/></Row><Row T='LineTo' IX='4'><Cell N='X' V='0' F='Width*0'/><Cell N='Y' V='0.3604166666666675' F='Height*0.80278422273782'/></Row><Row T='LineTo' IX='5'><Cell N='X' V='0' F='Width*0'/><Cell N='Y' V='0.101041666666667' F='Height*0.22505800464037'/></Row><Row T='LineTo' IX='6'><Cell N='X' V='0' F='Width*0'/><Cell N='Y' V='0.08750000000000024' F='Height*0.19489559164733'/></Row><Row T='LineTo' IX='7'><Cell N='X' V='0' F='Width*0'/><Cell N='Y' V='0.08645833333333367' F='Height*0.19257540603248'/></Row><Row T='NURBSTo' IX='8'><Cell N='X' V='0.1812499999999991' F='Width*0.49856733524355'/><Cell N='Y' V='5.551115123125664E-17' F='Height*1.2364432756846E-16'/><Cell N='A' V='0'/><Cell N='B' V='1'/><Cell N='C' V='0'/><Cell N='D' V='1'/><Cell N='E' V='NURBS(1, 3, 0, 0, 0.01432664756447,0.069605568445476,0,1, 0.1919770773639,1.2364432756846E-16,0,1)' U='NURBS' F='NURBS(1,3,0,0,0.01432664756447,0.069605568445476,0,1,0.1919770773639,1.2364432756846E-16,0,1)'/></Row><Row T='NURBSTo' IX='9'><Cell N='X' V='0.3624999999999982' F='Width*0.99713467048711'/><Cell N='Y' V='0.08645833333333357' F='Height*0.19257540603248'/><Cell N='A' V='0'/><Cell N='B' V='1'/><Cell N='C' V='0'/><Cell N='D' V='1'/><Cell N='E' V='NURBS(1, 3, 0, 0, 0.8080229226361,1.2364432756846E-16,0,1, 0.98567335243553,0.067285382830627,0,1)' U='NURBS' F='NURBS(1,3,0,0,0.8080229226361,1.2364432756846E-16,0,1,0.98567335243553,0.067285382830627,0,1)'/></Row><Row T='LineTo' IX='10'><Cell N='X' V='0.3624999999999982' F='Width*0.99713467048711'/><Cell N='Y' V='0.08750000000000016' F='Height*0.19489559164733'/></Row><Row T='LineTo' IX='11'><Cell N='X' V='0.3624999999999982' F='Width*0.99713467048711'/><Cell N='Y' V='0.1020833333333336' F='Height*0.22737819025522'/></Row><Row T='LineTo' IX='12'><Cell N='X' V='0.3624999999999982' F='Width*0.99713467048711'/><Cell N='Y' V='0.3572916666666675' F='Height*0.79582366589327'/></Row><Row T='LineTo' IX='13'><Cell N='X' V='0.363541666666665' F='Width*1'/><Cell N='Y' V='0.3697916666666675' F='Height*0.82366589327146'/></Row><Row T='LineTo' IX='14'><Cell N='X' V='0.363541666666665' F='Width*1'/><Cell N='Y' V='0.3697916666666675' F='Height*0.82366589327146'/></Row><Row T='LineTo' IX='15'><Cell N='X' V='0.363541666666665' F='Width*1'/><Cell N='Y' V='0.3697916666666675' F='Height*0.82366589327146'/></Row></Section></Shape><Shape ID='12' Type='Shape' LineStyle='9' FillStyle='9' TextStyle='9'><Cell N='PinX' V='0.1812499999999981' F='Sheet.10!Width*0.49856733524355'/><Cell N='PinY' V='0.1833333333333351' F='Sheet.10!Height*0.40835266821346'/><Cell N='Width' V='0.3' F='Sheet.10!Width*0.82521489971347'/><Cell N='Height' V='0.302083333333332' F='Sheet.10!Height*0.67285382830626'/><Cell N='LocPinX' V='0.15' F='Width*0.5'/><Cell N='LocPinY' V='0.1510416666666667' F='Height*0.5'/><Cell N='Angle' V='0'/><Cell N='FlipX' V='0'/><Cell N='FlipY' V='0'/><Cell N='ResizeMode' V='0'/><Cell N='FillForegnd' V='#2072b8' F='THEMEVAL("FillColor",RGB(32,114,184))'/><Section N='Geometry' IX='0'><Cell N='NoFill' V='0'/><Cell N='NoLine' V='0'/><Cell N='NoShow' V='0'/><Cell N='NoSnap' V='0'/><Cell N='NoQuickDrag' V='0'/><Row T='MoveTo' IX='1'><Cell N='X' V='0.1510416666666665' F='Width*0.50347222222222'/><Cell N='Y' V='0.2687499999999988' F='Height*0.88965517241379'/></Row><Row T='NURBSTo' IX='2'><Cell N='X' V='0' F='Width*0'/><Cell N='Y' V='0.302083333333332' F='Height*1'/><Cell N='A' V='0'/><Cell N='B' V='1'/><Cell N='C' V='0'/><Cell N='D' V='1'/><Cell N='E' V='NURBS(1, 3, 0, 0, 0.30555555555556,0.88965517241379,0,1, 0.10416666666667,0.92413793103448,0,1)' U='NURBS' F='NURBS(1,3,0,0,0.30555555555556,0.88965517241379,0,1,0.10416666666667,0.92413793103448,0,1)'/></Row><Row T='LineTo' IX='3'><Cell N='X' V='0' F='Width*0'/><Cell N='Y' V='0.06979166666666639' F='Height*0.23103448275862'/></Row><Row T='LineTo' IX='4'><Cell N='X' V='0' F='Width*0'/><Cell N='Y' V='0.05729166666666638' F='Height*0.18965517241379'/></Row><Row T='NURBSTo' IX='5'><Cell N='X' V='0.15' F='Width*0.5'/><Cell N='Y' V='0' F='Height*0'/><Cell N='A' V='0'/><Cell N='B' V='1'/><Cell N='C' V='0'/><Cell N='D' V='1'/><Cell N='E' V='NURBS(1, 3, 0, 0, 0.017361111111111,0.013793103448276,0,1, 0.375,0,0,1)' U='NURBS' F='NURBS(1,3,0,0,0.017361111111111,0.013793103448276,0,1,0.375,0,0,1)'/></Row><Row T='NURBSTo' IX='6'><Cell N='X' V='0.3' F='Width*1'/><Cell N='Y' V='0.05729166666666638' F='Height*0.18965517241379'/><Cell N='A' V='0'/><Cell N='B' V='1'/><Cell N='C' V='0'/><Cell N='D' V='1'/><Cell N='E' V='NURBS(1, 3, 0, 0, 0.625,0,0,1, 0.98611111111111,0.013793103448276,0,1)' U='NURBS' F='NURBS(1,3,0,0,0.625,0,0,1,0.98611111111111,0.013793103448276,0,1)'/></Row><Row T='LineTo' IX='7'><Cell N='X' V='0.3' F='Width*1'/><Cell N='Y' V='0.06979166666666639' F='Height*0.23103448275862'/></Row><Row T='LineTo' IX='8'><Cell N='X' V='0.3' F='Width*1'/><Cell N='Y' V='0.3010416666666653' F='Height*0.99655172413793'/></Row><Row T='NURBSTo' IX='9'><Cell N='X' V='0.1510416666666665' F='Width*0.50347222222222'/><Cell N='Y' V='0.2687499999999988' F='Height*0.88965517241379'/><Cell N='A' V='0'/><Cell N='B' V='1'/><Cell N='C' V='0'/><Cell N='D' V='1'/><Cell N='E' V='NURBS(1, 3, 0, 0, 0.90277777777778,0.92413793103448,0,1, 0.70138888888889,0.88965517241379,0,1)' U='NURBS' F='NURBS(1,3,0,0,0.90277777777778,0.92413793103448,0,1,0.70138888888889,0.88965517241379,0,1)'/></Row><Row T='LineTo' IX='10'><Cell N='X' V='0.1510416666666665' F='Width*0.50347222222222'/><Cell N='Y' V='0.2687499999999988' F='Height*0.88965517241379'/></Row></Section></Shape><Shape ID='13' Type='Shape' LineStyle='9' FillStyle='9' TextStyle='9'><Cell N='PinX' V='0.1822916666666669' F='Sheet.10!Width*0.50143266475645'/><Cell N='PinY' V='0.3697916666666667' F='Sheet.10!Height*0.82366589327146'/><Cell N='Width' V='0.3020833333333301' F='Sheet.10!Width*0.83094555873925'/><Cell N='Height' V='0.09583333333333566' F='Sheet.10!Height*0.21345707656613'/><Cell N='LocPinX' V='0.1510416666666667' F='Width*0.5'/><Cell N='LocPinY' V='0.04791666666666666' F='Height*0.5'/><Cell N='Angle' V='0'/><Cell N='FlipX' V='0'/><Cell N='FlipY' V='0'/><Cell N='ResizeMode' V='0'/><Cell N='FillForegnd' V='#2072b8' F='THEMEVAL("FillColor",RGB(32,114,184))'/><Section N='Geometry' IX='0'><Cell N='NoFill' V='0'/><Cell N='NoLine' V='0'/><Cell N='NoShow' V='0'/><Cell N='NoSnap' V='0'/><Cell N='NoQuickDrag' V='0'/><Row T='Ellipse' IX='1'><Cell N='X' V='0.1510416666666667' F='Width*0.5'/><Cell N='Y' V='0.04791666666666666' F='Height*0.5'/><Cell N='A' V='0.3020833333333333' U='DL' F='Width*1'/><Cell N='B' V='0.04791666666666666' U='DL' F='Height*0.5'/><Cell N='C' V='0.1510416666666667' U='DL' F='Width*0.5'/><Cell N='D' V='0.09583333333333333' U='DL' F='Height*1'/></Row></Section></Shape></Shapes></Shape></Shapes></Shape></Shapes></Shape></Shapes></MasterContents>