﻿<?xml version="1.0" encoding="utf-8"?>
<?xml-stylesheet type="text/xsl" href="MenuBar.xslt"?>
<Labs>
	<Section Title="Document Management"/>
	<Lab Title="Batch File Upload">Day1_DocumentManagement\BatchFileUpload</Lab>
	<Lab Title="Content Types">Day1_DocumentManagement\ContentTypes</Lab>
	<Lab Title="Content Auditing">Day1_DocumentManagement\ItemLevelAuditing</Lab>
	<Section Title="Records Management"/>
	<Lab Title="Official Files">Day2_RecordsManagement\OfficialFiles</Lab>
	<Lab Title="Custom Routing">Day2_RecordsManagement\ValidatingRouter</Lab>
	<Lab Title="Information Policy">Day2_RecordsManagement\InformationPolicy</Lab>
	<Section Title="Electronic Forms"/>
	<Lab Title="Data Schemas">Day3_ElectronicForms\StatementOfWork</Lab>
	<Lab Title="Content Generation">Day3_ElectronicForms\DocumentGeneration</Lab>
	<Lab Title="Workflow Activities">Day3_ElectronicForms\CustomWorkflowActivity</Lab>
	<Section Title="Web Publishing"/>
	<Lab Title="Publishing Portals">Day4_WebPublishing\PublishingPortals</Lab>
	<Lab Title="Custom Publishing">Day4_WebPublishing\CustomPublishing</Lab>
	<Lab Title="Publishing Workflow">Day4_WebPublishing\StatementOfWorkActivity</Lab>
</Labs>
