<customUI xmlns="http://schemas.microsoft.com/office/2006/01/customui" onLoad="OnLoad">
  <ribbon>
    <tabs>
      <tab id="TabTed" label="Ted's Ribbon">
        <group id="MyGroup" label="Power User Stuff">

          <toggleButton id="toggleButton1" 
                        size="large"
                        label="Press Me"
                        screentip="Do it now"
                        onAction="OnToggleButton1" 
                        imageMso="ExportSharePointList" />

          <button id="btn1" 
                  label="Generate PO" 
                  onAction="MyHandler"
                  size="large"
                  imageMso="ManageReplies"/>

        </group>
      </tab>
    </tabs>
  </ribbon>
</customUI>
