<?xml version="1.0" encoding="UTF-8"?><?xml-stylesheet type='text/xsl' href='_UpgradeReport_Files/UpgradeReport.xslt'?><UpgradeLog>
<Properties><Property Name="Solution" Value="SecurityDemo">
</Property><Property Name="Solution File" Value="C:\Student_Gold\Demos\18_Security\SecurityDemo\SecurityDemo.sln">
</Property><Property Name="User Options File" Value="C:\Student_Gold\Demos\18_Security\SecurityDemo\SecurityDemo.suo">
</Property><Property Name="Date" Value="Friday, May 01, 2009">
</Property><Property Name="Time" Value="12:20 PM">
</Property></Properties><Event ErrorLevel="0" Project="" Source="SecurityDemo.sln" Description="File successfully backed up as C:\Student_Gold\Demos\18_Security\SecurityDemo\Backup\SecurityDemo.sln">
</Event><Event ErrorLevel="0" Project="" Source="SecurityDemo.suo" Description="File successfully backed up as C:\Student_Gold\Demos\18_Security\SecurityDemo\Backup\SecurityDemo.suo">
</Event><Event ErrorLevel="0" Project="SecurityDemo" Source="SecurityDemo.csproj" Description="Project file successfully backed up as C:\Student_Gold\Demos\18_Security\SecurityDemo\Backup\SecurityDemo.csproj">
</Event><Event ErrorLevel="0" Project="SecurityDemo" Source="SecurityDemo.csproj.user" Description="Project user file successfully backed up as C:\Student_Gold\Demos\18_Security\SecurityDemo\Backup\SecurityDemo.csproj.user">
</Event><Event ErrorLevel="0" Project="SecurityDemo" Source="UtilityCode\CodeForListings.cs" Description="File successfully backed up as C:\Student_Gold\Demos\18_Security\SecurityDemo\Backup\UtilityCode\CodeForListings.cs">
</Event><Event ErrorLevel="0" Project="SecurityDemo" Source="SecuringObjects.cs" Description="File successfully backed up as C:\Student_Gold\Demos\18_Security\SecurityDemo\Backup\SecuringObjects.cs">
</Event><Event ErrorLevel="0" Project="SecurityDemo" Source="Elevation.cs" Description="File successfully backed up as C:\Student_Gold\Demos\18_Security\SecurityDemo\Backup\Elevation.cs">
</Event><Event ErrorLevel="0" Project="SecurityDemo" Source="CreatePrincipal.cs" Description="File successfully backed up as C:\Student_Gold\Demos\18_Security\SecurityDemo\Backup\CreatePrincipal.cs">
</Event><Event ErrorLevel="0" Project="SecurityDemo" Source="Principals.cs" Description="File successfully backed up as C:\Student_Gold\Demos\18_Security\SecurityDemo\Backup\Principals.cs">
</Event><Event ErrorLevel="0" Project="SecurityDemo" Source="UtilityCode\DocumentFactory.cs" Description="File successfully backed up as C:\Student_Gold\Demos\18_Security\SecurityDemo\Backup\UtilityCode\DocumentFactory.cs">
</Event><Event ErrorLevel="0" Project="SecurityDemo" Source="UtilityCode\ListCollectionBinder.cs" Description="File successfully backed up as C:\Student_Gold\Demos\18_Security\SecurityDemo\Backup\UtilityCode\ListCollectionBinder.cs">
</Event><Event ErrorLevel="0" Project="SecurityDemo" Source="UtilityCode\PropertyCollectionBinder.cs" Description="File successfully backed up as C:\Student_Gold\Demos\18_Security\SecurityDemo\Backup\UtilityCode\PropertyCollectionBinder.cs">
</Event><Event ErrorLevel="0" Project="SecurityDemo" Source="SiteActionsCustomSubMenu.cs" Description="File successfully backed up as C:\Student_Gold\Demos\18_Security\SecurityDemo\Backup\SiteActionsCustomSubMenu.cs">
</Event><Event ErrorLevel="0" Project="SecurityDemo" Source="UserProfile.cs" Description="File successfully backed up as C:\Student_Gold\Demos\18_Security\SecurityDemo\Backup\UserProfile.cs">
</Event><Event ErrorLevel="0" Project="SecurityDemo" Source="Properties\AssemblyInfo.cs" Description="File successfully backed up as C:\Student_Gold\Demos\18_Security\SecurityDemo\Backup\Properties\AssemblyInfo.cs">
</Event><Event ErrorLevel="0" Project="SecurityDemo" Source="TEMPLATE\LAYOUTS\SecurityDemo\Principals.aspx" Description="File successfully backed up as C:\Student_Gold\Demos\18_Security\SecurityDemo\Backup\TEMPLATE\LAYOUTS\SecurityDemo\Principals.aspx">
</Event><Event ErrorLevel="0" Project="SecurityDemo" Source="TEMPLATE\LAYOUTS\SecurityDemo\CreatePrincipal.aspx" Description="File successfully backed up as C:\Student_Gold\Demos\18_Security\SecurityDemo\Backup\TEMPLATE\LAYOUTS\SecurityDemo\CreatePrincipal.aspx">
</Event><Event ErrorLevel="0" Project="SecurityDemo" Source="TEMPLATE\LAYOUTS\SecurityDemo\Elevation.aspx" Description="File successfully backed up as C:\Student_Gold\Demos\18_Security\SecurityDemo\Backup\TEMPLATE\LAYOUTS\SecurityDemo\Elevation.aspx">
</Event><Event ErrorLevel="0" Project="SecurityDemo" Source="TEMPLATE\LAYOUTS\SecurityDemo\SecuringObjects.aspx" Description="File successfully backed up as C:\Student_Gold\Demos\18_Security\SecurityDemo\Backup\TEMPLATE\LAYOUTS\SecurityDemo\SecuringObjects.aspx">
</Event><Event ErrorLevel="0" Project="SecurityDemo" Source="TEMPLATE\LAYOUTS\SecurityDemo\SecurityDemo.master" Description="File successfully backed up as C:\Student_Gold\Demos\18_Security\SecurityDemo\Backup\TEMPLATE\LAYOUTS\SecurityDemo\SecurityDemo.master">
</Event><Event ErrorLevel="0" Project="SecurityDemo" Source="TEMPLATE\LAYOUTS\SecurityDemo\UserInfo.aspx" Description="File successfully backed up as C:\Student_Gold\Demos\18_Security\SecurityDemo\Backup\TEMPLATE\LAYOUTS\SecurityDemo\UserInfo.aspx">
</Event><Event ErrorLevel="0" Project="SecurityDemo" Source="Package\CreateSolutionPackage.cmd" Description="File successfully backed up as C:\Student_Gold\Demos\18_Security\SecurityDemo\Backup\Package\CreateSolutionPackage.cmd">
</Event><Event ErrorLevel="0" Project="SecurityDemo" Source="Package\DeleteSolutionPackage.cmd" Description="File successfully backed up as C:\Student_Gold\Demos\18_Security\SecurityDemo\Backup\Package\DeleteSolutionPackage.cmd">
</Event><Event ErrorLevel="0" Project="SecurityDemo" Source="Package\DeploySolutionPackage.cmd" Description="File successfully backed up as C:\Student_Gold\Demos\18_Security\SecurityDemo\Backup\Package\DeploySolutionPackage.cmd">
</Event><Event ErrorLevel="0" Project="SecurityDemo" Source="Package\DevInstall.cmd" Description="File successfully backed up as C:\Student_Gold\Demos\18_Security\SecurityDemo\Backup\Package\DevInstall.cmd">
</Event><Event ErrorLevel="0" Project="SecurityDemo" Source="Package\InstallSolutionPackage.cmd" Description="File successfully backed up as C:\Student_Gold\Demos\18_Security\SecurityDemo\Backup\Package\InstallSolutionPackage.cmd">
</Event><Event ErrorLevel="0" Project="SecurityDemo" Source="Solution\Cab.ddf" Description="File successfully backed up as C:\Student_Gold\Demos\18_Security\SecurityDemo\Backup\Solution\Cab.ddf">
</Event><Event ErrorLevel="0" Project="SecurityDemo" Source="Resources\TpgDemo.snk" Description="File successfully backed up as C:\Student_Gold\Demos\18_Security\SecurityDemo\Backup\Resources\TpgDemo.snk">
</Event><Event ErrorLevel="0" Project="SecurityDemo" Source="Solution\manifest.xml" Description="File successfully backed up as C:\Student_Gold\Demos\18_Security\SecurityDemo\Backup\Solution\manifest.xml">
</Event><Event ErrorLevel="0" Project="SecurityDemo" Source="TEMPLATE\FEATURES\SecurityDemo\elements.xml" Description="File successfully backed up as C:\Student_Gold\Demos\18_Security\SecurityDemo\Backup\TEMPLATE\FEATURES\SecurityDemo\elements.xml">
</Event><Event ErrorLevel="0" Project="SecurityDemo" Source="TEMPLATE\FEATURES\SecurityDemo\feature.xml" Description="File successfully backed up as C:\Student_Gold\Demos\18_Security\SecurityDemo\Backup\TEMPLATE\FEATURES\SecurityDemo\feature.xml">
</Event><Event ErrorLevel="0" Project="SecurityDemo" Source="TEMPLATE\IMAGES\TPG\Breadcrumb.gif" Description="File successfully backed up as C:\Student_Gold\Demos\18_Security\SecurityDemo\Backup\TEMPLATE\IMAGES\TPG\Breadcrumb.gif">
</Event><Event ErrorLevel="0" Project="SecurityDemo" Source="TEMPLATE\IMAGES\TPG\small_binoculars.gif" Description="File successfully backed up as C:\Student_Gold\Demos\18_Security\SecurityDemo\Backup\TEMPLATE\IMAGES\TPG\small_binoculars.gif">
</Event><Event ErrorLevel="0" Project="SecurityDemo" Source="TEMPLATE\IMAGES\TPG\small_compass.gif" Description="File successfully backed up as C:\Student_Gold\Demos\18_Security\SecurityDemo\Backup\TEMPLATE\IMAGES\TPG\small_compass.gif">
</Event><Event ErrorLevel="0" Project="SecurityDemo" Source="TEMPLATE\IMAGES\TPG\PithHelmet.gif" Description="File successfully backed up as C:\Student_Gold\Demos\18_Security\SecurityDemo\Backup\TEMPLATE\IMAGES\TPG\PithHelmet.gif">
</Event><Event ErrorLevel="0" Project="SecurityDemo" Source="TEMPLATE\IMAGES\TPG\small_PithHelmet.gif" Description="File successfully backed up as C:\Student_Gold\Demos\18_Security\SecurityDemo\Backup\TEMPLATE\IMAGES\TPG\small_PithHelmet.gif">
</Event><Event ErrorLevel="0" Project="SecurityDemo" Source="TEMPLATE\IMAGES\TPG\tile_top-nav.gif" Description="File successfully backed up as C:\Student_Gold\Demos\18_Security\SecurityDemo\Backup\TEMPLATE\IMAGES\TPG\tile_top-nav.gif">
</Event><Event ErrorLevel="0" Project="SecurityDemo" Source="TEMPLATE\LAYOUTS\SecurityDemo\Styles.css" Description="File successfully backed up as C:\Student_Gold\Demos\18_Security\SecurityDemo\Backup\TEMPLATE\LAYOUTS\SecurityDemo\Styles.css">
</Event><Event ErrorLevel="0" Project="SecurityDemo" Source="SecurityDemo.csproj" Description="Project converted successfully">
</Event><Event ErrorLevel="3" Project="SecurityDemo" Source="SecurityDemo.csproj" Description="Converted">
</Event><Event ErrorLevel="0" Project="" Source="SecurityDemo.sln" Description="Solution converted successfully">
</Event><Event ErrorLevel="3" Project="" Source="SecurityDemo.sln" Description="Converted">
</Event><Event ErrorLevel="0" Project="SecurityDemo" Source="SecurityDemo.csproj" Description="Scan complete: Upgrade not required for project files.">
</Event></UpgradeLog>