<?xml version="1.0" encoding="utf-8"?>
<!--Manifest created STSDEV utility at 1/20/2009 9:52:23 AM-->
<Solution SolutionId="97F99B11-8CFE-4FD1-BBEC-6B0344F76676" ResetWebServer="True" xmlns="http://schemas.microsoft.com/sharepoint/">
  <!--Feature Manifest files-->
  <FeatureManifests>
    <FeatureManifest Location="CustomSitePages\feature.xml" />
  </FeatureManifests>
  <!--TEMPLATE files-->
  <TemplateFiles>
    <TemplateFile Location="CONTROLTEMPLATES\CustomSitePages\FileViewer.ascx" />
    <TemplateFile Location="CONTROLTEMPLATES\CustomSitePages\UserControl1.ascx" />
    <TemplateFile Location="CONTROLTEMPLATES\CustomSitePages\UserControl2.ascx" />
    <TemplateFile Location="IMAGES\CustomSitePages\binoculars.gif" />
  </TemplateFiles>
  <!--Assembly files-->
  <Assemblies>
    <Assembly Location="CustomSitePages.dll" DeploymentTarget="GlobalAssemblyCache">
      <SafeControls>
        <!-- this element must be uncommented for the control to work in safe mode
        <SafeControl Assembly="CustomSitePages, Version=1.0.0.0, Culture=neutral, PublicKeyToken=c46c100091f72b4a" Namespace="CustomSitePages" TypeName="*" Safe="True" />
        -->
      </SafeControls>
    </Assembly>
  </Assemblies>
</Solution>