<?xml version="1.0" encoding="utf-8" ?>
<Solution xmlns="http://schemas.microsoft.com/sharepoint/"
          SolutionId="4529BE4E-F309-41C3-A0B3-D00A66A72BD2"
          DeploymentServerType="WebFrontEnd"
          ResetWebServer="FALSE">

  <Assemblies>
    <Assembly DeploymentTarget="GlobalAssemblyCache" Location="MSDN.SharePoint.Samples.PublishingSitesWithCodeBehind.dll">
      <SafeControls>
        <SafeControl Namespace="MSDN.SharePoint.Samples" Safe="True" TypeName="*" />
      </SafeControls>
    </Assembly>
  </Assemblies>

  <FeatureManifests>
    <FeatureManifest Location="PublishingSitesWithCodeBehind\feature.xml" />
  </FeatureManifests>

</Solution>