<?xml version="1.0" encoding="utf-8"?>
<!--Manifest created STSDEV utility at 4/29/2009 3:03:40 PM-->
<Solution SolutionId="4D6DA102-8AE0-4F1B-851E-F056BD5D80FD" ResetWebServer="True" xmlns="http://schemas.microsoft.com/sharepoint/">
  <!--TEMPLATE files-->
  <TemplateFiles>
    <TemplateFile Location="CONTROLTEMPLATES\OfficeSpace.EmployeeStatus.ascx" />
    <TemplateFile Location="CONTROLTEMPLATES\OfficeSpace.HelloWorld.ascx" />
    <TemplateFile Location="CONTROLTEMPLATES\OfficeSpace.SocialSecurityNumber.ascx" />
    <TemplateFile Location="CONTROLTEMPLATES\OfficeSpace.UnitedStatesAddress.ascx" />
    <TemplateFile Location="XML\fldtypes_OfficeSpace.xml" />
  </TemplateFiles>
  <!--Assembly files-->
  <Assemblies>
    <Assembly Location="OfficeSpaceFieldTypes.dll" DeploymentTarget="GlobalAssemblyCache" />
  </Assemblies>
</Solution>