﻿<Solution 
  SolutionId="F2654D1D-3E14-4ab1-83AE-4D395D51F69B" 
	xmlns="http://schemas.microsoft.com/sharepoint/">

  <FeatureManifests>
    <FeatureManifest Location="HelloAjaxWebParts\feature.xml" />
  </FeatureManifests>
 
  <TemplateFiles>
    <TemplateFile Location="IMAGES\TPG\compass.gif"/>
    <TemplateFile Location="IMAGES\TPG\SmallCompass.gif"/>
    <TemplateFile Location="IMAGES\TPG\SmallBinoculars.gif"/>
  </TemplateFiles>

  <RootFiles>
    <RootFile Location="ISAPI\TPG\WikiWebService.asmx"/>
    <RootFile Location="ISAPI\TPG\HelloWebService.asmx"/>
    <RootFile Location="ISAPI\TPG\web.config"/>
  </RootFiles>

  <Assemblies>
    <Assembly DeploymentTarget="GlobalAssemblyCache"    Location="HelloAjaxWebParts.dll">
      <SafeControls>
        <SafeControl Assembly="HelloAjaxWebParts, Version=1.0.0.0, Culture=neutral, PublicKeyToken=74bad7277fe0d19e" 
                     Namespace="HelloAjaxWebParts" TypeName="*" Safe="True"/>
      </SafeControls>
    </Assembly>
	</Assemblies>    
<!--
  <CodeAccessSecurity>
    <PolicyItem>
      
      <PermissionSet class="NamedPermissionSet" version="1" Description="Permission set for HelloAjaxWebParts assembly">
        
        <IPermission class="AspNetHostingPermission"
                     version="1" Level="High" />

        <IPermission class="SecurityPermission" version="1"
                Flags="Assertion, UnmanagedCode, Execution, ControlThread, ControlEvidence, ControlPolicy, SerializationFormatter, ControlDomainPolicy, ControlPrincipal, ControlAppDomain, RemotingConfiguration, Infrastructure, BindingRedirects" />

        <IPermission class="System.Security.Permissions.FileIOPermission, mscorlib, Version=2.0.0.0, Culture=neutral, PublicKeyToken=b77a5c561934e089"
                     version="1" Unrestricted="true" />

        <IPermission class="System.Security.Permissions.EnvironmentPermission, mscorlib, Version=2.0.0.0, Culture=neutral, PublicKeyToken=b77a5c561934e089"
             version="1" Unrestricted="true" />

        <IPermission class="System.Data.SqlClient.SqlClientPermission, System.Data, Version=2.0.0.0, Culture=neutral, PublicKeyToken=b77a5c561934e089"
                     version="1" Unrestricted="true" />

        <IPermission class="System.Net.WebPermission, System, Version=2.0.0.0, Culture=neutral, PublicKeyToken=b77a5c561934e089"
                     version="1" Unrestricted="true" />

        <IPermission class="System.Net.DnsPermission, System, Version=2.0.0.0, Culture=neutral, PublicKeyToken=b77a5c561934e089"
                     version="1" Unrestricted="true" />

        <IPermission class="Microsoft.SharePoint.Security.SharePointPermission, Microsoft.SharePoint.Security, Version=12.0.0.0, Culture=neutral, PublicKeyToken=71e9bce111e9429c"
            version="1" ObjectModel="True" Impersonate="True"/>
        
        <IPermission class="Microsoft.SharePoint.Security.WebPartPermission, Microsoft.SharePoint.Security, Version=12.0.0.0, Culture=neutral, PublicKeyToken=71e9bce111e9429c"
             version="1" Unrestricted="true" />
      </PermissionSet>
      
      <Assemblies>
        <Assembly Name="HelloAjaxWebParts"  />
      </Assemblies>
    
    </PolicyItem>
  </CodeAccessSecurity>
-->
</Solution>