<?xml version="1.0" encoding="UTF-8" standalone="yes"?>
<w:styles xmlns:r="http://schemas.openxmlformats.org/officeDocument/2006/relationships" xmlns:w="http://schemas.openxmlformats.org/wordprocessingml/2006/3/main">
  <w:docDefaults>
    <w:rPrDefault>
      <w:rPr>
        <w:rFonts w:asciiTheme="minorHAnsi" w:eastAsiaTheme="minorHAnsi" w:hAnsiTheme="minorHAnsi" w:cstheme="minorBidi"/>
        <w:sz w:val="22"/>
        <w:szCs w:val="22"/>
        <w:lang w:val="en-US" w:eastAsia="en-US" w:bidi="ar-SA"/>
      </w:rPr>
    </w:rPrDefault>
    <w:pPrDefault>
      <w:pPr>
        <w:spacing w:after="200" w:line="276" w:lineRule="auto"/>
      </w:pPr>
    </w:pPrDefault>
  </w:docDefaults>
  <w:versionOfBuiltInStylenames w:val="7"/>
  <w:latentStyles w:defLockedState="off" w:defUIPriority="99" w:defSemiHidden="on" w:defUnhideWhenUsed="on" w:defQFormat="off" w:count="266">
    <w:lsdException w:name="Normal" w:semiHidden="off" w:uiPriority="0" w:unhideWhenUsed="off" w:qFormat="on"/>
    <w:lsdException w:name="heading 1" w:semiHidden="off" w:uiPriority="1" w:unhideWhenUsed="off" w:qFormat="on"/>
    <w:lsdException w:name="heading 2" w:semiHidden="off" w:uiPriority="1" w:unhideWhenUsed="off" w:qFormat="on"/>
    <w:lsdException w:name="heading 3" w:semiHidden="off" w:uiPriority="1" w:unhideWhenUsed="off" w:qFormat="on"/>
    <w:lsdException w:name="heading 4" w:uiPriority="1" w:qFormat="on"/>
    <w:lsdException w:name="heading 5" w:uiPriority="1" w:qFormat="on"/>
    <w:lsdException w:name="heading 6" w:uiPriority="1" w:qFormat="on"/>
    <w:lsdException w:name="heading 7" w:uiPriority="1" w:qFormat="on"/>
    <w:lsdException w:name="heading 8" w:uiPriority="1" w:qFormat="on"/>
    <w:lsdException w:name="heading 9" w:uiPriority="1" w:qFormat="on"/>
    <w:lsdException w:name="Title" w:semiHidden="off" w:uiPriority="4" w:unhideWhenUsed="off" w:qFormat="on"/>
    <w:lsdException w:name="Subtitle" w:semiHidden="off" w:uiPriority="5" w:unhideWhenUsed="off" w:qFormat="on"/>
    <w:lsdException w:name="Block Text" w:semiHidden="off" w:uiPriority="3" w:unhideWhenUsed="off" w:qFormat="on"/>
    <w:lsdException w:name="Strong" w:semiHidden="off" w:uiPriority="2" w:unhideWhenUsed="off" w:qFormat="on"/>
    <w:lsdException w:name="Emphasis" w:semiHidden="off" w:uiPriority="2" w:unhideWhenUsed="off" w:qFormat="on"/>
    <w:lsdException w:name="Table Grid" w:semiHidden="off" w:uiPriority="1" w:unhideWhenUsed="off"/>
    <w:lsdException w:name="Revision" w:unhideWhenUsed="off"/>
    <w:lsdException w:name="List Paragraph" w:semiHidden="off" w:uiPriority="34" w:unhideWhenUsed="off" w:qFormat="on"/>
    <w:lsdException w:name="Quote" w:semiHidden="off" w:uiPriority="29" w:unhideWhenUsed="off" w:qFormat="on"/>
    <w:lsdException w:name="Intense Quote" w:semiHidden="off" w:uiPriority="30" w:unhideWhenUsed="off" w:qFormat="on"/>
    <w:lsdException w:name="B2 Medium List 2 Accent 1" w:semiHidden="off" w:uiPriority="66" w:unhideWhenUsed="off"/>
    <w:lsdException w:name="B2 Medium Grid 1 Accent 1" w:semiHidden="off" w:uiPriority="67" w:unhideWhenUsed="off"/>
    <w:lsdException w:name="B2 Medium Grid 2 Accent 1" w:semiHidden="off" w:uiPriority="68" w:unhideWhenUsed="off"/>
    <w:lsdException w:name="B2 Medium Grid 3 Accent 1" w:semiHidden="off" w:uiPriority="69" w:unhideWhenUsed="off"/>
    <w:lsdException w:name="B2 Dark List Accent 1" w:semiHidden="off" w:uiPriority="70" w:unhideWhenUsed="off"/>
    <w:lsdException w:name="B2 Colorful Shading Accent 1" w:semiHidden="off" w:uiPriority="71" w:unhideWhenUsed="off"/>
    <w:lsdException w:name="B2 Colorful List Accent 1" w:semiHidden="off" w:uiPriority="72" w:unhideWhenUsed="off"/>
    <w:lsdException w:name="B2 Colorful Grid Accent 1" w:semiHidden="off" w:uiPriority="73" w:unhideWhenUsed="off"/>
    <w:lsdException w:name="B2 Light Shading Accent 2" w:semiHidden="off" w:uiPriority="60" w:unhideWhenUsed="off"/>
    <w:lsdException w:name="B2 Light List Accent 2" w:semiHidden="off" w:uiPriority="61" w:unhideWhenUsed="off"/>
    <w:lsdException w:name="B2 Light Grid Accent 2" w:semiHidden="off" w:uiPriority="62" w:unhideWhenUsed="off"/>
    <w:lsdException w:name="B2 Medium Shading 1 Accent 2" w:semiHidden="off" w:uiPriority="63" w:unhideWhenUsed="off"/>
    <w:lsdException w:name="B2 Medium Shading 2 Accent 2" w:semiHidden="off" w:uiPriority="64" w:unhideWhenUsed="off"/>
    <w:lsdException w:name="B2 Medium List 1 Accent 2" w:semiHidden="off" w:uiPriority="65" w:unhideWhenUsed="off"/>
    <w:lsdException w:name="B2 Medium List 2 Accent 2" w:semiHidden="off" w:uiPriority="66" w:unhideWhenUsed="off"/>
    <w:lsdException w:name="B2 Medium Grid 1 Accent 2" w:semiHidden="off" w:uiPriority="67" w:unhideWhenUsed="off"/>
    <w:lsdException w:name="B2 Medium Grid 2 Accent 2" w:semiHidden="off" w:uiPriority="68" w:unhideWhenUsed="off"/>
    <w:lsdException w:name="B2 Medium Grid 3 Accent 2" w:semiHidden="off" w:uiPriority="69" w:unhideWhenUsed="off"/>
    <w:lsdException w:name="B2 Dark List Accent 2" w:semiHidden="off" w:uiPriority="70" w:unhideWhenUsed="off"/>
    <w:lsdException w:name="B2 Colorful Shading Accent 2" w:semiHidden="off" w:uiPriority="71" w:unhideWhenUsed="off"/>
    <w:lsdException w:name="B2 Colorful List Accent 2" w:semiHidden="off" w:uiPriority="72" w:unhideWhenUsed="off"/>
    <w:lsdException w:name="B2 Colorful Grid Accent 2" w:semiHidden="off" w:uiPriority="73" w:unhideWhenUsed="off"/>
    <w:lsdException w:name="B2 Light Shading Accent 3" w:semiHidden="off" w:uiPriority="60" w:unhideWhenUsed="off"/>
    <w:lsdException w:name="B2 Light List Accent 3" w:semiHidden="off" w:uiPriority="61" w:unhideWhenUsed="off"/>
    <w:lsdException w:name="B2 Light Grid Accent 3" w:semiHidden="off" w:uiPriority="62" w:unhideWhenUsed="off"/>
    <w:lsdException w:name="B2 Medium Shading 1 Accent 3" w:semiHidden="off" w:uiPriority="63" w:unhideWhenUsed="off"/>
    <w:lsdException w:name="B2 Medium Shading 2 Accent 3" w:semiHidden="off" w:uiPriority="64" w:unhideWhenUsed="off"/>
    <w:lsdException w:name="B2 Medium List 1 Accent 3" w:semiHidden="off" w:uiPriority="65" w:unhideWhenUsed="off"/>
    <w:lsdException w:name="B2 Medium List 2 Accent 3" w:semiHidden="off" w:uiPriority="66" w:unhideWhenUsed="off"/>
    <w:lsdException w:name="B2 Medium Grid 1 Accent 3" w:semiHidden="off" w:uiPriority="67" w:unhideWhenUsed="off"/>
    <w:lsdException w:name="B2 Medium Grid 2 Accent 3" w:semiHidden="off" w:uiPriority="68" w:unhideWhenUsed="off"/>
    <w:lsdException w:name="B2 Medium Grid 3 Accent 3" w:semiHidden="off" w:uiPriority="69" w:unhideWhenUsed="off"/>
    <w:lsdException w:name="B2 Dark List Accent 3" w:semiHidden="off" w:uiPriority="70" w:unhideWhenUsed="off"/>
    <w:lsdException w:name="B2 Colorful Shading Accent 3" w:semiHidden="off" w:uiPriority="71" w:unhideWhenUsed="off"/>
    <w:lsdException w:name="B2 Colorful List Accent 3" w:semiHidden="off" w:uiPriority="72" w:unhideWhenUsed="off"/>
    <w:lsdException w:name="B2 Colorful Grid Accent 3" w:semiHidden="off" w:uiPriority="73" w:unhideWhenUsed="off"/>
    <w:lsdException w:name="B2 Light Shading Accent 4" w:semiHidden="off" w:uiPriority="60" w:unhideWhenUsed="off"/>
    <w:lsdException w:name="B2 Light List Accent 4" w:semiHidden="off" w:uiPriority="61" w:unhideWhenUsed="off"/>
    <w:lsdException w:name="B2 Light Grid Accent 4" w:semiHidden="off" w:uiPriority="62" w:unhideWhenUsed="off"/>
    <w:lsdException w:name="B2 Medium Shading 1 Accent 4" w:semiHidden="off" w:uiPriority="63" w:unhideWhenUsed="off"/>
    <w:lsdException w:name="B2 Medium Shading 2 Accent 4" w:semiHidden="off" w:uiPriority="64" w:unhideWhenUsed="off"/>
    <w:lsdException w:name="B2 Medium List 1 Accent 4" w:semiHidden="off" w:uiPriority="65" w:unhideWhenUsed="off"/>
    <w:lsdException w:name="B2 Medium List 2 Accent 4" w:semiHidden="off" w:uiPriority="66" w:unhideWhenUsed="off"/>
    <w:lsdException w:name="B2 Medium Grid 1 Accent 4" w:semiHidden="off" w:uiPriority="67" w:unhideWhenUsed="off"/>
    <w:lsdException w:name="B2 Medium Grid 2 Accent 4" w:semiHidden="off" w:uiPriority="68" w:unhideWhenUsed="off"/>
    <w:lsdException w:name="B2 Medium Grid 3 Accent 4" w:semiHidden="off" w:uiPriority="69" w:unhideWhenUsed="off"/>
    <w:lsdException w:name="B2 Dark List Accent 4" w:semiHidden="off" w:uiPriority="70" w:unhideWhenUsed="off"/>
    <w:lsdException w:name="B2 Colorful Shading Accent 4" w:semiHidden="off" w:uiPriority="71" w:unhideWhenUsed="off"/>
    <w:lsdException w:name="B2 Colorful List Accent 4" w:semiHidden="off" w:uiPriority="72" w:unhideWhenUsed="off"/>
    <w:lsdException w:name="B2 Colorful Grid Accent 4" w:semiHidden="off" w:uiPriority="73" w:unhideWhenUsed="off"/>
    <w:lsdException w:name="B2 Light Shading Accent 5" w:semiHidden="off" w:uiPriority="60" w:unhideWhenUsed="off"/>
    <w:lsdException w:name="B2 Light List Accent 5" w:semiHidden="off" w:uiPriority="61" w:unhideWhenUsed="off"/>
    <w:lsdException w:name="B2 Light Grid Accent 5" w:semiHidden="off" w:uiPriority="62" w:unhideWhenUsed="off"/>
    <w:lsdException w:name="B2 Medium Shading 1 Accent 5" w:semiHidden="off" w:uiPriority="63" w:unhideWhenUsed="off"/>
    <w:lsdException w:name="B2 Medium Shading 2 Accent 5" w:semiHidden="off" w:uiPriority="64" w:unhideWhenUsed="off"/>
    <w:lsdException w:name="B2 Medium List 1 Accent 5" w:semiHidden="off" w:uiPriority="65" w:unhideWhenUsed="off"/>
    <w:lsdException w:name="B2 Medium List 2 Accent 5" w:semiHidden="off" w:uiPriority="66" w:unhideWhenUsed="off"/>
    <w:lsdException w:name="B2 Medium Grid 1 Accent 5" w:semiHidden="off" w:uiPriority="67" w:unhideWhenUsed="off"/>
    <w:lsdException w:name="B2 Medium Grid 2 Accent 5" w:semiHidden="off" w:uiPriority="68" w:unhideWhenUsed="off"/>
    <w:lsdException w:name="B2 Medium Grid 3 Accent 5" w:semiHidden="off" w:uiPriority="69" w:unhideWhenUsed="off"/>
    <w:lsdException w:name="B2 Dark List Accent 5" w:semiHidden="off" w:uiPriority="70" w:unhideWhenUsed="off"/>
    <w:lsdException w:name="B2 Colorful Shading Accent 5" w:semiHidden="off" w:uiPriority="71" w:unhideWhenUsed="off"/>
    <w:lsdException w:name="B2 Colorful List Accent 5" w:semiHidden="off" w:uiPriority="72" w:unhideWhenUsed="off"/>
    <w:lsdException w:name="B2 Colorful Grid Accent 5" w:semiHidden="off" w:uiPriority="73" w:unhideWhenUsed="off"/>
    <w:lsdException w:name="B2 Light Shading Accent 6" w:semiHidden="off" w:uiPriority="60" w:unhideWhenUsed="off"/>
    <w:lsdException w:name="B2 Light List Accent 6" w:semiHidden="off" w:uiPriority="61" w:unhideWhenUsed="off"/>
    <w:lsdException w:name="B2 Light Grid Accent 6" w:semiHidden="off" w:uiPriority="62" w:unhideWhenUsed="off"/>
    <w:lsdException w:name="B2 Medium Shading 1 Accent 6" w:semiHidden="off" w:uiPriority="63" w:unhideWhenUsed="off"/>
    <w:lsdException w:name="B2 Medium Shading 2 Accent 6" w:semiHidden="off" w:uiPriority="64" w:unhideWhenUsed="off"/>
    <w:lsdException w:name="B2 Medium List 1 Accent 6" w:semiHidden="off" w:uiPriority="65" w:unhideWhenUsed="off"/>
    <w:lsdException w:name="B2 Medium List 2 Accent 6" w:semiHidden="off" w:uiPriority="66" w:unhideWhenUsed="off"/>
    <w:lsdException w:name="B2 Medium Grid 1 Accent 6" w:semiHidden="off" w:uiPriority="67" w:unhideWhenUsed="off"/>
    <w:lsdException w:name="B2 Medium Grid 2 Accent 6" w:semiHidden="off" w:uiPriority="68" w:unhideWhenUsed="off"/>
    <w:lsdException w:name="B2 Medium Grid 3 Accent 6" w:semiHidden="off" w:uiPriority="69" w:unhideWhenUsed="off"/>
    <w:lsdException w:name="B2 Dark List Accent 6" w:semiHidden="off" w:uiPriority="70" w:unhideWhenUsed="off"/>
    <w:lsdException w:name="B2 Colorful Shading Accent 6" w:semiHidden="off" w:uiPriority="71" w:unhideWhenUsed="off"/>
    <w:lsdException w:name="B2 Colorful List Accent 6" w:semiHidden="off" w:uiPriority="72" w:unhideWhenUsed="off"/>
    <w:lsdException w:name="B2 Colorful Grid Accent 6" w:semiHidden="off" w:uiPriority="73" w:unhideWhenUsed="off"/>
    <w:lsdException w:name="Subtle Emphasis" w:semiHidden="off" w:uiPriority="19" w:unhideWhenUsed="off" w:qFormat="on"/>
    <w:lsdException w:name="Intense Emphasis" w:semiHidden="off" w:uiPriority="21" w:unhideWhenUsed="off" w:qFormat="on"/>
    <w:lsdException w:name="Subtle Reference" w:semiHidden="off" w:uiPriority="31" w:unhideWhenUsed="off" w:qFormat="on"/>
    <w:lsdException w:name="Intense Reference" w:semiHidden="off" w:uiPriority="32" w:unhideWhenUsed="off" w:qFormat="on"/>
    <w:lsdException w:name="Book Title" w:semiHidden="off" w:uiPriority="33" w:unhideWhenUsed="off" w:qFormat="on"/>
    <w:lsdException w:name="Bibliography" w:uiPriority="37"/>
  </w:latentStyles>
  <w:style w:type="paragraph" w:default="1" w:styleId="Normal">
    <w:name w:val="Normal"/>
    <w:qFormat/>
    <w:rsid w:val="0013649C"/>
    <w:rPr>
      <w:sz w:val="24"/>
      <w:szCs w:val="24"/>
    </w:rPr>
  </w:style>
  <w:style w:type="paragraph" w:styleId="Heading1">
    <w:name w:val="heading 1"/>
    <w:basedOn w:val="Normal"/>
    <w:next w:val="Normal"/>
    <w:link w:val="Heading1Char"/>
    <w:uiPriority w:val="1"/>
    <w:qFormat/>
    <w:rsid w:val="00F236D0"/>
    <w:pPr>
      <w:keepNext/>
      <w:keepLines/>
      <w:spacing w:before="120" w:after="0"/>
      <w:outlineLvl w:val="0"/>
    </w:pPr>
    <w:rPr>
      <w:rFonts w:asciiTheme="majorHAnsi" w:eastAsiaTheme="majorEastAsia" w:hAnsiTheme="majorHAnsi" w:cstheme="majorBidi"/>
      <w:b/>
      <w:bCs/>
      <w:color w:val="1F497D" w:themeColor="text2"/>
      <w:kern w:val="32"/>
      <w:sz w:val="32"/>
      <w:szCs w:val="32"/>
    </w:rPr>
  </w:style>
  <w:style w:type="paragraph" w:styleId="Heading2">
    <w:name w:val="heading 2"/>
    <w:basedOn w:val="Normal"/>
    <w:next w:val="Normal"/>
    <w:link w:val="Heading2Char"/>
    <w:uiPriority w:val="1"/>
    <w:qFormat/>
    <w:rsid w:val="00F236D0"/>
    <w:pPr>
      <w:keepNext/>
      <w:keepLines/>
      <w:spacing w:before="120" w:after="0"/>
      <w:outlineLvl w:val="1"/>
    </w:pPr>
    <w:rPr>
      <w:rFonts w:asciiTheme="majorHAnsi" w:eastAsiaTheme="majorEastAsia" w:hAnsiTheme="majorHAnsi" w:cstheme="majorBidi"/>
      <w:color w:val="1F497D" w:themeColor="text2"/>
      <w:kern w:val="32"/>
      <w:sz w:val="32"/>
      <w:szCs w:val="32"/>
    </w:rPr>
  </w:style>
  <w:style w:type="character" w:default="1" w:styleId="DefaultParagraphFont">
    <w:name w:val="Default Paragraph Font"/>
    <w:uiPriority w:val="99"/>
    <w:semiHidden/>
    <w:unhideWhenUsed/>
  </w:style>
  <w:style w:type="table" w:default="1" w:styleId="TableNormal">
    <w:name w:val="Normal Table"/>
    <w:uiPriority w:val="99"/>
    <w:semiHidden/>
    <w:unhideWhenUsed/>
    <w:qFormat/>
    <w:tblPr>
      <w:tblInd w:w="0" w:type="dxa"/>
      <w:tblCellMar>
        <w:top w:w="0" w:type="dxa"/>
        <w:left w:w="108" w:type="dxa"/>
        <w:bottom w:w="0" w:type="dxa"/>
        <w:right w:w="108" w:type="dxa"/>
      </w:tblCellMar>
    </w:tblPr>
  </w:style>
  <w:style w:type="numbering" w:default="1" w:styleId="NoList">
    <w:name w:val="No List"/>
    <w:uiPriority w:val="99"/>
    <w:semiHidden/>
    <w:unhideWhenUsed/>
  </w:style>
  <w:style w:type="character" w:customStyle="1" w:styleId="Heading1Char">
    <w:name w:val="Heading 1 Char"/>
    <w:basedOn w:val="DefaultParagraphFont"/>
    <w:link w:val="Heading1"/>
    <w:uiPriority w:val="1"/>
    <w:rsid w:val="00F236D0"/>
    <w:rPr>
      <w:rFonts w:asciiTheme="majorHAnsi" w:eastAsiaTheme="majorEastAsia" w:hAnsiTheme="majorHAnsi" w:cstheme="majorBidi"/>
      <w:b/>
      <w:bCs/>
      <w:color w:val="1F497D" w:themeColor="text2"/>
      <w:kern w:val="32"/>
      <w:sz w:val="32"/>
      <w:szCs w:val="32"/>
    </w:rPr>
  </w:style>
  <w:style w:type="paragraph" w:styleId="BalloonText">
    <w:name w:val="Balloon Text"/>
    <w:basedOn w:val="Normal"/>
    <w:link w:val="BalloonTextChar"/>
    <w:uiPriority w:val="99"/>
    <w:semiHidden/>
    <w:unhideWhenUsed/>
    <w:rsid w:val="00F236D0"/>
    <w:rPr>
      <w:rFonts w:ascii="Tahoma" w:hAnsi="Tahoma" w:cs="Tahoma"/>
      <w:sz w:val="16"/>
      <w:szCs w:val="16"/>
    </w:rPr>
  </w:style>
  <w:style w:type="character" w:customStyle="1" w:styleId="BalloonTextChar">
    <w:name w:val="Balloon Text Char"/>
    <w:basedOn w:val="DefaultParagraphFont"/>
    <w:link w:val="BalloonText"/>
    <w:uiPriority w:val="99"/>
    <w:semiHidden/>
    <w:rsid w:val="00F236D0"/>
    <w:rPr>
      <w:rFonts w:ascii="Tahoma" w:hAnsi="Tahoma" w:cs="Tahoma"/>
      <w:sz w:val="16"/>
      <w:szCs w:val="16"/>
    </w:rPr>
  </w:style>
  <w:style w:type="character" w:customStyle="1" w:styleId="Heading2Char">
    <w:name w:val="Heading 2 Char"/>
    <w:basedOn w:val="DefaultParagraphFont"/>
    <w:link w:val="Heading2"/>
    <w:uiPriority w:val="1"/>
    <w:rsid w:val="00F236D0"/>
    <w:rPr>
      <w:rFonts w:asciiTheme="majorHAnsi" w:eastAsiaTheme="majorEastAsia" w:hAnsiTheme="majorHAnsi" w:cstheme="majorBidi"/>
      <w:color w:val="1F497D" w:themeColor="text2"/>
      <w:kern w:val="32"/>
      <w:sz w:val="32"/>
      <w:szCs w:val="32"/>
    </w:rPr>
  </w:style>
  <w:style w:type="paragraph" w:styleId="Header">
    <w:name w:val="header"/>
    <w:basedOn w:val="Normal"/>
    <w:link w:val="HeaderChar"/>
    <w:uiPriority w:val="99"/>
    <w:semiHidden/>
    <w:unhideWhenUsed/>
    <w:rsid w:val="00C174A4"/>
    <w:pPr>
      <w:tabs>
        <w:tab w:val="center" w:pos="4703"/>
        <w:tab w:val="right" w:pos="9406"/>
      </w:tabs>
    </w:pPr>
  </w:style>
  <w:style w:type="character" w:customStyle="1" w:styleId="HeaderChar">
    <w:name w:val="Header Char"/>
    <w:basedOn w:val="DefaultParagraphFont"/>
    <w:link w:val="Header"/>
    <w:uiPriority w:val="99"/>
    <w:semiHidden/>
    <w:rsid w:val="00C174A4"/>
    <w:rPr>
      <w:sz w:val="24"/>
      <w:szCs w:val="24"/>
    </w:rPr>
  </w:style>
  <w:style w:type="paragraph" w:styleId="Footer">
    <w:name w:val="footer"/>
    <w:basedOn w:val="Normal"/>
    <w:link w:val="FooterChar"/>
    <w:uiPriority w:val="99"/>
    <w:semiHidden/>
    <w:unhideWhenUsed/>
    <w:rsid w:val="00C174A4"/>
    <w:pPr>
      <w:tabs>
        <w:tab w:val="center" w:pos="4703"/>
        <w:tab w:val="right" w:pos="9406"/>
      </w:tabs>
    </w:pPr>
  </w:style>
  <w:style w:type="character" w:customStyle="1" w:styleId="FooterChar">
    <w:name w:val="Footer Char"/>
    <w:basedOn w:val="DefaultParagraphFont"/>
    <w:link w:val="Footer"/>
    <w:uiPriority w:val="99"/>
    <w:semiHidden/>
    <w:rsid w:val="00C174A4"/>
    <w:rPr>
      <w:sz w:val="24"/>
      <w:szCs w:val="24"/>
    </w:rPr>
  </w:style>
</w:styles>