<?xml version="1.0" encoding="UTF-8" standalone="yes"?>
<Properties xmlns="http://schemas.openxmlformats.org/officeDocument/2006/extended-properties" xmlns:vt="http://schemas.openxmlformats.org/officeDocument/2006/docPropsVTypes">
<Template>Normal.dotm</Template>
<TotalTime></TotalTime>
<Pages></Pages>
<Words></Words>
<Characters></Characters>
<Application>Microsoft Office Word</Application>
<DocSecurity>0</DocSecurity>
<Lines></Lines>
<Paragraphs></Paragraphs>
<ScaleCrop>false</ScaleCrop>
<HeadingPairs><vt:vector size="2" baseType="variant"><vt:variant><vt:lpstr>Title</vt:lpstr></vt:variant><vt:variant><vt:i4>1</vt:i4></vt:variant></vt:vector></HeadingPairs>
<TitlesOfParts>
<vt:vector size="1" baseType="lpstr"><vt:lpstr></vt:lpstr></vt:vector>
</TitlesOfParts>
<Company>Litware</Company>
<LinksUpToDate>false</LinksUpToDate>
<CharactersWithSpaces></CharactersWithSpaces>
<SharedDoc>false</SharedDoc>
<HyperlinksChanged>false</HyperlinksChanged>
<AppVersion>12.0000</AppVersion>
</Properties>
