﻿<Solution SolutionId="44BE5F4A-D561-4981-A318-95ABC706364A" 
		  xmlns="http://schemas.microsoft.com/sharepoint/">

  <FeatureManifests>
    <FeatureManifest Location="ItemAuditing\feature.xml" />
  </FeatureManifests>

  <TemplateFiles>
    <TemplateFile Location="LAYOUTS\AuditLogViewer.aspx"/>
    <TemplateFile Location="LAYOUTS\ItemAudit.aspx"/>
    <TemplateFile Location="LAYOUTS\AuditLogWorkbook.ashx"/>
  </TemplateFiles>

  <Assemblies>
    <Assembly DeploymentTarget="GlobalAssemblyCache" Location="ItemAuditing.dll" />
  </Assemblies>  

</Solution>