<?xml version="1.0" encoding="utf-8"?>
<?xml-stylesheet type="text/xsl" href="..\html\lab.xslt"?>
<Lab xmlns="http://tempuri.org/LabDefinition.xsd"
     Sequence="9" Minutes="45" Title="Using the WSS Provisioning Engine for Publishing">
  <Overview>
    In this lab you will create a SharePoint Feature that will provision a set of site columns, content types and page layouts for web publishing.  The content type will be based on the default Page content type installed by the publishing framework.
  </Overview>
  <Exercises>
    <Exercise Title="Creating Site Columns using a SharePoint Feature">
      <p>
        Start by creating a Class Library project named <b>ECM401.Publishing</b> using the <b>SharePoint Feature</b> project template.  Accept the default name and title, enter a description such as <i>"This feature creates and deploys custom publishing resources."</i>, and select <b>Site</b> as the scope for the feature.  Press <b>Create</b> to close the <b>Feature Wizard</b> dialog box.
      </p>
      <Note>
        You must select <b>Site</b> because you will be provisioning <b>Field</b> elements, which are not allowed at <b>Web</b> scope.
      </Note>
      <p>
        Open the feature.xml file located in the <b>12\TEMPLATE\FEATURES\ECM401.Publishing</b> folder.  Replace the contents of the <b>&lt;ElementManifests&gt;</b> section with the highlighted lines shown below.
      </p>
      <code>
        <li>&lt;ElementManifests&gt;</li>
        <highlight>
          <li>&lt;ElementManifest Location="SiteColumns.xml"/&gt;</li>
          <li>&lt;ElementManifest Location="ContentTypes.xml"/&gt;</li>
        </highlight>
        <li>&lt;/ElementManifests&gt;</li>
      </code>

      <p>
        Save and close the <b>feature.xml</b> file.  Next, you will create two element manifest files - one for site columns and another for content types.
      </p>
      <p>
        First, rename the existing <b>elements.xml</b> file to <b>SiteColumns.xml</b>. Replace the file contents with the following XML code.
      </p>
      <code>
        <li>    &lt;Elements xmlns="http://schemas.microsoft.com/sharepoint/"&gt;</li>
        <li>        &lt;!-- new site column off the "site line of text" field type --&gt;</li>
        <li>        &lt;Field SourceID="http://schemas.microsoft.com/sharepoint/"</li>
        <li>            ID="{DC172FD7-CC9D-493c-A1EB-231B8AF29F3E}"</li>
        <li>            Name="Division2"</li>
        <li>            StaticName="Division2"</li>
        <li>            DisplayName="Division"</li>
        <li>            Group="ECM401"</li>
        <li>            Type="Text"</li>
        <li>            Required="FALSE"</li>
        <li>            Sealed="FALSE"</li>
        <li>            Hidden="FALSE" /&gt;</li>
        <li></li>
        <li>        &lt;!-- new site column based off the "publishing html" field type --&gt;</li>
        <li>        &lt;Field SourceID="http://schemas.microsoft.com/sharepoint/"</li>
        <li>            ID="{8DDDC83E-625C-4d5e-B4EF-0CD8A3A434C2}"</li>
        <li>            Name="DivisionDescription"</li>
        <li>            StaticName="DivisionDescription"</li>
        <li>            DisplayName="Division Description"</li>
        <li>            Group="ECM401"</li>
        <li>            Type="HTML"</li>
        <li>            Required="FALSE"</li>
        <li>            Sealed="FALSE"</li>
        <li>            Hidden="FALSE" /&gt;</li>
        <li>    &lt;/Elements&gt;</li>
      </code>
      <p>
        Now add a second XML file to the same folder named <b>ContentTypes.xml</b> and replace its contents
        with the following XML code.
      </p>
      <Note>
        <b>YOU WILL **MODIFY** THE CONTENT TYPE ID IN THE NEXT STEP</b>
      </Note>
      <code>
        <li>&lt;Elements xmlns="http://schemas.microsoft.com/sharepoint/"&gt;</li>
        <li>&lt;!-- this content type inherits from the "article page" content type --&gt;</li>
        <li>&lt;ContentType</li>
        <highlight>
          <li>ID="0x010100C568DB52D9D0A14D9B2FDCC96666E9F2007948130EC3DB064584E219954237AF3900242457EFB8B24247815D688C526CD44D00976A5C165AB04065B1F9AFAE0E4658B5"</li>
          <li>  Name="Division Article Feature"</li>
        </highlight>
        <li>   Group="ECM401"&gt;</li>
        <li>    &lt;FieldRefs&gt;</li>
        <li>        &lt;FieldRef ID="{DC172FD7-CC9D-493c-A1EB-231B8AF29F3E}" Name="Division" /&gt;</li>
        <li>        &lt;FieldRef ID="{8DDDC83E-625C-4d5e-B4EF-0CD8A3A434C2}" Name="DivisionDescription" /&gt;</li>
        <li>    &lt;/FieldRefs&gt;</li>
        <li>    &lt;DocumentTemplate TargetName="/_layouts/CreatePage.aspx" /&gt;</li>
        <li>&lt;/ContentType&gt;</li>
        <li>&lt;/Elements&gt;</li>
      </code>
      <Note>
        The content type ID you use here will cause this content type to inherit its metadata from the <b>Article Page</b> content type created by the MOSS Publishing framework.To get the correct identifier, perform the following steps:
      </Note>
      <ul>
        <li>
          Navigate to the <b>C:\Program Files\Common Files\Microsoft Shared\web server extensions\12\TEMPLATE\FEATURES\PublishingResources</b> folder in <b>Windows Explorer</b>.
        </li>
        <li>
          Copy the <b>PublishingContentTypes.xml</b> file to <b>C:\</b>.
        </li>
        <li>
          Open the <b>C:\PublishingContentTypes.xml</b> file in Visual Studio and search for the string "$Resources:cmscore,contenttype_articlepage_name;".
        </li>
        <li>
          Copy the content type ID into the ID attribute of the content type you are creating.
        </li>
        <li>
          Append <b>"00"</b> to your new ID.
        </li>
        <li>
          Select <b>Create GUID</b> from the <b>Tools</b> menu in Visual Studio.  Copy and paste the new GUID after the "00".
        </li>
        <li>
          Remove the curly braces and hyphens from the identifier.
        </li>
      </ul>
      <p>
        You now have a feature that will create new site columns and a new Page content type containing those columns.  In the next exercise, you will add a page layout to the feature.
      </p>
    </Exercise>
    <Exercise Title="Adding a Page Layout">
      <p style="Introduction">
        In this exercise you will update the Feature created in the previous exercise to include a custom page layout with an associated preview image. Once this is done, you can deploy the solution, activate the feature, and begin testing.
      </p>
      <p>
        Start by creating the master page template file.  Right-click on the <b>ECM401.Publishing</b> folder in the Visual Studio <b>Solution Explorer</b> and select <b>Add &gt; New Item...</b> from the context menu.  Create a new text file named "ECM401ArticleLayout.aspx".
      </p>
      <p>
        Replace everything in the file using the "ECM401ArticleLayout" code snippet.
      </p>
      <snippet language="XML">SiteProvisioning-ArticleLayout</snippet>
      <p>
        Now copy the image file <b>ECM401ArticlePageLayout.gif</b> from the <b>C:\Student\Resources\Images</b> folder into the <b>ECM401.Publishing</b> folder of the project.
      </p>
      <image>SiteProvisioning-ArticlePageLayout.gif</image>
      <p>
        Create a new XML file in the same folder and give it the name <b>PageLayouts.xml</b>.  Replace its contents with the following XML code.
      </p>
      <code>
        <li>    &lt;Elements xmlns="http://schemas.microsoft.com/sharepoint/"&gt;</li>
        <li>            &lt;!-- add the page layout to the Master Page Gallery --&gt;</li>
        <li></li>
        <indent>
          <li>            &lt;Module Url="_catalogs/masterpage"</li>
          <li>                RootWebOnly="TRUE"&gt;</li>
          <li></li>
          <indent>
            <li>                &lt;!-- provision the page layout into the Master Page Gallery --&gt;</li>
            <li>                &lt;File Url="ECM401ArticleLayout.aspx"</li>
            <li>                    Name="ECM401ArticleLayoutFeature.aspx"</li>
            <li>                    Type="GhostableInLibrary"&gt;</li>
            <li>                    &lt;!-- specify the content type associated this page layout is associated with --&gt;</li>
            <li></li>
            <li>                    &lt;Property Name="PublishingAssociatedContentType"</li>
            <highlight>
              <li>Value=";#Division Article Feature;#0x010100C568DB52D9D0A14D9B2FDCC96666E9F2007948130EC3DB064584E219954237AF3900242457EFB8B24247815D688C526CD44D00976A5C165AB04065B1F9AFAE0E4658B5;#"</li>
            </highlight>
            <li>                    /&gt;</li>
            <li></li>
            <li>                    &lt;!-- specify the URL to the preview image, provisioned below --&gt;</li>
            <li>                    &lt;Property Name="PublishingPreviewImage"</li>
            <li>                        Value="~SiteCollection/_catalogs/masterpage/Preview Images/Litware/ECM401ArticlePageLayoutFeature.gif, ~SiteCollection/_catalogs/masterpage/Preview Images/Litware/ECM401ArticlePageLayoutFeature.gif" /&gt;</li>
            <li>                    &lt;!-- specify the page layout content type --&gt;</li>
            <li>                    &lt;Property Name="ContentType"</li>
            <li>                        Value="$Resources:cmscore,contenttype_pagelayout_name;" /&gt;</li>
            <li>                    &lt;!-- specify the title of the page layout --&gt;</li>
            <li>                    &lt;Property Name="Title"</li>
            <li>                        Value="Litware Division Article" /&gt;</li>
            <li>                &lt;/File&gt;</li>
          </indent>
          <li>            &lt;/Module&gt;</li>
          <li></li>
          <li>            &lt;!-- add the preview image to the Master Page Gallery --&gt;</li>
          <li>            &lt;Module Url="_catalogs/masterpage/Preview Images/Litware"</li>
          <li>                RootWebOnly="TRUE"&gt;</li>
          <indent>
            <li>                &lt;!-- provision the preview image into the Master Page Gallery --&gt;</li>
            <li>                &lt;File Url="ECM401ArticlePageLayout.gif"</li>
            <li>                    Name="ECM401ArticlePageLayoutFeature.gif"&gt;</li>
            <li>                    &lt;!-- specify the title of the preview image --&gt;</li>
            <li>                    &lt;Property Name="Title"</li>
            <li>                        Value="ECM401ArticlePageLayoutFeature.gif" /&gt;</li>
            <li>                &lt;/File&gt;</li>
          </indent>
          <li>            &lt;/Module&gt;</li>
        </indent>
        <li>        &lt;/Elements&gt;</li>
      </code>
      <Note>
        You need to edit the highlighted attribute of the property named <b>PublishingAssociatedContentType</b> so that it matches the content type name and ID you constructed previously.  <b>TAKE CARE TO ENSURE THAT THE ";#" DELIMITER REMAINS IN TACT.  IT OCCURS THREE TIMES, AS IN ";#name;#id;#"</b>
      </Note>
      <p>
        Open the <b>feature.xml</b> file for editing and insert the following highlighted lines.
      </p>
      <code>
        <li>            &lt;Feature xmlns="http://schemas.microsoft.com/sharepoint/"</li>
        <li>                Id="fcafc2f0-2a2d-42b7-bb6f-3a83a8f90819"</li>
        <li>                Hidden="FALSE"</li>
        <li>                    Title="ECM401 - Publishing Feature"</li>
        <li>                    Description="This feature creates custom publishing resources."</li>
        <li>                    Scope="Site"</li>
        <li>                ReceiverAssembly="ECM401.Publishing, Version=1.0.0.0, Culture=neutral, PublicKeyToken=6dc3927da2abcbba"</li>
        <li>                ReceiverClass="ECM401.Publishing.FeatureReceiver"</li>
        <li>                Version="1.0.0.0"&gt;</li>
        <li></li>
        <li>            &lt;ElementManifests&gt;</li>
        <li>                &lt;ElementManifest Location="SiteColumns.xml"/&gt;</li>
        <li>                &lt;ElementManifest Location="ContentTypes.xml"/&gt;</li>
        <highlight>
          <li>&lt;ElementManifest Location="PageLayouts.xml"/&gt;</li>
        </highlight>
        <li>&lt;/ElementManifests&gt;</li>
        <li></li>
        <li>&lt;/Feature&gt;</li>
      </code>
      <p>
        Now you are ready to build the project and deploy the solution.  Select the <b>DebugDeploy</b> configuration and build the project, then navigate to the <b>Litware Publishing</b> site to activate the feature.  Check the <b>Site Column Gallery</b> to ensure that the new site columns were created and then check the <b>Content Type Gallery</b> to ensure that the new content type was created.  Finally, create a new page using the new page layout.
      </p>
      <Note>
        You have successfully created and deployed custom publishing resources using a SharePoint Feature instead of SharePoint Designer.
      </Note>
    </Exercise>
  </Exercises>
</Lab>