﻿<?xml version="1.0" encoding="utf-8"?>
<?xml-stylesheet type="text/xsl" href="..\html\lab.xslt"?>
<Lab xmlns="http://tempuri.org/LabDefinition.xsd"
     Sequence="7" Minutes="60" Title="Building Custom Routers">
  <Overview>In this lab, you will extend the record routing capability of the Litware Record Center to redirect, track and filter incoming records based on document metadata as well as custom business rules.  This will require that you create several custom routers that will be installed by a feature that can be activated on a given record center site.</Overview>
  <Exercises>
    <Exercise Title="Creating a SharePoint Feature project">
      <p>
        Start by creating a new <b>SharePoint Feature</b>project in Visual Studio.  Give it the name <b>ECM401.CustomRouter</b>.  Set the feature scope to <b>Web</b> so that it can be activated on any SharePoint website, as shown below.
      </p>
      <image>CustomRouting-FeatureDetails.png</image>
      <p>
        Your feature will take advantage of utility code from the ECM401 class library located in the <b>student/resources/tools</b> folder.  Add that project to your solution and then add a reference to it and to the <b>System.Configuration.Install</b> assembly that the ECM401 project depends on.  Since you will also be relying on classes in the <b>Microsoft.Office.RecordsManagement</b> namespace, you will also need to add a reference to the <b>Microsoft.Office.Policy.dll</b> file.  When you are finished, your project should resemble the following illustration.
      </p>
      <image>CustomRouting-SolutionSetup.png</image>
    </Exercise>
    <Exercise Title="Creating a Simple Filtering Router">
      <p style="Introduction">
        The first router you create will simply filter incoming records based on incoming metadata.  This router will examine selected properties associated with each incoming record and then decide whether to accept or reject the file based on their values.  In this example, the filtering rules will be hardcoded.  In actual practice, you would read the rules in from an external file or database system.
      </p>
      <p>
        Add a new class to your project called <b>FilteringRouter</b> and open the new code file for editing.  Add the following lines to the set of <b>using</b> statements at the top of the file.
      </p>
      <code>
        <li>using System.Diagnostics;</li>
        <li>using Microsoft.Office.RecordsManagement.RecordsRepository;</li>
        <li>using WSS=Microsoft.SharePoint;</li>
        <li>using ECM401.RecordsManagement;</li>
      </code>
      <Note>
        You need the <b>WSS=</b> prefix because there is a conflict between the <b>RecordsRepositoryProperty</b> object declared in the <i>Microsoft.SharePoint</i> namespace and an object of the same name declared in the <i>Microsoft.Office.RecordsManagement.RecordsRepository</i> namespace.
      </Note>
      <p>
        The <b>ECM401.RecordsManagement</b> namespace contains utility classes that simplify the construction of various SharePoint components.  One of these is the <b>SharePointRouter</b> base class that understands how to install and uninstall custom routers and also provides a default implementation of the <b>IRouter</b> interface that all custom routers must implement.  You will derive your custom router from this abstract base class and then override the <b>OnSubmitFile</b> method.
      </p>
      <p>Modify the class declaration so that it matches the following code.</p>
      <code>
        <li>[Name("ECM401 Filtering Router")]</li>
        <li>public class FilteringRouter : SharePointRouter</li>
        <li>{</li>
        <li>}</li>
      </code>
      <Note>
        The <b>NameAttribute</b> is a custom attribute provided in the ECM401 utility library for attaching a name to any type.  The <b>SharePointRouter</b> base class looks for this attribute and uses it to determine the router name when the custom router is installed.
      </Note>
      <p>
        The <b>IRouter</b> interface declares a single method called <i>OnSubmitFile</i> that will contain your custom routing logic.  Insert the following code to the class definition.
      </p>
      <snippet language="C#">CustomRouting-FilteringRouter-OnSubmitFile</snippet>
      <p>
        Next, you will apply custom business rules to validate the content and metadata of each incoming record using two utility methods called <b>ValidateContent</b> and <b>ValidateMetadata</b>.  Add the following code to the class definition.
      </p>
      <code>
        <li>/// &lt;summary&gt;</li>
        <li>/// Checks the file content for validity.  This can be any algorithm you like.</li>
        <li>/// &lt;/summary&gt;</li>
        <li>/// &lt;param name="resultDetails"&gt;&lt;/param&gt;</li>
        <li>/// &lt;param name="fileToSubmit"&gt;&lt;/param&gt;</li>
        <li>/// &lt;returns&gt;&lt;/returns&gt;</li>
        <li>bool ValidateContent(ref string resultDetails, ref byte[] fileToSubmit)</li>
        <li>{</li>
        <indent>
          <li>return true;</li>
        </indent>
        <li>}</li>
      </code>
      <p>Complete the router implementation by adding the following code to the class definition.</p>
      <snippet language="C#">CustomRouting-FilteringRouter-ValidateMetadata</snippet>
    </Exercise>
    <Exercise Title="Installing the Router">
      <p>
        In order for your router to be recognized within the SharePoint environment, it must be added to the global collection of routers for the web on which your feature is activated.  To accomplish this, you will use a factory method of the <b>SharePointRouter</b> utility class provided.  Open the <b>FeatureReceiver.cs</b> file and replace the <b>FeatureActivated</b> and <b>FeatureDeactivating</b> methods with the following code.
      </p>
      <snippet language="C#">CustomRouting-FilteringRouter-FeatureReceiver</snippet>
      <p>
        Close the file and build the project.  This will run the <b>Install.bat</b>, which installs your feature into the local SharePoint farm.
      </p>
    </Exercise>
    <Exercise Title="Activating the Router">
      <p>There are two steps you must complete before you custom router is available in the record center site.  First, you must activate the feature.  Second, you must associate the router with one or more record series types.</p>
      <p>
        To activate the feature, navigate to the <b>Site Settings</b> page of the record center site and select the <b>Site Features</b> link.  The <b>ECM401.CustomRouter</b> feature should appear in the list of features, as shown below.
      </p>
      <image>CustomRouting-FeatureActivation.png</image>
      <p>Activate the feature.</p>
      <p>
        Navigate to the home page of the record center site and select a record routing type from the <b>Record Routing</b> list, for example, <b>Contract</b>.  Then, from the <b>Record Routing: Contract</b> page, scroll to the bottom of the page and select your custom router from the list as shown in the following illustration.  Press <b>OK</b> to update the routing table.
      </p>
      <Note>
        You can select any routing type you like.  <i>Contract</i> was chosen here just to illustrate the process.
      </Note>
      <image>CustomRouting-FilteringRouter-Selection.png</image>
      <p>Now submit a variety of file types to the record center from any document library.  When you try to submit an Excel spreadsheet, it will be rejected.  The same will be true for generic documents and older versions of existing documents.</p>
    </Exercise>
    <Exercise Title="Creating a Tracking Router">
      <p>The next router you create will be used to track incoming records by writing an entry to a custom list in the record center site.  The same logic could be applied to write custom auditing records into the content database, or to an external SQL database.</p>
      <p>
        Start by adding a new class to the project named <b>TrackingRouter</b> and then open the file for editing.  As before, add the following <b>using</b> statements at the top of the file.
      </p>
      <code>
        <li>using System.Diagnostics;</li>
        <li>using Microsoft.Office.RecordsManagement.RecordsRepository;</li>
        <li>using WSS=Microsoft.SharePoint;</li>
        <li>using ECM401.RecordsManagement;</li>
      </code>
      <p>Next, modify the class declaration so it matches the following code.</p>
      <code>
        <li>[Name("ECM401 Tracking Router")]</li>
        <li>public class TrackingRouter : SharePointRouter</li>
        <li>{</li>
        <li>}</li>
      </code>
      <p>
        To simplify creating and updating the history list, you will use a nested wrapper class.  Insert the following code inside the <b>TrackingRouter</b> class definition.
      </p>
      <snippet language="C#">CustomRouting-TrackingRouter-RecordRouterHistoryList</snippet>
      <p>
        With your history list defined, you can override and implement the <i>OnSubmitFile</i> method.  Add the following code to the <b>TrackingRouter</b> class definition.
      </p>
      <snippet language="C#">CustomRouting-TrackingRouter-OnSubmitFile</snippet>
      <p>
        This method performs the dual function of writing to the history list and also to the system event log, which it also uses to record any problems encountered while writing to the history list.  To make it easier to deal with the custom properties that have been provided along with the incoming file, a separate helper method is used.  Add the following code to the <b>TrackingRouter</b> class definition.
      </p>
      <snippet language="C#">CustomRouting-TrackingRouter-ExtractProperties</snippet>
      <p>
        This completes the tracking router implementation.  As a final step, you must add code to the <b>FeatureActivated</b> and <b>FeatureDeactivating</b> feature receiver methods to register and unregister the router in the SharePoint environment.
      </p>
      <p>
        Open the <b>FeatureReceiver.cs</b> file and add the following line to the <b>FeatureActivated</b> method.
      </p>
      <code>
        <li>SharePointRouter.AddRouter(web, typeof(TrackingRouter));</li>
      </code>
      <p>Add the following line to the FeatureDeactiving method.</p>
      <code>
        <li>SharePointRouter.RemoveRouter(web, typeof(TrackingRouter));</li>
      </code>
      <p>Save your work and rebuild the project, then deactivate and reactivate the feature.  Select a record series type and enable the "ECM401 Tracking Router" custom router.  Now, when you send a document to the repository that matches the selected record series type, you should see a new list named "Record Routing History" with an entry for each incoming file.</p>
    </Exercise>
    <Exercise Title="Creating a Redirecting Router">
      <p>The final router you create will redirect incoming records to different document libraries based on metadata associated with each record.  This is a standard requirement for record routing and the code you write can easily be extended for use in your own solutions.</p>
      <p>
        As with the other routers in this set, you will start by adding a new class to the project named <b>RedirectingRouter</b>. Open the code file for editing and add the appropriate using statements at the top of the file.
      </p>
      <code>
        <li>using System.Diagnostics;</li>
        <li>using Microsoft.Office.RecordsManagement.RecordsRepository;</li>
        <li>using WSS=Microsoft.SharePoint;</li>
        <li>using ECM401.RecordsManagement;</li>
      </code>
      <p>Modify the class declaration so it matches the following code.</p>
      <code>
        <li>[Name("ECM401 Redirecting Router")]</li>
        <li>public class RedirectingRouter : SharePointRouter</li>
        <li>{</li>
        <indent>
          <li>// Write exceptions to the trace log.</li>
          <li>void HandleException(Exception x)</li>
          <li>{</li>
          <indent>
            <li>Log(string.Format("Exception occurred: {0}",x.ToString()));</li>
          </indent>
          <li>}</li>
        </indent>
        <li>}</li>
      </code>
      <p>Your implementation of <b>OnSubmitFile</b> will redirect incoming records based on the collection of metadata properties attached to the file.  The metadata properties are provided in the <b>RecordsRepositoryProperties</b> array, which is passed to the method by SharePoint.
    </p>
      <p>Add the following code snippet to the <b>RedirectingRouter</b> class definition.
    </p>
      <snippet language="C#">CustomRouting-RedirectingRouter-OnSubmitFile</snippet>
      <p>The goal of a redirecting router is to change the target location of each incoming file based on a custom algorithm.</p>
      <Note>The SharePoint API implies (by use of the <i>ref</i> keyword on the <i>destination</i> parameters) that you can change the destination target by changing this value to reference another list.  In actual practice, this does not seem to work unless there is a problem storing the file into the original location.
    </Note>
      <p>Instead of relying on SharePoint to copy the file, you will use a helper method to copy the file depending on whether an adjustment to the destination is required.  You will use another help method to make that determination based on the incoming content type and metadata properties.Add the following helper method to the <b>RedirectingRouter</b> class definition.
    </p>
      <snippet language="C#">CustomRouting-RedirectingRouter-AdjustDestination</snippet>
      <p>To perform the actual copy operation, add the <i>SaveDocument</i> helper method to the class definition.
    </p>
      <snippet language="C#">CustomRouting-RedirectingRouter-SaveDocument</snippet>
      <p>Save your work.  Finally, open the <b>FeatureReceiver.cs</b> file again and add the registration code to the feature receiver methods.
    </p>
      <code>
        <li>// Add this line to the FeatureActivated event receiver method.</li>
        <li>SharePointRouter.AddRouter(web,typeof(RedirectingRouter));</li>
        <li></li>
        <li>// Add this line to the FeatureDeactivating event receiver method.</li>
        <li>SharePointRouter.RemoveRouter(web,typeof(RedirectingRouter));</li>
      </code>
      <p>Rebuild the project, then deactivate and activate the feature and associate the redirecting router for one or more record series types.</p>
    </Exercise>
  </Exercises>
</Lab>