<?xml version="1.0" encoding="utf-8"?>
<?xml-stylesheet type="text/xsl" href="..\html\lab.xslt"?>
<Lab xmlns="http://tempuri.org/LabDefinition.xsd"
     Sequence="0" Minutes="45" Title="ECM401 SharePoint Primer">
  <Overview>
    In this lab, you will use the SharePoint API to build a portal for the ECM401 course.  The purpose of this lab is to ensure that your development environment and tools are configured properly and to get familiar with using the SharePoint API to manipulate objects in the SharePoint farm.
  </Overview>
  <Exercises>
    <Exercise Title="Create a console application">
      <p>Start by creating a new <b>console application</b> that you will use to create the ECM401 portal.  This program will create the following components.
      </p>
      <ol>
        <li>An IIS web application named "ECM" on port 401 so that the top-level url is "http://localhost:401".</li>
        <li>A separate web for each day of the course: DocMan, RecMan, BPM and WCM.</li>
      </ol>
      <Note>During the course, you have the option of doing your lab exercises in the corresponding web for each day of the course, but it's not necessary.</Note>
      <p>In order to call into the SharePoint API, you must add a reference to the <b>Microsoft.SharePoint</b> assembly.  Right-click the project node in the Visual Studio solution explorer and select "Add reference..." from the context menu.  Scroll to the bottom of the <b>.NET</b> tab, select the "Windows SharePoint Services" assembly from the list and press <b>OK</b>.
    </p>
      <p>Replace the generated code in the <b>program.cs</b> file so that it matches the following code snippet.
    </p>
      <snippet language="C#">PortalBuilder-Start</snippet>
      <p>Next, add some constants that you will use to create the new SharePoint portal.  Insert the following code at the top of the <b>Program</b> class just inside the class declaration before the static <b>Main</b> method.
    </p>
      <snippet language="C#">PortalBuilder-Constants</snippet>
      <p>You will use the <b>SPWebApplicationBuilder</b> component to actually construct the new SharePoint web application.  Add the following code inside the <b>try</b> part of the <b>try-catch</b> block.
    </p>
      <snippet language="C#">PortalBuilder-AppBuilder</snippet>
    </Exercise>
    <Exercise Title="Add Helper Methods">
      <p>
        The main method calls on helper methods to perform the work.  First, we need a method that will create a subweb having a specified set of properties.  Add the following <b>CreateSubWeb</b> helper method to the class definition.
      </p>
      <snippet language="C#">PortalBuilder-CreateSubWeb</snippet>
      <p>Add the following <b>PortalInit</b> method, which in turn calls several additional helper methods to create each of the separate webs.</p>
      <snippet language="C#">PortalBuilder-PortalInit</snippet>
      <snippet language="C#">PortalBuilder-DocManInit</snippet>
      <snippet language="C#">PortalBuilder-RecManInit</snippet>
      <snippet language="C#">PortalBuilder-BPMInit</snippet>
      <snippet language="C#">PortalBuilder-WCMInit</snippet>
    </Exercise>
    <Exercise Title="Build and Test">
      <p>Build the project and run it to test your work.  Just for fun, run the program in the debugger and step through the code to see how long each part takes, and also check the local farm as each part of the portal is being constructed.</p>
      <p>Go back and play with the code to select different options.  For example, try using different site templates for the WCM portal to see what dependencies exist between the site definitions and features.</p>
    </Exercise>
    <Exercise Title="Create a Simple Feature">
      <p>Throughout the course, you will need to create SharePoint features in order to add components to the SharePoint environment.  To make this easier, and to ensure consistency, we have provided a Visual Studio project template for creating features.  In this exercise, you will use the project template to create a simple feature.  This will familiarize you with the template and also ensure that everything is working correctly.</p>
      <p>The project template uses a wizard to gather information about your feature, then it sets up your project so that your feature can be deployed quickly into the SharePoint environment.  The wizard is part of a class library project named <b>ECM401</b> that is located in your <b>student/solution/ecm401</b> folder.  Add the project to your solution and build it.
    </p>
      <Note>You have to build the project first, because it contains code that is referenced from the project template.</Note>
      <p>The template itself is located in the <b>VisualStudio</b> folder within the <b>ECM401</b> project.  Inside that folder is a batch file named <b>InstallProjectTemplate.bat</b>.  Open this file and view the contents to understand what it does, and then run the batch file to install the template into your development environment.
    </p>
      <Note>Make sure that the batch file copies the template into the correct location on your development machine.  In most cases, the default settings should work.  Note that the batch file adds the template to the <b>SharePoint</b> subfolder of the <b>CSharp</b> templates.  <b>You must close and reopen the Visual Studio IDE in order to use the new template.</b>
    </Note>
      <p>Now you are ready to create a simple feature.  Create a new project and select the <b>SharePoint</b> folder.  Within that, you should now see a <b>SharePoint Feature</b> project item as shown in the following illustration.
    </p>
      <image>FeatureWizard-NewProject.png</image>
      <p>Specify a location and project name.  You should see the feature wizard dialog appear as shown below.  Fill out the fields and click the <b>create</b> button.
    </p>
      <image>FeatureWizard-Test.png</image>
      <p>At this point, you can build the project.  View the output pane to see the steps that are taken to deploy your feature into the SharePoint environment.</p>
      <Note>You may need to adjust the <b>install.bat</b> so that the correct application pool is recycled.  Also, note that for speed during development, the project does not create a solution package.  It simply installs the feature into the local farm.
    </Note>
      <p>Open the browser and verify that the feature was installed and is ready for activation.</p>
    </Exercise>
  </Exercises>
</Lab>