﻿<?xml version="1.0" encoding="utf-8"?>
<?xml-stylesheet type="text/xsl" href="..\html\lab.xslt"?>
<Lab xmlns="http://tempuri.org/LabDefinition.xsd"
     Sequence="8" Minutes="60" Title="Gathering Schematized Data">
  <Overview>In this lab, you will develop a reusable object model and API for managing sales proposals.  Your object model will be based on an XML schema that you will use to validate the metadata that will be associated with every sales proposal document.  You will also use the schema to develop an InfoPath form for gathering the metadata and storing it in a SharePoint form library.</Overview>
  <Exercises>
    <Exercise Title="Create a Sales Proposal Schema">
      <p>
        Start by creating a new <b>Class Library</b> DLL project in Visual Studio.  Give it the name <b>ECM401.SalesProposal</b> and delete the auto-generated <b>Class1.cs</b> file.
      </p>
      <p>
        Right-click the <b>ECM401.SalesProposal</b> project node and select <b>Add -&gt; New Item...</b> from the context menu.  Choose the <b>XML Schema</b> item template and give it the name <b>SalesProposal.xsd</b>.
      </p>
      <Note>
        You will be using the built-in schema editor within Visual Studio.  This means you will develop the schema using the "raw" xml-based schema definition language.
      </Note>
      <p>
        Add the following code <b>inside</b> the <b>xs:schema</b> element.
      </p>
      <Note>
        Be careful not to overwrite the generated <b>targetNamespace</b> and <b>xmlns</b> attributes when you insert the code snippet.
      </Note>
      <p>
        First, you will define the root <b>Sales Proposal</b> object.  This object will contain all the other parts of the sales proposal data definition.
      </p>
      <snippet language="XML">SalesProposalSchema-Root</snippet>
      <p>
        Next, you will define an object to describe the company offering the proposal, as well as the people involved in developing the proposal.  This s a separate type that will correspond to a C# class when the schema is transformed.  This object includes a sub-component that holds the company address information.
      </p>
      <snippet language="XML">SalesProposalSchema-CompanyInfo</snippet>
      <p>
        The next component describes the client who receives the proposal.
      </p>
      <Note>
        The <b>CompanyInfo</b> and <b>ClientInfo</b> components both share the <b>AddressBlock</b> definition.
      </Note>
      <snippet language="XML">SalesProposalSchema-ClientInfo</snippet>
      <p>
        To faciliate communicating with the client, you will need a list of contacts.  For maximum flexibility when dealing with collections of objects, you will declare a <b>Contact</b> object as well as a <b>ContactList</b> object.
      </p>
      <snippet language="XML">SalesProposalSchema-Contacts</snippet>
      <p>
        The <b>ProposalInfo</b> component describes the actual proposal, including title and description, starting and ending dates and a list of deliverables.
      </p>
      <snippet language="XML">SalesProposalSchema-ProposalInfo</snippet>
      <p>
        Finally, each <b>Deliverable</b> includes an identifier, an amount, and a <b>ServiceItem</b> which is defined as an enumeration of the kinds of services that the company provides.
      </p>
      <snippet language="XML">SalesProposalSchema-Deliverables</snippet>
      <Note>
        The <b>Deliverable</b> object is declared using the <b>xs:simpleContent</b> declaration so that the description can be conveniently placed inside the <b>&lt;Deliverable&gt; tags.</b>
      </Note>
    </Exercise>
    <Exercise Title="Generate Serialization Classes">
      <p>
        In this exercise, you will generate wrapper classes for each of the components defined above.  To do this, you will use the <b>XsdClassGenerator</b> custom tool which is located in the <b>Student\Resources\Tools</b> directory.
      </p>
      <Note>
        If you have not done so already, you will need to run the <b>XsdClassGeneratorSetup</b> batch file in order to register the assembly as a <b>custom tool</b> within Visual Studio.
      </Note>
      <p>
        Make sure the <b>Properties</b> window is open in Visual Studio, then in the <b>Solution Explorer</b> window, right-click the <b>SalesProposal.xsd</b> file.  Enter <b>XsdClassGenerator</b> in the <b>Custom Tool</b> property and press the <b>Enter</b> key.
      </p>
      <p>
        A new node appears beneath the <b>SalesProposal.xsd</b> file.  Double-click the generated <b>SalesProposal.cs</b> file to open it for editing.  Your file should resemble the following illustration.
      </p>
      <image>SalesProposal_WrapperClasses.png</image>
      <p>
        In later exercises you will add code to extend the functionality of the generated classes.  At this point, you can build the project to create a compiled assembly.  This will ultimately become a custom <b>Sales Proposal API</b> that can be applied to different kinds of solutions.
      </p>
      <p>
        In the next exercise you will use the schema to develop an InfoPath form for gathering Sales Proposal data.
      </p>
    </Exercise>
    <Exercise Title="Create an InfoPath Form for Gathering Data">
      <p style="Introduction">
        In order to test the Sales Proposal API, you will need sample data.  You have the option of entering the data manually, using the built-in schema validation provided by the Visual Studio XML editor or you can use InfoPath to create a richer user experience.  In this exercise, you will use <b>Visual Studio Tools for Office (VSTO)</b> to create an InfoPath form to generate your sample data.
      </p>
      <p>
        Start by creating a new <b>InfoPath Form Template</b> project in Visual Studio.  Give it the name <b>ECM401.SalesProposalForm</b> as shown below.
      </p>
      <image>SalesProposal_NewProject_InfoPath.png</image>
      <p>
        In the next dialog, select <b>Form Template</b> based on <b>XML or Schema</b>.  This allows you to automatically define the data source for the form based on the schema you have already created.
      </p>
      <image>SalesProposal_ChooseFormTemplate.png</image>
      <p>
        In the next dialog, browse to the <b>ECM401.SalesProposal</b> project folder and select the <b>SalesProposal.xsd</b> file you created above.
      </p>
      <image>SalesProposal_DataSourceWizard.png</image>
      <p>
        Press OK to generate the form template and open it in the Visual Studio <b>InfoPath Form Designer</b>.
      </p>
      <Note>
        The InfoPath form designer is integrated into the Visual Studio IDE.
      </Note>
      <p>
        Open the <b>Design Tasks</b> window to begin designing your form.
      </p>
      <image>SalesProposal_DesignTasks.png</image>
      <p>
        Next, click the <b>Data Source</b> link to examine the <b>SalesProposal</b> data source definition that InfoPath has created.  Notice that the data source is <b>locked</b> to prevent inadvertent modifications of the schema.
      </p>
      <image>SalesProposal_DataSource.png</image>
      <Note>
        By locking data sources based on external schemas, InfoPath ensures that the schema will not be changed when controls are dragged onto the form designer surface.
      </Note>
      <p>
        At this point, you can start dragging data elements onto the form.  Use the following illustration as a guide as you drag and drop your controls.  The most important point is to ensure you have included all of the data elements.  One way to do that is to simply drag the entire data source onto the design surface and then rearrange the controls.  Another approach (used here) is to create the basic layout using <b>layout tables</b> and then drag individual data elements or element groups into the layout table cells.
      </p>
      <image>SalesProposal_FormDesign.png</image>
      <p>
        When you finish designing your form, you are ready to test it.  To do this, right-click the <b>manifest.xsf</b> file in the <b>Solution Explorer</b> and select <b>Open With...</b> from the context menu.  Choose <b>Microsoft Office InfoPath 2007</b> and press <b>OK</b>.  This will open a new instance of <b>InfoPath</b> with your form ready for editing.  Enter some data as shown below.
      </p>
      <image>SalesProposal_SampleData02.png</image>
      <p>
        After entering your sample data, save the file by browsing to the <b>ECM401.SalesProposal</b> project directory.  Name the file <b>Sample Data</b>.  InfoPath will save the input data to a new file named <b>Sample Data.xml</b>.  Double-click the file in the <b>ECM401.SalesProposal</b> project to view it within Visual Studio.
      </p>
      <image>SalesProposal_SampleDataForm.png</image>
      <p>
        Now you have schematized data that can be serialized and deserialized using a custom API and that can also be created easily using a rich user interface that ensures the data will conform to the schema.  In the next exercise, you will publish the form to SharePoint and use it to gather sales proposal data.
      </p>
    </Exercise>
    <Exercise Title="Publish the Form to SharePoint">
      <p style="Introduction">
        In this exercise, you will publish the <b>Sales Proposal</b> form to a SharePoint <b>Form Library</b>.  This will form the basis for extending the functionality of your solution in later labs and exercises.  Instead of publishing the form directly into SharePoint, you will package the form into a <b>Feature</b> so it can be deployed easily to many sites.
      </p>
      <p>
        Start by creating a new <b>SharePoint Feature Project</b> named <b>ECM401.SalesProposalFeature</b>. Set the <b>Feature Scope</b> to <b>Web</b>.
      </p>
      <p>
        Next, re-open the <b>manifest.xsf</b> file in <b>design mode</b> by double-clicking in the <b>Solution Explorer</b> window. Select <b>Form Options...</b> from the <b>Tools</b> menu.
      </p>
      <image>SalesProposal_ToolsFormOptions.png</image>
      <p>
        Select <b>Property Promotion</b> on the left side of the <b>Form Options</b> dialog.  From here, you will select the data elements you wish to be promoted to SharePoint list columns.  Starting with the <b>Company Name</b> field, navigate to the <b>Name</b> element inside the <b>Company Info</b> element and give it the name <b>Company</b> as shown below.
      </p>
      <image>SalesProposal_FormOptionsPropertiesCompany.png</image>
      <p>Continue adding the remaining fields shown below.</p>
      <image>SalesProposal_FormOptionsProperties.png</image>
      <p>
        Select <b>Security and Trust</b> on the left side of the dialog.  Specify <b>Domain</b> security for the form.  This will allow it to be opened from within a SharePoint form library.
      </p>
      <image>SalesProposal_FormOptionsSecurity.png</image>
      <p>
        Click <b>OK</b> to save your changes and return to the design surface.  From the <b>Design Tasks</b> window, click the <b>Publish Form Template...</b> link.
      </p>
      <image>SalesProposal_PublishFormTemplate.png</image>
      <Note>
        "Publishing" is <b>NOT</b> the same as "saving" a form template.  The form template you are working on is saved as part of the SalesProposalForm project.  In this next step, you will publish the form into the <b>12\TEMPLATE\FEATURES\ECM401.SalesProposalFeature</b> folder so it can be packaged along with the feature.
      </Note>
      <p>
        When you click the <b>Publish Form Template...</b> link, Visual Studio responds by building your project.  This is necessary because any managed code you might write would have to be compiled and packaged within the form template you are publishing.  In this case, you are not writing any managed code, but the assembly is part of the form template anyway.  After the project is built, you are presented with series of dialogs.  Choose the options shown in the next series of illustrations.
      </p>
      <image>SalesProposal_PublishingWizard.png</image>
      <p>
        Browse to the <b>ECM401.SalesProposalFeature</b> project folder.  Within that, navigate down to the <b>12\TEMPLATE\FEATURES\ECM401.SalesProposalFeature</b> folder.  Give the form the name <b>SalesProposal</b>.
      </p>
      <image>SalesProposal_PublishingWizardBrowse.png</image>
      <p>
        Clear the default access path, and then click <b>OK</b> to continue in the popup dialog box.
      </p>
      <image>SalesProposal_PublishingWizardAccessPath.png</image>
      <p>
        Review your options and then click <b>Publish</b> to generate the published form.
      </p>
      <image>SalesProposal_PublishingWizardPublish.png</image>
      <p>
        Now that you have a form template in the feature folder, you can proceed to package it into your solution.  Double-click the <b>elements.xml</b> file in the <b>ECM401.SalesProposalFeature</b> project and insert the following code inside the <b>&lt;Elements&gt;</b> tag.
      </p>
      <snippet language="XML">SalesProposal-FeatureElements</snippet>
      <Note>
        These elements declare a form library with the name "Sales Proposals" and instruct SharePoint to load the form into a specific location within the form library.  In the next step, you will write code that attaches the form to the library as a document template.
      </Note>
      <p>
        Double-click the <b>FeatureReceiver.cs</b> file to open it for editing.  Add an override for the <b>OnActivated</b> virtual method.  Be sure to choose the version that is appropriate for the feature scope.  In this case, choose the method that accepts an <b>SPWeb</b> parameter.  Replace the body of the method with the following code.
      </p>
      <snippet language="C#">SalesProposal-CreateList</snippet>
      <p>
        Build the project, open the web browser and navigate to the <b>localhost:401/bpm/part1</b> site.  From the <b>Site Actions</b> menu, choose <b>Site Settings</b> and then choose <b>Site Features</b>.  Scroll to the <b>ECM401.SalesProposalFeature</b> and activate it.  Go back to the home page of the site and verify that the <b>Sales Proposal</b> form library was created.
      </p>
      <image>SalesProposal_FormLibraryCreated.png</image>
      <p>
        Open the form library and click the <b>New</b> menu command to create a new form.  Verify that InfoPath opens with your form.
      </p>
    </Exercise>
  </Exercises>
</Lab>