﻿<?xml version="1.0" encoding="utf-8"?>
<?xml-stylesheet type="text/xsl" href="..\html\lab.xslt"?>
<Lab xmlns="http://tempuri.org/LabDefinition.xsd"
     Sequence="2" Minutes="60" Title="Working with Content Types">
  <Overview>In this lab, you will write code that manipulates SharePoint Content Types via the SharePoint object model and API.  The exercises in this lab take an imperative (code-based) rather than a declarative (xml-based) approach in order to familiarize you with the objects and methods provided by the SharePoint API for building solutions.  Your code will focus both on discovering existing type definitions and creating new ones.</Overview>
  <Exercises>
    <Exercise Title="Exploring the SharePoint API">
      <p>In this exercise, you will write a console application the displays information about content types for a given site.  Your utility will accept three parameters; the URL of the target site to scan, the name of a content type to be displayed and whether to recursively display all content types which inherit from the one specified.</p>
      <p>
        Start by creating a new Console Application project in Visual Studio.  Give it the name <b>ECM401.ContentTypeBrowser</b>.
      </p>
      <p>
        In order to use the SharePoint API, you must add a reference to the Microsoft.SharePoint.dll file. Right-click the <b>References</b> node and select <b>Add Reference…</b>.  Click on the <b>.NET</b> tab and scroll to the bottom of the list.  Select <b>Windows® SharePoint® Services</b> and click OK.
      </p>
      <p>
        Add the following line of code to the top of the <b>Program.cs</b> file.
      </p>
      <code>
        <li>using Microsoft.SharePoint;</li>
      </code>
      <p>
        Add three data members to the <b>Program</b> class as follows:
      </p>
      <code>
        <li>bool Recursive=false;</li>
        <li>string Url = "http://litwareinc.com";</li>
        <li>string TargetType = null;</li>
      </code>
      <p>
        Add the following code to the static <b>Main</b> method.
      </p>
      <snippet language="C#">ContentType-Main</snippet>
      <p>This handles the program arguments.  Now you will implement the Program constructor and Run method.  Add the following code to the Program class.</p>
      <code>
        <li>/// &lt;summary&gt;</li>
        <li>/// Program constructor</li>
        <li>/// &lt;/summary&gt;</li>
        <li>public Program(string url, string baseType, bool recursive)</li>
        <li>{</li>
        <li>  this.Url = url;</li>
        <li>  this.TargetType = baseType;</li>
        <li>  this.Recursive = recursive;</li>
        <li>}</li>
      </code>
      <p>The Run method simply checks the data members to determine what to do.  Enter the following code just after the Program constructor.</p>
      <snippet language="C#">ContentType-Run</snippet>
      <p>This method starts at the root web of the designated URL and obtains the catalog of available content types for the website.  The AvailableContentTypes collection includes all content types that are visible from the target website up to the root web of the site collection.  It does not include content types for website beneath the target web.</p>
      <p>
        Now you will implement the <b>DisplayContentType</b> method, which simply displays the content type name at the specified indent level.  If the recursive flag is turned on, then you will see a tree of content types showing the inheritance level for the selected type.  Enter the following code beneath the Run method.
      </p>
      <snippet language="C#">ContentType-DisplayContentType</snippet>
      <p>To determine if one content type derives from another, you can use the SharePoint API to walk up the inheritance tree.  Enter the following method beneath the DisplayContentType method.</p>
      <snippet language="C#">ContentType-DerivesFrom</snippet>
      <p>Build the project and open a command prompt in the bin\debug folder.  Enter the following command line:</p>
      <code>
        <li>ECM401.ContentTypeBrowser.exe –type Item –recursive</li>
      </code>
      <p>The resulting window should resemble the following diagram.</p>
      <image>ContentTypes_ContentTypeBrowser.png</image>
    </Exercise>
    <Exercise Title="Creating Content Types using XML">
      <p>In the next exercise, you will create a SharePoint Feature that installs a custom content type called Promissory Note.  The Promissory Note content type will include the following metadata fields:</p>
      <ul>
        <li>Amount</li>
        <li>Due Date</li>
        <li>Interest Rate</li>
      </ul>
      <p>
        Start by creating a new <b>SharePoint Feature</b>project in Visual Studio.  Give it the name <b>ECM401.PromissoryNote</b> and delete the auto-generated <b>FeatureReceiver.cs</b> and <b>FeatureReceiverBase.cs</b> files.  You won’t be adding any code to the project, just XML.
      </p>
      <p>
        Open the generated <b>feature.xml</b> file for editing.  Remove the two highlighted lines shown below.
      </p>
      <code>
        <li>&lt;?xml version="1.0" encoding="utf-8" ?&gt;</li>
        <li>&lt;Feature xmlns="http://schemas.microsoft.com/sharepoint/"</li>
        <li>  Id="db85ec29-731a-4ace-810d-2675b3ef7b79"</li>
        <li>    Hidden="FALSE"</li>
        <li>      Title="ECM401.PromissoryNote"</li>
        <li>        Description="Creates a simple promissory note content type."</li>
        <li>          ImageUrl="Ted Pattison Group\bug_brwn_pith.gif"</li>
        <highlight>
          <li>  ReceiverAssembly="ECM401.PromissoryNote, Version=1.0.0.0, Culture=neutral, PublicKeyToken=a9ca7666007df3c3"</li>
          <li>  ReceiverClass="ECM401.PromissoryNote.FeatureReceiver"</li>
        </highlight>
        <li>  Scope="Site"</li>
        <li>    Version="1.0.0.0"&gt;</li>
        <li>    </li>
        <li>      &lt;ElementManifests&gt;</li>
        <li>          &lt;ElementManifest Location="elements.xml"/&gt;</li>
        <li>            &lt;/ElementManifests&gt;</li>
        <li>            </li>
        <li>            &lt;/Feature&gt;</li>
      </code>
      <Note>
        The actual feature <b>Id</b> value in your code will be different.
      </Note>
      <p>
        Now open the <b>elements.xml</b> file for editing.  Select the entire contents of this file and replace the contents with the following XML code.
      </p>
      <snippet language="XML">ContentType-PromissoryNote</snippet>
      <p>Working with content types in XML can be challenging, because in order to declare field references, you have to know the unique identifier of each field you want to use.  Because of this, you will use a trick to obtain the field identifiers for the title and comments fields.</p>
      <p>
        Right-click on the project node and select <b>Add -&gt; Existing Item…</b> from the context menu.  Browse to <b>C:\Student\Resources\</b> and select the files <b>fieldswss.xml</b> and <b>fieldswss.xslt</b>. The fieldswss.xml file is a copy of the default field declaration file used by WSS.  The fieldswss.xslt is a custom XSLT stylesheet you will use to transform the raw field declaration file into a table with field declarations you can simply copy into your content type definition.
      </p>
      <p>The XSLT code you will reference looks like this:</p>
      <snippet language="XML">ContentType-FieldsXSLT</snippet>
      <p>
        Double-click the <b>fieldswss.xml</b> file to open it for editing.  Open the property pane and enter fieldswss.xslt into the Stylesheet property.
      </p>
      <p>
        With the fieldswss.xml file still open, select <b>Show XSLT Output</b> from the <b>XML</b> menu in Visual Studio.  When you are done, you should see a table like the one in the following diagram.
      </p>
      <image>ContentTypes_FieldsWss.png</image>
      <p>
        Browse the list of fields until you find the <b>Title</b> and <b>Comments</b> fields.  Copy the contents of the <b>Declaration</b> column and paste the full declaration into the elements.xml file just inside the <b>&lt;FieldRefs&gt;</b> tag of the content type declaration.
      </p>
      <p>
        In addition to the two built-in fields, you will also add three custom fields for the <b>Due Date</b>, <b>Interest Rate</b> and <b>Total Amount</b> of the promissory note.  Add the following lines to the elements.xml file just under the opening &lt;Elements&gt; tag.
      </p>
      <snippet language="XML">ContentType-PromissoryNoteFields</snippet>
      <Note>When creating new field declarations, you need a unique GUID for each field identifier.</Note>
      <p>To complete your content type declaration, you must add field references to the three new fields you have just declared.  When you are finished, the content definition should look like this.</p>
      <code>
        <li>&lt;!-- Declare the content type --&gt;</li>
        <li></li>
        <li>&lt;ContentType ID="0x01010070ECF29474514071B9E7F9D991D3DC05"</li>
        <li>  Name="Promissory Note"</li>
        <li>    Group="ECM401"</li>
        <li>      Description="Defines fields for a simple promissory note."</li>
        <li>        Sealed="FALSE"</li>
        <li>          Version="0"</li>
        <li>            ReadOnly="FALSE"</li>
        <li>              BaseType="0x0101"&gt;</li>
        <li>              </li>
        <li>                &lt;FieldRefs&gt;</li>
        <highlight>
          <li>    &lt;FieldRef ID="{fa564e0f-0c70-4ab9-b863-0177e6ddd247}" Name="Title" DisplayName="$Resources:core,Title;" Required="FALSE"/&gt;</li>
          <li>        &lt;FieldRef ID="{9da97a8a-1da5-4a77-98d3-4bc10456e700}" Name="Comments" DisplayName="$Resources:core,Description;" Required="FALSE"/&gt;</li>
          <li>            &lt;FieldRef ID="{E718EA82-8127-481b-A704-41EA74F14E87}" Name="DueDate" DisplayName="Due Date" Required="TRUE"/&gt;</li>
          <li>                &lt;FieldRef ID="{4BA9D3E0-ABA5-415d-89CD-CC34B1169071}" Name="InterestRate" DisplayName="Interest Rate" Required="TRUE"/&gt;</li>
          <li>                    &lt;FieldRef ID="{4C736512-4E2A-4a7b-9C96-D4624B51995E}" Name="TotalAmount" DisplayName="Total Amount" Required="TRUE"/&gt;</li>
        </highlight>
        <li>  &lt;/FieldRefs&gt;</li>
        <li>  </li>
        <li>    &lt;DocumentTemplate TargetName="/_layouts/ecm401/promissory note.docx" /&gt;</li>
        <li>    &lt;/ContentType&gt;</li>
      </code>
      <Note>
        The <b>DocumentTemplate</b> tag is used to specify the template that should be used for the content type.
      </Note>
      <p>
        Now you are ready to test your work.  Save all files and build the project.
      </p>
      <p>
        Although you are not actually writing any compiled code, the post-build event batch will copy the feature definition into the appropriate locations and then call <b>STSADM</b> to install the feature into the site collection.
      </p>
      <Note>You will still need to manually activate the feature for any sub-site in which you wish to use the promissory note content type.</Note>
      <p>
        Open the browser and navigate to the <url>http://localhost:401/docman</url> site.  Click on Site Settings from the Site Actions menu and then choose Site Collection features.  You should see <b>ECM401 - Promissory Note</b> next to an Indiana Jones hat.  Click the <b>Activate</b> button and then return to the home page of the site.
      </p>
      <p>
        Click on the <b>Shared Documents</b> link and then select <b>Document Library Settings</b> from the <b>Settings</b> menu.  Click the <b>Advanced Settings</b> link under <b>General Settings</b> and select <b>Yes</b> under <b>Allow management of content types?</b> and then click <b>OK</b>.
      </p>
      <p>
        On the <b>Customize Shared Documents</b> page, under the <b>Content Types</b> section, click the <b>Add from existing site content types</b> link.  You should see <b>Promissory Note</b> in the list.  Double-click it and then click the <b>OK</b> button at the bottom of the page.
      </p>
      <p>
        Return to the <b>Shared Documents</b> page and click the <b>New</b> button.  Select <b>Promissory Note</b> from the dropdown menu.  <b>Microsoft Word</b> should open with a new document based on the promissory note document template.
      </p>
      <p>
        Click the <b>Save</b> button to save the document back to the document library.  When Word prompts you to select a document type, select <b>Promissory Note</b>. You will now see an error message saying that required fields are missing.  This is because you specified that the <b>Due Date</b>, <b>Interest Rate</b> and <b>Total Amount</b> fields are required.
      </p>
      <Note>
        If you see an error message when you try to save the document, it means that the <b>Event Notification</b> service is running.  This service can sometimes interfere with network connectivity from within Word 2007.  Disable the service by running <b>net stop sens</b> from the command line.
      </Note>
      <p>
        Open the <b>Document Information Panel</b> as directed, and enter some values for these fields.  When you are done, continue saving the file to the <b>Shared Documents</b> library.
      </p>
    </Exercise>
  </Exercises>
</Lab>