﻿<?xml version="1.0" encoding="utf-8"?>
<?xml-stylesheet type="text/xsl" href="..\html\lab.xslt"?>
<Lab xmlns="http://tempuri.org/LabDefinition.xsd"
     Sequence="5" Minutes="45" Title="Building a Records Repository">
  <Overview>
    In this lab, you will create a controlled records repository for the Litware legal and accounting
    departments.  The repository will be used to store contracts and legal documents related to ongoing litigation
    involving Litware and its suppliers.  It will also be used to house annual reports produced by the
    accounting department.
  </Overview>
  <Exercises>
    <Exercise Title="Creating a Record Center Site Collection">
      <p>
        In this exercise, you will setup a separate site collection for official records.  In order to facilitate
        greater administrative control over the contents of the repository, you will create the site collection in a new
        web application.
      </p>
      <Note>
        Using a separate web application makes it easy to partition official records from other types of content.  The
        web application you create will have its own content database and will be used exclusively to store and manage official
        documents.
      </Note>
      <p>
        Open the web browser and navigate to the <b>Central Administration</b> website located at <b>http://litwareserver:9999</b>.
        When the page opens, click the <b>Application Management</b> tab.  From the Application Management page, click <b>Create or extend Web application</b>
        in the <b>SharePoint Web Application Management</b> section.
      </p>
      <image>RecordRepositories-CreateNewWebApp.png</image>
      <p>
        On the <b>Create New Web Application</b> page, click <b>Create a new Web application</b>.  In the <b>IIS Web Site</b> section, select the
        default <b>Create a new IIS web site</b>.  Enter <b>SharePoint - Records Repository</b> into the <b>Description</b> field.  Enter <b>9997</b> into
        the <b>Port</b> field.  Leave the <b>Host Header</b> field blank.
      </p>
      <p>
        Scroll down to the <b>Application Pool</b> section.  Select <b>Create new application pool</b> and enter <b>SharePoint - Records Repository</b> as the
        Application pool name.
      </p>
      <p>
        Select <b>Configurable</b> under <b>Select a security account for this application pool</b>.  Enter <b>LITWAREINC\Administrator</b> as the user name.  Enter
        <b>pass@word1</b> as the password.
      </p>
      <p>
        Click the <b>Restart IIS Automatically</b> radio button.
      </p>
      <image>RecordRepositories-CreateNewAppPool.png</image>
      <p>
        Scroll down to the <b>Database Name and Authentication</b> section.  Enter <b>WSS_OfficialRecords</b> into the <b>Database Name</b> field.
      </p>
      <image>RecordRepositories-DatabaseName.png</image>
      <p>
        Click <b>OK</b> to create the new web application.  On the <b>Application Created</b> page, click the <b>Create Site Collection</b> link.
      </p>
      <image>RecordRepositories-ApplicationCreated.png</image>
      <p>
        On the <b>Create Site Collection</b> page, ensure that <b>http://litwareserver:9997</b> is showing in the <b>Web Application:</b> dropdown in the <b>Web Application</b> section.
      </p>
      <image>RecordRepositories-CreateSiteCollection.png</image>
      <p>
        Enter <b>Litware Records</b> in the Title field.  Enter any description you like and then scroll down to the <b>Template Selection</b> section.  Click the <b>Enterprise</b> tab and select the <b>Records Center</b> site template.
      </p>
      <p>
        In the <b>Primary Site Collection Administrator</b> section, enter <b>Administrator</b> and press <b>ctrl+k</b> to resolve the name.  Enter <b>AngelaB</b> as teh <b>Secondar Site Collection Administrator</b>.  Press <b>ctrl+k</b> again to resolve the name.
      </p>
      <image>RecordRepositories-TemplateSelection.png</image>
      <p>
        Press <b>OK</b> to create the top-level site.  From the <b>Top-Level Site Successfully Created</b> page, click the link to open the site and verify the site URL <b>http://litwareserver:9997</b>.
      </p>
      <image>RecordRepositories-RecordCenterHomePage.png</image>
      <p>You have now created a records repository site.  In the next exercise, you will configure the repository to accept official records.</p>
    </Exercise>
    <Exercise Title="Setting up Routing Types">
      <p>In this exercise, you will configure the record center to accept specific kinds of documents.  For the legal department, you will setup a document library to hold legal documents like contracts and service agreements, as well as litigation support documents like motions and other court filings.  For the accounting department, you will setup a separate document library to hold annual reports and financial statements.</p>
      <p>
        From the quick launch navigation bar on the left side of the record center home page, click the <b>Documents</b> link.  From the <b>All Site Content</b> page, click <b>Create</b>.  On the <b>Create</b> page, click <b>Document Library</b>.  Enter <b>Legal Documents</b> as the library name, along with a description and click <b>Create</b>.
      </p>
      <image>RecordRepositories-LegalDocumentsLibrary.png</image>
      <p>
        Now create a second document library called <b>Financial Documents</b>.
      </p>
      <p>
        Navigate back to the home page and click <b>Configure Record Routing</b> from the Links list at the top right of the page.  On the <b>Record Routing</b> page, click <b>New</b> to create a new routing type.  Enter the information you see below.
      </p>
      <image>RecordRepositories-RecordRoutingNewItemLegal.png</image>
      <p>Now create a second routing type for financial records.</p>
      <image>RecordRepositories-RecordRoutingNewItemFinancial.png</image>
      <p>
        When you are finished, your <b>Record Routing</b> page should look similar to the following:
      </p>
      <image>RecordRepositories-RecordRoutingSummary.png</image>
      <p>Now that you have created your record center site and configured the record routing types, you can complete the configuration of the SharePoint Farm so that users can send documents to the repository easily from the SharePoint UI.</p>
      <p>
        Open the <b>Central Administration Web</b> site again.  Navigate to the <b>Application Management</b> page and select <b>Records center</b> in the <b>External Service Connections</b> section.
      </p>
      <image>RecordRepositories-ExternalServiceConnections.png</image>
      <p>
        On the <b>Configure Connection to Records Center</b> page, click <b>Connect to a Records Center</b>.  Enter <b>http://litwareserver:9997/_vti_bin/officialfile.asmx</b> as the URL and enter <b>Litware Records</b> as teh title.
      </p>
    </Exercise>
    <Exercise Title="Submitting Documents">
      <p>
        In this exercise, you will test your work by submitting documents from various places to the records repository.
      </p>
      <p>
        Open the browser and navigate to the sample records management site at <b>http://litwareinc.com/sites/recman</b>.
      </p>
      <Note>
        If this site does not exist, simply create a new site at that location before continuing with the exercise.
      </Note>
      <p>
        Select Site Settings from the Site Actions menu and open the content types gallery for the site.
      </p>
      <p>Create the following content types:</p>
      <image>RecordRepositories-ContentTypes.png</image>
      <p>When you are finished, the content gallery should look like the following illustration.</p>
      <image>RecordRepositories-SiteContentTypeGallery.png</image>
      <p>
        Click <b>Site Actions -> Create</b> and create a new <b>Document Library</b> called <b>Shared Documents</b>.  Open the <b>Document Library Settings</b> page and click the <b>Advanced Settings</b> link.  Select <b>Allow management of content types</b> and click <b>OK</b>.
      </p>
      <p>
        On the <b>Custom Shared Documents</b> page, click <b>Add from existing site content types</b> in the <b>Content Types</b> section.
      </p>
      <p>
        On the <b>Add Content Types: Shared Documents</b> page, select the content types you just created from the list and click the <b>Add</b> button.  Now you can navigate back to the <b>Shared Documents</b> page and upload according to the type of document it is.
      </p>
      <image>RecordRepositories-SharedDocuments.png</image>
      <p>
        Select any document and then choose <b>Send To -> Litware Records</b> from the context menu.  When the operation has completed, navigate to the record center at <b>http://litwareserver:9997</b>.  You should see the document in the appropriate library, depending on its content type.
      </p>
      <image>RecordRepositories-FinancialDocumentsLibrary.png</image>
      <image>RecordRepositories-LegalDocumentsLibrary.png</image>
    </Exercise>
  </Exercises>
</Lab>
