<?xml version="1.0" encoding="utf-8"?>
<?xml-stylesheet type="text/xsl" href="..\html\lab.xslt"?>
<Lab xmlns="http://tempuri.org/LabDefinition.xsd"
    Sequence="10"  Minutes="60" Title="ECM401 Lab Generator">
  <BackStory>The lab you are reading was generated by the code created for the lab you are writing.  Or is it the other way around?  Anyway, the Open XML format specification opens the door for domain-specific content generation tools like the one you are about to build.</BackStory>
  <Overview>In this lab, you will create a command-line tool that generates lab documents from an XML specification based on a custom schema that describes the lab contents.  First you will develop the schema and then you will use the Microsoft SDK for Open XML Formats to build the application.  The input to your tool will be the same XML file that was used to generate this lab.</Overview>
  <Exercises>
    <Exercise Title="Create a Console Application">
      <p>The first step is to create a new Visual Studio <b>Console</b> application named <b>ECM401.LabGenerator</b> as shown in the screenshot below.
    </p>
      <image>LabGenerator-NewProject.png</image>
      <p>Your application will accept some command line arguments.  To make it easier to parse the command line, you will use utility code provided in the <b>ECM401</b> project.  From the <i>File</i> menu, select <i>Add &gt; Existing Project...</i> and then navigate to the <i>Student/Solution/ECM401</i> folder and add the project to your solution.  Next, add a reference to the project from the <i>Projects</i> tab of the <i>Add Reference</i> dialog.  When you're done, your project should resemble the following diagram.
    </p>
      <image>LabGenerator-InitialSolution.png</image>
    </Exercise>
  </Exercises>
</Lab>