<?xml version="1.0" encoding="utf-8"?>
<?xml-stylesheet type="text/xsl" href="..\html\lab.xslt"?>
<Lab xmlns="http://tempuri.org/LabDefinition.xsd"
     Sequence="3" Minutes="45" Title="Content Auditing">
  <Overview>
    In this lab, you will create a SharePoint feature to enable item-level auditing for any SharePoint list or document library.  The built-in auditing support provided by Windows SharePoint Services must be enabled programmtically, so you will start by writing
    a feature receiver that enables auditing for all lists in the site collection.  Then you will refine the feature to limit auditing to a specific list or document library.
  </Overview>
  <Exercises>
    <Exercise Title="Create the SharePoint Feature project">
      <p>
        Start by creating a <b>SharePoint Feature</b> project named <b>ECM401.Auditing</b> using the <b>SharePoint Feature</b> project template.  When completing the <b>Feature Details</b> dialog, <u>
          be sure to select the <b>Site</b> scope for the feature
        </u> as shown below.
      </p>
      <image>Auditing-FeatureDetails.png</image>
      <Note>
        You are setting the feature scope to <b>"Site"</b> so that it can be activated for all sites in the site collection.  If you open the generated <b>feature.xml</b> file, you will notice that
        the ReceiverAssembly and ReceiverClass attributes are automatically set by the project template to reference the project assembly and
        the generated FeatureReceiver class.
      </Note>
      <p>
        Open the <b>FeatureReceiver.cs</b> file for editing.  The generated <b>FeatureReceiver</b> class allows you to implement methods of the abstract base class <b>SPFeatureReceiver</b>.
      </p>
      <p>
        Next, you will handle the <b>FeatureActivated</b> event.  Replace the <b>FeatureActivated</b> method with the following code snippet.
      </p>
      <snippet language="C#">Auditing-FeatureActivated</snippet>
      <p>
        Similarly, replace the generated <b>FeatureDeactivating</b> method with the following code snippet.
      </p>
      <snippet language="C#">Auditing-FeatureDeactivating</snippet>
      <p>
        Save the file and build the project.
      </p>
      <p>
        Test your work by navigating to <b>http://localhost</b>.  Select <b>Site Settings</b> from the <b>Site Actions</b> dropdown menu and then click the <b>Site Collection Features</b> link.
      </p>
      <p>
        On the <b>Site Collection Features</b> page, scroll down to the <b>ECM401.Auditing</b> feature and click the <b>Activate</b> button.
      </p>
      <p>The root web title changes to a bracketed string indicating that the feature was successfully activated and that auditing is now enabled.</p>
      <p>
        Verify this by navigating back to the <b>Site Settings</b> page and then click on <b>Configure Audit Settings</b> from the <b>Site Collection Administration</b> section.  The <b>Configure Audit Settings</b> page should now have all items checked as shown below.
      </p>
      <image>Auditing-AllItemsChecked.png</image>
      <p>
        To view the audit log reports, you have to activate the MOSS reporting feature.  Navigate to the <b>Site Collection Features</b> page and scroll down until you see the <b>Reporting</b> feature.  Click the <b>Activate</b> button and then return to the <b>Site Settings</b> page.  In the <b>Site Collection Administration</b> section, there is now a link for <b>Audit log reports</b>.  Click this link to open the <b>View Auditing Reports</b> page.  Click any of the links to view a report in Microsoft Excel.
      </p>
      <image>Auditing-ViewAuditingReports.png</image>
    </Exercise>
    <Exercise Title="Display the Audit Log in WSS">
      <p style="Introduction">Since the Excel reports are available only in MOSS, another technique for viewing audit entries is to display them manually using a custom application page.  In this exercise, you will extend the auditing feature to include a custom action that lets site administrators view the audit log.  The custom action will be hidden from non-administrators.</p>
      <p>
        From the Visual Studio <b>Solution Explorer</b>, open the <b>elements.xml</b> file for editing and enter the following code inside the &lt;Elements&gt; tag.
      </p>
      <snippet language="XML">Auditing-CustomAction</snippet>
      <p>Next, you will create a custom application page to display the audit log entries.</p>
      <p>
        Add a new folder to the project under the <b>12\TEMPLATE</b> folder called <b>LAYOUTS</b>.  Within that folder, add another subfolder called <b>ECM401.Auditing</b> as shown below.
      </p>
      <image>Auditing-LayoutsFolder.png</image>
      <p>
        Right-click the folder and select <b>Add -&gt; New Item...</b> from the context menu and create a new <b>TEXT</b> file with the name <b>AuditLog.aspx</b>
      </p>
      <Note>
        Although you selected a text file type, Visual Studio will still open the file as a web page because of the <b>.ASPX</b> extension.
      </Note>
      <image>Auditing-SolutionWithAuditLog.png</image>
      <p>
        Enter the following code for the page.  Since Visual Studio code snippets don't work well for ASPX pages, you will have to copy and paste.
      </p>
      <code>
        <li>&lt;%@ Assembly Name="Microsoft.SharePoint, Version=12.0.0.0, Culture=neutral, PublicKeyToken=71e9bce111e9429c" %&gt;</li>
        <li>&lt;%@ Page Language="C#" MasterPageFile="~/_layouts/application.master" Inherits="Microsoft.SharePoint.WebControls.LayoutsPageBase" %&gt;</li>
        <li>&lt;%@ Import Namespace="Microsoft.SharePoint" %&gt;</li>
        <li>&lt;%@ Import Namespace="System.Data" %&gt;</li>
        <li>&lt;%@ Register TagPrefix="SharePoint" Namespace="Microsoft.SharePoint.WebControls" </li>
        <li>    Assembly="Microsoft.SharePoint, version=12.0.0.0, Culture=neutral, PublicKeyToken=71e9bce111e9429c" %&gt;</li>
        <li>    </li>
        <li>    &lt;script runat="server"&gt;</li>
        <highlight>
          <li>// *** code will go here ***</li>
        </highlight>
        <li>&lt;/script&gt;</li>
        <li>&lt;asp:Content ID="contentMain" ContentPlaceHolderID="PlaceHolderMain" runat="server"&gt;</li>
        <li>    &lt;asp:Button ID="btnRefresh" runat="server" Text="Refresh" OnClick="btnRefresh_Click" /&gt;</li>
        <li>        &lt;asp:Button ID="btnClear" runat="server" Text="Clear Log" OnClick="btnClear_Click" /&gt;</li>
        <li>            &lt;hr /&gt;</li>
        <li>                &lt;SharePoint:SPGridView ID="grid" runat="server" AutoGenerateColumns="False" Width="100%"&gt;</li>
        <li>                        &lt;AlternatingRowStyle CssClass="ms_alternating" /&gt;</li>
        <li>                            &lt;/SharePoint:SPGridView&gt;</li>
        <li>                            &lt;/asp:Content&gt;</li>
        <li>                            </li>
        <li>                            &lt;asp:Content ID="contentTitle" ContentPlaceHolderID="PlaceHolderPageTitle" runat="server"&gt;Audit Log&lt;/asp:Content&gt;</li>
        <li>                            &lt;asp:Content ID="contentTitleTitle" ContentPlaceHolderID="PlaceHolderPageTitleInTitleArea" runat="server"&gt;Custom display of audit log entries.&lt;/asp:Content&gt;</li>
      </code>
      <Note>
        To make your application page look like the other SharePoint landing pages, you will inherit from <b>LayoutsPageBase</b> and use the same <b>application.master</b> used by the other pages.
        Since the page is deployed to every Web front-end in the farm by an administrator, you can enter inline code.
      </Note>
      <p>
        This code sets up the page elements, which are an instance of the SPGridView control and two buttons - one to refresh the view and another to clear the log entries.
        <Note>Clearing the log entries is a destructive action and might require more thought in a real application.</Note>
      </p>
      <p>
        Now you are ready to add some code inside the script block at the top of the page.  The first routine you add will lock down the page so that only administrators can view it.
      </p>
      <code>
        <li>protected override bool RequireSiteAdministrator {</li>
        <li>    get { return true; }</li>
        <li>}</li>
      </code>
      <p>
        Next you will handle the page load event to create a <b>DataTable</b> that can be bound to the <b>SPGridView</b> control.
      </p>
      <snippet language="C#">Auditing-AuditLogOnLoad</snippet>
      <p>
        Finally, add the button click event handlers.
      </p>
      <snippet language="C#">Auditing-AuditLogButtonClick</snippet>
      <p>
        To test your work, build the project and then navigate to the <b>Site Settings</b> page and select the <b>Site Collection Features</b> link.
      </p>
      <p>
        Deactivate and then re-activate the <b>ECM401.Auditing</b> Feature.
      </p>
      <p>
        From the <b>Site Actions</b> menu, click the new <b>View Audit Log</b> link.  You page should resemble the one shown below.
        <image>Auditing-AuditLogView.png</image>
      </p>
    </Exercise>
    <Exercise Title="Enable Item-Level Auditing">
      <p style="Introduction">In this exercise, you will enable site users to display auditing event entries for individual list items.  This will require a custom menu item added to the drop-down menu associated with each item.  When the user selects the menu command, another custom application page will be displayed showing audit events for that item.</p>
      <p>
        Start by adding another custom action to the <b>elements.xml</b> file.
      </p>
      <snippet language="XML">Auditing-ECBCustomAction</snippet>
      <Note>
        The <b>UrlAction</b> element includes special tokens that supply the current list and list item identifiers to the page.  Also note that the url is specified relative to the current <b>site</b> and not the site collection.
      </Note>
      <p>
        Now you will create the <b>ItemAudit.aspx</b>page.  Right-click on the <b>12\TEMPLATE\LAYOUTS\ECM401.Auditing</b> folder and select <b>Add -&gt; New Item...</b> from the context menu.
      </p>
      <p>
        Create a new text file named <b>ItemAudit.aspx</b> and enter the following code.
      </p>
      <code>
        <li>&lt;%@ Assembly Name="Microsoft.SharePoint, Version=12.0.0.0, Culture=neutral, PublicKeyToken=71e9bce111e9429c" %&gt;</li>
        <li>&lt;%@ Page Language="C#" MasterPageFile="~/_layouts/application.master" Inherits="Microsoft.SharePoint.WebControls.LayoutsPageBase" %&gt;</li>
        <li>&lt;%@ Import Namespace="Microsoft.SharePoint" %&gt;</li>
        <li>&lt;%@ Import Namespace="System.Data" %&gt;</li>
        <li>&lt;%@ Import Namespace="System.IO" %&gt;</li>
        <li>&lt;%@ Import Namespace="System.Security" %&gt;</li>
        <li>&lt;%@ Register TagPrefix="SharePoint" Namespace="Microsoft.SharePoint.WebControls"</li>
        <li>  Assembly="Microsoft.SharePoint, Version=12.0.0.0, Culture=neutral, PublicKeyToken=71e9bce111e9429c" %&gt;</li>
        <li>  &lt;%@ Register TagPrefix="Utilities" Namespace="Microsoft.SharePoint.Utilities" Assembly="Microsoft.SharePoint, Version=12.0.0.0, Culture=neutral, PublicKeyToken=71e9bce111e9429c" %&gt;</li>
        <li>  </li>
        <li>  &lt;script runat="server"&gt;</li>
        <highlight>
          <li>// *** CODE GOES HERE ***</li>
        </highlight>
        <li>&lt;/script&gt;</li>
        <li></li>
        <li>&lt;asp:Content ID="Content6" ContentPlaceHolderID="PlaceHolderMain" runat="server"&gt;</li>
        <li>  &lt;SharePoint:SPGridView ID="grid" runat="server" AutoGenerateColumns="False"</li>
        <li>      Width="100%"&gt;</li>
        <li>          &lt;AlternatingRowStyle CssClass="ms-alternating" /&gt;</li>
        <li>            &lt;/SharePoint:SPGridView&gt;</li>
        <li>            &lt;/asp:Content&gt;</li>
        <li>            &lt;asp:Content ID="Content1" ContentPlaceHolderID="PlaceHolderPageTitle" runat="server"&gt;</li>
        <li>              &lt;asp:Label ID="ListTitle" runat="server" /&gt;</li>
        <li>              &lt;/asp:Content&gt;</li>
        <li>              &lt;asp:Content ID="Content2" ContentPlaceHolderID="PlaceHolderPageTitleInTitleArea"</li>
        <li>                runat="server"&gt;</li>
        <li>                  &lt;asp:Label ID="ItemName" runat="server" /&gt;</li>
        <li>                  &lt;/asp:Content&gt;</li>
      </code>
      <p>
        This code sets up the page elements, which include an <b>SPGridView</b> to display the audit entries and two labels - one to show the list title and another to show the selected item name.
      </p>
      <p>
        Now you will add inline code to handle the page load event.  Insert the following code inside the &lt;script&gt; tag at the highlighted location.
      </p>
      <snippet language="C#">Auditing-ItemAuditPageLoad</snippet>
      <p>
        To retrieve audit log entries in the context of a non-administrator, elevated security privileges are required.  To achieve this
        use the SPSecurity class by adding the following code to the PageLoad method.
        This code replaces the comment <b>"/*** ADDITIONAL CODE GOES HERE ***/"</b>
      </p>
      <snippet language="C#">Auditing-ItemAuditSPSecurity</snippet>
      <p>
        Rebuild the project, re-activate the feature and test your work.  Now, from the <b>Edit Control Block</b> of any document library, you should see an extra command to display the audit log entries for the selected item.  Select the command to open a page showing the audit log entries for the item.
      </p>
    </Exercise>
  </Exercises>
</Lab>