<?xml version="1.0" encoding="utf-8"?>
<?xml-stylesheet type="text/xsl" href="..\html\lab.xslt"?>
<Lab xmlns="http://tempuri.org/LabDefinition.xsd"
     Sequence="6" Minutes="45" Title="Using the Official File API">
  <Overview>
    In this lab, you will create a custom <b>STSADM</b> command that will allow content administrators to send files to the Litware records repository from the command line.  It will also enable them to enumerate the available routing types in the repository.
  </Overview>
  <Exercises>
    <Exercise Title="Create a command to enumerate routing types">
      <p>
        Start by creating a new <b>Class Library</b> project in Visual Studio.  Give it the name <b>ECM401.OfficialFileSTSADMCommand</b>.
      </p>
      <p>
        Add a reference to the <b>Microsoft.SharePoint</b> assembly.  Right click on the References node and select <b>Add Reference…</b> from the context menu.  From the Add Reference dialog, scroll to the bottom and select <b>Windows SharePoint Services</b> from the list.
      </p>
      <p>
        Add a second reference to the <b>Microsoft.Office.Policy</b> assembly.  Click <b>Add Reference…</b> again and click <b>Browse</b> at the top of the dialog.  Navigate to the SharePoint <b>ISAPI</b> folder and double-click the <b>Microsoft.Office.Policy.dll</b> file.
      </p>
      <Note>
        The ISAPI folder is located at <b>c:\Program Files\Common Files\Microsoft Shared\web server extensions\12\ISAPI</b>
      </Note>
      <p>
        Rename the auto-generated <b>class1.cs</b> file to <b>EnumRoutingTypes.cs</b> and open the file for editing.
      </p>
      <p>
        Add the following lines of code at the top of the file.
      </p>
      <code>
        <li>using Microsoft.SharePoint;</li>
        <li>using Microsoft.SharePoint.StsAdmin;</li>
        <li>using Microsoft.Office.RecordsManagement.RecordsRepository;</li>
      </code>
      <p>
        Delete everything inside the <b>ECM401.OfficialFileSTSADMCommand</b> namespace and create a new class named <b>EnumRoutingTypes</b> derived from <b>ISPStsadmCommand</b>.
      </p>
      <p>
        Enter the following code to provide a help message for users.
      </p>
      <snippet language="C#">OfficialFile-ISPStsadmCommand-GetHelpMessage</snippet>
      <p>
        Implement the Run method as follows:
      </p>
      <snippet language="C#">OfficialFile-ISPStsadmCommand-Run</snippet>
      <p>
        Sign the assembly using the <b>ECM401.snk</b> file located in your <b>Student\Resources</b> folder.
      </p>
      <p>
        Add a new <b>XML File</b> item to the project named <b>stsadmcommands.records.xml</b>.  This file will contain the CAML code needed to tell STSADM that your custom command exists and where to load the ISPStsadmCommand implementation you have provided.  Open the file and add the following lines of XML code.
      </p>
      <snippet language="XML">OfficialFiles-EnumRoutingTypesDefinition</snippet>
      <Note>The PublicKeyToken value must match the actual public key token of the assembly, or STSADM will be unable to locate your command implementation.</Note>
      <p>
        Save the file and open the project property pages.  Navigate to the <b>Build Events</b> page and enter the following commands into the <b>Post-Build Events</b> window.
      </p>
      <code>
        <li>gacutil -f -i "$(TargetPath)"</li>
        <li>copy "$(ProjectDir)stsadmcommands.records.xml" "C:\Program Files\Common Files\Microsoft Shared\Web Server Extensions\12\Config"</li>
      </code>
      <image>OfficialFilesSTSADM_PostBuildEvents.png</image>
      <p>
        These commands will register your assembly in the Global Assembly Cache and copy your custom command definition file into the SharePoint <b>Config</b> folder.  Now you are ready to build the project.
      </p>
      <p>
        Open a command prompt window and type the following command:
        <code>stsadm –help enumroutingtypes</code>
      </p>
      <p>You should see the following screen:</p>
      <image>OfficialFilesSTSADM_HelpEnumRoutingTypes.png</image>
      <p>
        Now type in the command to enumerate the routing types in the Litware Record Center:
        <code>stsadm –o enumroutingtypes –url http://localhost:9997</code>
      </p>
      <p>You should see the following screen:</p>
      <image>OfficialFilesSTSADM_RunEnumRoutingTypes.png</image>
      <p>Next, you will extend the solution to include another command to submit files to the record center.</p>
    </Exercise>
    <Exercise Title="Add a command to submit files to the records center">
      <p>
        In this exercise, you will add a second <b>STSADM</b> command to enable administrators to select files and send them to the records center directly from the command line.
      </p>
      <p>
        Create a new class file and give it the name <b>SubmitOfficialFile.cs</b>.  Add the following lines of code at the top of the file.
      </p>
      <code>
        <li>using System.IO;</li>
        <li>using Microsoft.SharePoint;</li>
        <li>using Microsoft.SharePoint.StsAdmin;</li>
        <li>using OfficialFile=Microsoft.Office.RecordsManagement.RecordsRepository;</li>
      </code>
      <p>
        Implement the <b>GetHelpMessage</b> method as follows to provide guidance for the user.
      </p>
      <snippet language="C#">SubmitOfficialFile-GetHelpMessage</snippet>
      <p>
        Next, implement the run command as follows:
      </p>
      <snippet language="C#">SubmitOfficialFile-Run</snippet>
      <p>Save the file.</p>
      <p>
        Now you need to go back and edit the STSADM <b>command definition file</b> you created earlier.  Open the <b>stsadmcommands.records.xml</b> file for editing.  Add the following XML code above the closing &lt;/commands&gt; tag.
      </p>
      <snippet language="XML">OfficialFiles-SubmitFilesDefinition</snippet>
      <p>Save the file and rebuild the project.</p>
      <p>
        Open a command prompt and type the following command:
        <code>stsadm –help submitfiles</code>
      </p>
      <p>You should see the following screen:</p>
      <image>OfficialFilesSTSADM_HelpSubmitFiles.png</image>
      <p>Now submit some files using the command line.  The following screen shows the result of sending two new contracts to the record center:</p>
      <image>OfficialFilesSTSADM_RunSubmitFiles.png</image>
      <p>Open the browser and navigate to the record center site to verify the results.</p>
      <image>OfficialFilesSTSADM_LegalDocumentsList.png</image>
    </Exercise>
  </Exercises>
</Lab>