<?xml version="1.0" encoding="utf-8"?>
<?xml-stylesheet type="text/xsl" href="..\html\lab.xslt"?>
<Lab xmlns="http://tempuri.org/LabDefinition.xsd" 
     Sequence="1" Minutes="60" Title="PowerShell Batch Import">
  <Overview>
    In this lab, you will create a <b>Windows PowerShell</b> cmdlet that will enable you to import batches of documents into SharePoint from a file share.  Your cmdlet will optionally read a manifest file located in a given folder that specifies the metadata you want to be associated with files in that folder.  In addition to explicit metadata specified in the manifest file, your cmdlet will also extract a subset of document properties from each document so that they are available as columns in the target SharePoint lists.
  </Overview>
  <Exercises>
    <Exercise Title="Install the Windows PowerShell Templates">
      <p>
        In order to create a <b>Windows PowerShell</b> cmdlet, you first need to setup your development environment.  In your <b>student/resources/tools</b> folder, there is a set of Visual Studio templates.  If you have not done so already, run the appropriate <b>VSI</b> file for your language of choice (CS or VB).  This will install the PowerShell project and item templates into Visual Studio.
      </p>
      <Note>
        The basic structure of every PowerShell command is that you have two parts to the command, separated by a hyphen.  The first part is a verb and the second part is a noun.  In this exercise, you will create two commands.  "SPImport-Document" will import a specific set of documents using a file mask, and "SPImport-Folder" will import a folder and its subfolders.
      </Note>
    </Exercise>
    <Exercise Title="Create a Visual Studio Powershell Project">
      <p>
        Start by creating a new Visual Studio project based on the <b>Windows PowerShell</b> project template, as shown in the following screenshot.
      </p>
      <image>PowerShellImport_NewProject.png</image>
      <p>
        Select the <b>PSSnapin.cs</b> file and choose <b>View Code</b> from the context menu.  Modify the <b>Name</b> property override so that it returns <b>"SPPowerShell"</b> instead of the default.  You can leave the other overrides with their generated default values.
      </p>
      <Note>You may also have to fix the generated class name if you included a '.' character in the project name.  This is a bug in the PowerShell project template.</Note>
    </Exercise>
    <Exercise Title="Create the Import Document CmdLet">
      <p>
        Right-click the project node and select <b>Add New Item</b>.  From the <b>Add New Item</b> dialog, select the <b>Windows PowerShell CmdLet</b> item.
      </p>
      <image>PowerShellImport_AddItem-ImportDocument.png</image>
      <p>
        Change the generated <b>VerbsCommon.Get</b> parameter to the <b>Cmdlet</b> attribute to <b>"SPImport"</b> and change the second parameter to <b>"Document"</b>.  The resulting code should look like the following:
      </p>
      <code>
        <li>[Cmdlet("SPImport", "Document", SupportsShouldProcess = true)]</li>
        <li>public class SPImport_Document : Cmdlet</li>
        <li>{</li>
        <indent>
          <li>#region Parameters</li>
          <li>/*</li>
          <li>[Parameter(Position = 0,</li>
          <indent>
            <li>Mandatory = false,</li>
            <li>ValueFromPipelineByPropertyName = true,</li>
            <li>HelpMessage = "Help Text")]</li>
          </indent>
          <li>[ValidateNotNullOrEmpty]</li>
          <li>public string Name</li>
          <li>{</li>
          <li></li>
          <li>}</li>
          <li>*/</li>
          <li>#endregion</li>
        </indent>
        <li></li>
        <indent>
          <li>protected override void ProcessRecord()</li>
          <li>{</li>
          <indent>
            <li>try</li>
            <li>{</li>
            <indent>
              <li>throw new NotImplementedException();</li>
            </indent>
            <li>}</li>
            <li>catch (Exception)</li>
            <li>{</li>
            <li>}</li>
          </indent>
          <li>}</li>
        </indent>
        <li>}</li>
      </code>
      <p>
        To allow the caller to specify which documents to upload and where to put them, parameters are needed.  <b>Windows PowerShell</b> will automatically parse the command line based on attributes you use within the CmdLet.  The first parameter accepts a wildcard file mask that will be expanded to a list of files that will then be uploaded to the website or document library.
      </p>
      <p>Add the following code to your CmdLet.</p>
      <code>
        <li>[ Parameter(Position = 0,</li>
        <indent>
          <li>Mandatory = true,</li>
          <li>ValueFromPipeline = true,</li>
          <li>ValueFromPipelineByPropertyName = true,</li>
          <li>HelpMessage = "Enter the fully qualified path to the file(s) you wish to upload.  You can enter a standard wildcard mask.")]</li>
        </indent>
        <li></li>
        <li>[ ValidateNotNullOrEmpty ]</li>
        <li>public string FileMask { get; set; }</li>
      </code>
      <p>The second parameter specifies the url of the SharePoint site to which the document will be uploaded.  If no document library is specified, then the file is uploaded directly into the site.   If the site does not exist, an exception is thrown.  Add the following code.</p>
      <code>
        <li>[ Parameter(Position = 1,</li>
        <indent>
          <li>Mandatory = true,</li>
          <li>ValueFromPipeline = true,</li>
          <li>ValueFromPipelineByPropertyName = true,</li>
          <li>HelpMessage = "Enter the url of the target SharePoint site.")]</li>
        </indent>
        <li>public string SiteUrl { get; set; }</li>
      </code>
      <p>The third parameter specifies the name of the target folder or document library within the specified site.  If the destination folder or document library does not already exist, then it is created automatically if the ‘AutoCreate’ parameter is also set to true.  Add the following code.</p>
      <code>
        <li>[Parameter(Position = 2,</li>
        <indent>
          <li>Mandatory = false,</li>
          <li>ValueFromPipeline = true,</li>
          <li>ValueFromPipelineByPropertyName = true,</li>
          <li>HelpMessage = "Enter the name of the folder or document library to which the file(s) will be added.  To specify a root folder within the site, precede the name with a forward slash '/'.")]</li>
          <li>public string Destination { get; set; }</li>
        </indent>
      </code>
      <p>
        PowerShell includes the notion of a <b>switch</b> parameter, which is converted to a Boolean value.  The next parameter is declared as a <b>SwitchParameter</b> that specifies whether to create the target folder or document library if it does not already exist within the specified site.  The final parameter is another <b>SwitchParameter</b> that controls whether existing fiels with the same name are overwritten.  Add the following two parameters to your CmdLet class.
      </p>
      <code>
        <li>[ Parameter(</li>
        <indent>
          <li>ValueFromPipeline=true,</li>
          <li>ValueFromPipelineByPropertyName = true,</li>
          <li>HelpMessage = "Specify whether to create the target library or folder if it does not already exist.  Default=false.")]</li>
        </indent>
        <li>public SwitchParameter AutoCreate { get; set; }</li>
        <li></li>
        <li>[ Parameter(</li>
        <indent>
          <li>ValueFromPipelineByPropertyName=true,</li>
          <li>HelpMessage="Specify whether to overwrite files that already exist in the target library or folder.  Default=false.")]</li>
        </indent>
        <li>public SwitchParameter Overwrite { get; set; }</li>
        <li></li>
      </code>
      <p>
        Finally, you will add the main processing method to your cmdlet.  Replace the generated <b>ProcessRecord</b> method with the following code snippet.
      </p>
      <snippet language="C#">PowerShell-Import-Document</snippet>
    </Exercise>
    <Exercise Title="Add Helper Methods">
      <p>Next, you will implement a set of helper methods that can be called from both cmdlets to perform the work of finding files, manipulating SharePoint folders and transferring files into the content database.</p>
      <p>
        Add a new <b>class</b> to your project named <b>Utilities</b> and open the code file for editing.  Add the following <i>using</i> statements at the top of the file.
      </p>
      <code>
        <li>using System;</li>
        <li>using System.Collections;</li>
        <li>using System.Collections.Generic;</li>
        <li>using System.Diagnostics;</li>
        <li>using System.IO;</li>
        <li>using System.Reflection;</li>
        <li>using System.Runtime.InteropServices;</li>
        <li>using System.Text;</li>
        <li>using System.Xml;</li>
        <li>using System.Xml.Serialization;</li>
        <li>using Microsoft.SharePoint;</li>
      </code>
      <p>The <i>Utilities</i> class will provide supporting code that can be called from many places in your project, thus you will expose it as a static class with static methods.  Change the class declaration accordingly by placing the <i>static</i> keyword before the <i>class</i> keyword.  Now you will add some static helper methods.
    </p>
      <p>The first helper method reduces a wildcard mask to an array of FileInfo objects.  The <i>FileInfo</i> object comes from the <i>System.IO</i> namespace and holds information about files on the physical file system.
    </p>
      <snippet language="C#">PowerShell-ExpandWildcards</snippet>
      <p>The next method searches for a subfolder of a SharePoint folder.  If the folder does not exist, then the user can specify that the folder is created on the fly.</p>
      <snippet language="C#">PowerShell-FindOrCreateSubfolder</snippet>
      <p>The next helper method determines if a given file already exists in a specified SharePoint folder.</p>
      <snippet language="C#">PowerShell-FindFile</snippet>
      <p>The following helper method searches for a named folder within a SharePoint web site.  If the folder does not exist, then the AutoCreate parameter controls whether the folder is created automatically.  If the path includes multiple segments, then each segment is created with the specified name.  If the path starts with a forward slash '/', then interpret the string as the fully qualified path of a folder within the site, otherwise treat the first segment as the name of a document library and the remainder as the path of a folder within the library.  This gives the most flexibility when moving documents into the content database.</p>
      <snippet language="C#">PowerShell-FindFolder</snippet>
      <p>Add the following helper method to transfer a collection of files into a folder within a SharePoint site. If the folder is null, then the files are copied directly into the site.</p>
      <snippet language="C#">PowerShell-TransferFiles</snippet>
    </Exercise>
    <Exercise Title="Test Your Work">
      <p>
        To test your work, open a <b>Windows Powershell</b> command window.  While building PowerShell cmdlets, it is most convenient to run the PowerShell command window from within the Visual Studio debugger.  To set this up, change the <b>Start Action</b> setting on the <b>Debug</b> page of the project properties to the following command:
      </p>
      <code>
        <li>c:\windows\system32\windowspowershell\v1.0\powershell.exe</li>
      </code>
      <p>
        In order for <b>Windows PowerShell</b> to recognize your snap-in, it must be registered on the system.  The best way to do that is to use the <b>InstallUtil</b> utility.  You can run <b>InstallUtil</b> from the post-build events in the project.  Open the project property pages and navigate to the <b>Build Events</b> tab.  Enter the following command into the <b>Post-build event command line</b> section.
      </p>
      <code>
        <li>InstallUtil "$(TargetPath)"</li>
      </code>
      <p>Each time PowerShell runs, you will need to add the SPPowerShell snapin so that your commands are recognized.  Type the following command at the PowerShell command prompt.</p>
      <code>
        <li>add-pssnapin SPPowerShell</li>
      </code>
      <p>To verify that the snapin was loaded successfully, enter the following command into the PowerShell command line.</p>
      <code>
        <li>get-command spimport*</li>
      </code>
      <p>You should see your custom commands listed on the display.</p>
      <image>PowerShellImport-Test-GetCommand.png</image>
      <p>Now you can enter a command to import a file into the SharePoint environment.  Navigate to the <b>student/resources/documents</b> folder and enter the following command:
    </p>
      <code>
        <li>SPImport-Document Newsletter.doc "http://litwareinc.com"</li>
      </code>
    </Exercise>
    <Exercise Title="Create the Import Folder CmdLet">
      <p>This cmdlet provides a more powerful and comprehensive way to move documents into a SharePoint site collection by letting the user add metadata to each document as it is being transferred.  The source documents are first arranged into physical folders on the file system, and a manifest file is optionally added to a given folder to specify the metadata and other rules that should apply to the documents in that folder.  Rules in the manifest control whether nested folders inherit or override the settings in the parent folder.  This is similar to the way that ASP.NET handles web.config files.</p>
      <p>
        Add a new class and source file to the project named <b>SPImport-Folder.cs</b>, and insert the following code.
      </p>
      <code>
        <li>[ Cmdlet("SPImport","Folder",SupportsShouldProcess=true) ]</li>
        <li>public class SPImport_Folder : Cmdlet</li>
        <li>{</li>
        <indent>
          <li>#region Parameters</li>
          <indent>

            <li>/// &lt;summary&gt;</li>
            <li>/// This parameter accepts a wildcard file mask that will be expanded</li>
            <li>/// to a list of folders to be imported to the SharePoint site.</li>
            <li>///</li>
            <li>&lt;/summary&gt;</li>
            <li>[Parameter(Position = 0,</li>
            <indent>
              <li>Mandatory = true,</li>
              <li>ValueFromPipeline = true,</li>
              <li>ValueFromPipelineByPropertyName = true,</li>
              <li>HelpMessage = "Enter the fully qualified path to the folder you wish to import.  You can enter a standard wildcard mask.")]</li>
            </indent>
            <li></li>
            <li>[ValidateNotNullOrEmpty]</li>
            <li>[Alias("Folder", "Path", "SourceFolder")]</li>
            <li>public string Source { get; set; }</li>
            <li></li>
            <li>/// &lt;summary&gt;</li>
            <li>/// This parameter specifies the url of the SharePoint site to which the</li>
            <li>/// documents will be imported.  If no manifest is found or no document library is specified</li>
            <li>/// in the manifest, then the files are imported to a new library called "Imported Documents".</li>
            <li>/// If the specified site does not exist, an InvalidArgument exception is thrown.</li>
            <li>///</li>
            <li>&lt;/summary&gt;</li>
            <li>[Parameter(Position = 1,</li>
            <indent>
              <li>Mandatory = true,</li>
              <li>ValueFromPipeline = true,</li>
              <li>ValueFromPipelineByPropertyName = true,</li>
              <li>HelpMessage = "Enter the url of the target SharePoint site.")]</li>
            </indent>
            <li>[Alias("Site", "Url")]</li>
            <li>public string SiteUrl { get; set; }</li>
            <li></li>
            <li>/// &lt;summary&gt;</li>
            <li>/// This parameter controls whether existing files with the same name are overwritten.</li>
            <li>///</li>
            <li>&lt;/summary&gt;</li>
            <li>[Parameter(</li>
            <indent>
              <li>ValueFromPipelineByPropertyName = true,</li>
              <li>HelpMessage = "Specify whether to overwrite files that already exist in the target library or folder.  Default=false.")]</li>
            </indent>
            <li>public SwitchParameter Overwrite { get; set; }</li>
            <li></li>
            <li>/// &lt;summary&gt;</li>
            <li>/// This parameter controls whether subfolders are processed.</li>
            <li>///</li>
            <li>&lt;/summary&gt;</li>
            <li>[Parameter(</li>
            <li>ValueFromPipelineByPropertyName=true,</li>
            <li>HelpMessage = "Specify whether to process subfolders of the source folder.")]</li>
            <li>public SwitchParameter Recursive { get; set; }</li>
          </indent>
          <li>#endregion</li>
        </indent>
        <li>}</li>
      </code>
      <p>Next, replace the generated <b>ProcessRecord</b> method with the following code snippet.
    </p>
      <snippet language="C#">PowerShell-Import-Folder</snippet>
      <p>To process the folder, you will need a new helper method that understands how to process the manifest file.  The manifest file is an XML file based on a schema you will create in the next exercise that describes the different elements that can be processed.</p>
      <p>Open the <b>utilities.cs</b> file and add the following code snippet.
    </p>
      <snippet language="C#">PowerShell-TransferFolderUsingManifest</snippet>
    </Exercise>
    <Exercise Title="Create the Manifest XML Schema">
      <p>Your <b>SPImport-Folder</b> cmdlet will optionally process a manifest file that can be placed in a given folder.  You will use a schema to define the structure of this file and also to generate the code needed to process its elements.
    </p>
      <p>Add a new <b>XML Schema</b>item to the project with the name <b>ImportManifest.xsd</b>  Open the file for editing and replace the entire contents with the following code snippet.
    </p>
      <snippet language="XML">PowerShell-ImportManifest</snippet>
      <p>In order to simplify the parsing of manifest files, you will generate wrapper classes from the schema using the XSD.EXE tool. Select the <b>ImportManifest.xsd</b> file in the Visual Studio <b>Solution Explorer</b> window.  From the <b>Properties</b> window, set the <b>Custom Tool</b> and <b>Custom Tool Namespace</b> values to match the following diagram.
    </p>
      <image>PowerShellImport-ImportManifestCustomTool.png</image>
      <Note>The <b>XsdClassGenerator</b> assembly is locted in your <b>Student/Resources/Tools</b> folder along with a batch file you can run to install the tool into your <b>Visual Studio</b> environment.
    </Note>
      <p>Next, you will extend the generated partial class with a static factory  method to make it easy to load manifest files.  Add a new class to the project named <b>ImportManifestEx</b>.  Open the file for editing and add the following code snippet.
    </p>
      <snippet language="C#">PowerShell-ImportManifestEx</snippet>
      <p>Finally, you will extend the generated <b>LibrarySpecification</b> and <b>ColumnSpecification</b> objects so that they understand how to transfer files into SharePoint and convert column specifications into SharePoint field references.
    </p>
      <p>Add a new class to the project named <b>LibrarySpecification</b>.  Open the <b>LibrarySpecification.cs</b> source file and replace the class declaration with the following code.
    </p>
      <snippet language="C#">PowerShell-LibrarySpecification</snippet>
      <p>Add a second class to the project named <b>ColumnSpecification</b>, open the code file and replace the class declaration with the following code.
    </p>
      <snippet language="C#">PowerShell-ColumnSpecification</snippet>
      <p>Now your helper methods can call the wrapper classes to interpret the manifest file when processing a folder.</p>
    </Exercise>
    <Exercise Title="(BONUS) Convert OLE Properties into SharePoint Metadata">
      <p>When transferring documents from the file system into SharePoint, it is useful to have a way to automatically extract OLE properties and promote them to columns in the target list.  This happens automatically for the custom properties, but not for the standard properties that most users are accustomed to.</p>
      <p>If you would like to extend your cmdlet to handle the summary properties, you can use the following code to extract them.</p>
      <Note>This code is a derivative work based on an article by Marcus Peters from the book "Inside Windows" published by Apress, May 4, 2008</Note>
      <snippet language="C#">PowerShell-GetOleProperties</snippet>
    </Exercise>
  </Exercises>
</Lab>