﻿<?xml version="1.0" encoding="utf-8"?>
<?xml-stylesheet type="text/xsl" href="..\html\lab.xslt"?>
<Lab xmlns="http://tempuri.org/LabDefinition.xsd"
     Sequence="4" Minutes="60" Title="Information Management Policy">
  <BackStory>Litware management has decided to use Windows SharePoint Services 3.0 to manage sensitive company information.  Because there are many different kinds of documents, the Litware IT department has decided to use information policy features to enable content administrators to apply different kinds of controls to various documents without having to create a separate feature for each document type.</BackStory>
  <Overview>
    In this lab, you will create a custom information policy feature that controls the distribution of printed material by limiting the printing of certain documents to a specific set of secure printers.  Your policy feature will contain a list of trusted printers, and will work in conjunction with a <b>VSTO</b> add-in that traps the Print event to determine whether a trusted printer is being used.  If not, then the print job is cancelled.
  </Overview>
  <Exercises>
    <Exercise Title="Create a SharePoint Feature Project">
      <p>
        When working with policy features, it is useful to have a library of components that can be reused in several projects.  In this exercise, you will employ a set of utility classes that greatly simplify the creation of custom policies, policy features and policy resources. Start by creating a new <b>SharePoint Feature</b>project named <b>ECM401.PrinterControlPolicyFeature</b> as shown below.
      </p>
      <image>InformationPolicy-PrinterControlPolicyFeature-AddNewProject.png</image>
      <p>
        Because Information Policy Features are installed globally, your feature could be scoped to any level.  For convenience and in anticipation of adding additional components, such as content types and fields, to your solution, set the feature scope to <b>Site</b> as shown in the following illustration.
      </p>
      <image>InformationPolicy-PrinterControlPolicyFeature-FeatureDetails.png</image>
      <p>
        In order to use the records management features, you will need to add a reference to the <b>Microsoft.Office.Policy</b> assembly.  Right-click the References node and select Add Reference….  Click on the <b>Browse</b> tab and navigate to the <b>12\ISAPI</b> folder.  Select the <b>Microsoft.Office.Policy.dll</b> file and click ok.
      </p>
      <p>
        Next, add a reference to the <b>ECM401</b> component library, which is located in the <b>student\solution\ecm401</b> folder.  You can either add a reference to the assembly, or you can load the project and add a dependency reference to it.
      </p>
      <Note>Browse through the source code to familiarize yourself with how the base classes are written.  This project contains a number of classes that are designed to simplify the development of ECM solutions.</Note>
      <p>
        The <b>ECM401</b> project includes some additional references you need to add in order for your project to build.  First, add a reference to the <b>System.Configuration.Install</b> assembly from the <b>.NET</b> tab.  You will also need the <b>System.Web</b> assembly.
      </p>
    </Exercise>
    <Exercise Title="Create the Printer Control Policy Feature class">
      <p>
        Policy features allow administrators to select which parts of a policy shoule be applied to different items.  In this exercise, you will create a custom policy feature that maintains a list of "trusted" printers that users are allowed to send output to.  In fhte final exercise, you will create a <b>VSTO</b> add-in that uses this information to prevent the user from printing to an untrusted printer.
      </p>
      <p>
        Add a class to the project called <b>PrinterPolicyFeature</b> and open the source file for editing.  Add the following <b>using</b> statements at the top of the file.
      </p>
      <code>
        <li>using System;</li>
        <li>using System.ComponentModel;</li>
        <li>using System.Diagnostics;</li>
        <li>using System.Xml;</li>
        <li>using Microsoft.Office.RecordsManagement.InformationPolicy;</li>
        <li>using Microsoft.SharePoint;</li>
        <li></li>
        <li>using ECM401.ContentTypes;</li>
        <li>using ECM401.InformationPolicy;</li>
      </code>
      <p>Delete the generated class declaration and replace it with the following code snippet.</p>
      <snippet language="C#">InformationPolicy-PrinterPolicyFeature-ClassDeclaration</snippet>
      <p>
        Your policy feature class inherits from the <b>ECM401.InformationPolicy.SharePointPolicyFeature</b> abstract base class.  This class provides a default implementation of the <b>IPolicyFeature</b> interface, which must be implemented to enable SharePoint to communicate with the policy feature.  Using an abstract base allows you to implement only the methods you require.
      </p>
      <p>
        The base class also uses <b>attributes</b> to generate the CAML code needed to register your component in the SharePoint environment.  The <i>TrustedPrintersFieldName</i> and <i>PrintControlPolicyNamespace</i> constants will be used to setup the content types and list items affected by the policy.
      </p>
      <p>First, create a static method for writing trace messages during development.  Add the following code to the class definition.</p>
      <code>
        <li>/// &lt;summary&gt;</li>
        <li>/// Helper method for logging trace messages.</li>
        <li>/// &lt;/summary&gt;</li>
        <li>public static void Log(string message)</li>
        <li>{</li>
        <indent>
          <li>Trace.WriteLine(message,"ECM401.PrinterPolicyFeature");</li>
        </indent>
        <li>}</li>
      </code>
      <p>
        Policy features work by hooking into the event receiver mechanism for the lists and content types to which they are attached.  When the printer control policy feature is registered for a content type, it will setup event receivers for the <b>ItemAdded</b> and <b>ItemUpdated</b> events so that it can copy the list of trusted printers into a special column on the target list item.  To make it easier to register and unregister event receivers, the <b>ECM401</b> utility library includes a class called <b>ItemEventReceiver</b>.  In the next part of the exercise, you will inherit from this class to declare event receiver methods for these two event types.
      </p>
      <p>
        Add a new <i>nested class</i> declaration inside the <b>PrinterPolicyFeature</b> class named <b>PrinterPolicyEventReceiver</b> that inherits from <b>ItemEventReceiver</b>.  Your code should match the following code snippet.
      </p>
      <snippet language="C#">InformationPolicy-PrinterControlFeature-ItemEventReceiver</snippet>
      <p>
        Both of these routines delegate the job of adding the list of printers to the list item whenever a new item is added or an existing item is updated.  The list of printers is extracted from the content type <i>payload</i> (a custom XMLDocument added by the policy feature) and placed into the <i>TrustedPrinters</i> field of the list item.  Add the following code snippet to the <i>PrinterPolicyEventReceiver</i> class definition.
      </p>
      <snippet language="C#">InformationPolicy-PrinterControlFeature-AddPrintersToListItem</snippet>
      <p>
        Now you are ready to override selected methods of the <b>SharePointPolicyFeature</b> base class.  Add a region to the <b>PrinterPolicyFeature</b> class named <i>SharePointPolicyFeature Overrides</i>.  Insert the following code snippet inside the region.
      </p>
      <snippet language="C#">InformationPolicy-SharePointPolicyFeature-Registration</snippet>
      <p>These routines handle the registration and un-registration of the feature for a given content type.  The code first creates an ItemEventReceiver for the content type using the nested class you just created, and then it adds a "TrustedPrinters" field to the content type.</p>
      <p>
        Next, you will override the <b>OnCustomDataChange</b> method, which is called whenever the custom data associated with the policy item changes.  This happens when the policy administrator enters a new value into the custom UI you will provide for specifying the list of trusted printer names.  Add the following code snippet to the class definition.
      </p>
      <snippet language="C#">InformationPolicy-SharePointPolicyFeature-OnCustomDataChange</snippet>
      <p>
        SharePoint monitors the lifecycle of items affected by a policy and calls the <b>ProcessListItems</b> method when updates are needed for a given item.  Next, you will override this method to update the <b>TrustedPrinters</b> field with the updated list from the policy item.  Add the following code snippet to the class definition.
      </p>
      <snippet language="C#">InformationPolicy-SharePointPolicyFeature-ProcessListItem</snippet>
      <p>
        In order to test the policy feature, it must be registered in the site collection when the feature is activated.  Open the <b>FeatureReceiver.cs</b> file for editing.  Replace the <i>FeatureActivated</i> method with the following code snippet.
      </p>
      <snippet language="C#">InformationPolicy-PrinterControlPolicy-FeatureActivated</snippet>
      <p>
        This method gets the <i>SPSite</i> object from the feature receiver properties and uses the static <i>Install</i> method of the <i>SharePointPolicyFeature</i> base class to register the policy feature within the SharePoint environment.
      </p>
      <p>
        Similarly, replace the <i>FeatureDeactivating</i> method with the code snippet shown below.
      </p>
      <snippet language="C#">InformationPolicy-PrinterControlPolicy-FeatureDeactivating</snippet>
      <p>
        Now you are ready to test your work so far.  Build the project and navigate to any SharePoint site.  From the <i>Site Settings</i> page, select <i>Site Collection Features</i>.  You should see the your feature listed.
      </p>
      <image>InformationPolicy-PrinterControlPolicyFeatureInList.png</image>
      <p>
        Navigate to any document library and then from the <i>List Settings</i> page, select the <i>Information management policy settings</i> link.
      </p>
      <image>InformationPolicy-PrinterControlPolicyFeature-ListSettings.png</image>
      <p>If the document library has content types enabled, then you will see a list of content types to choose from.  Click one of the links to go to the policy settings page.  If content types are not enabled for the list, you will go directly to that page.</p>
      <p>
        From the policy settings page, select the <i>Define a policy...</i> link and click OK.
      </p>
      <image>InformationPolicy-SpecifyThePolicy.png</image>
      <p>Now, you should see your policy feature displayed at the bottom of the list of available policy features to be enabled.</p>
      <image>InformationPolicy-PrinterControlPolicyFeature-Enable.png</image>
      <p>If you enable the feature, you will get a post-back, but nothing is displayed beneath the checkbox.  In the next exercise, you will add a custom user interface to enable administrators to specify the list of trusted printers.</p>
    </Exercise>
    <Exercise Title="Add Custom Policy Feature Settings">
      <p>In this exercise, you will create a custom control for entering a list of trusted printers.  This will be a simple textbox with instructions to enter a semicolon-delimited list of printer names.</p>
      <Note>In actual practice, you would more likely retrieve the list of trusted printers from an external database or from a SharePoint list and present them as a dropdown list or combo-box.</Note>
      <p>The first step is to create a control template that SharePoint can load when the administrator selects the checkbox next to the name of your policy feature.</p>
      <p>Right-click the <i>TEMPLATE</i> folder in the <i>Solution Explorer</i> window and select <b>Add -gt; New Folder</b> from the context menu.  Name the new folder <b>LAYOUTS</b>.  Beneath the LAYOUTS folder, add a sub-folder named <b>ECM401.PrinterControlPolicyFeature</b>.  Within that folder, add a new <b>Text File</b> item and give it the name <b>PrinterPolicySettings.ascx</b>.
    </p>
      <Note>Although you selected <i>Text File</i> as the item type, Visual Studio uses the file extension to determine which editor to open.  Here, you are creating an <b>ASCX</b> file to use as a template for your custom user interface.
    </Note>
      <p>Add the following code to the ASCX file.</p>
      <snippet language="XML">InformationPolicy-PrinterPolicySettingsTemplate</snippet>
      <p>This template declares a Label, a TextBox and an associated FieldValidator control.  It inherits from a code-behind class you will now implement in a separate file.</p>
      <p>Add a new class to the project named <b>PrinterPolicySettings</b> and open the file for editing.  Delete the generated class declaration and enter the following code snippet.
    </p>
      <snippet language="C#">InformationPolicy-PrinterPolicySettings-ClassDeclaration</snippet>
      <p>Add the following using statements at the top of the file.</p>
      <code>
        <li>using System.Web.UI.WebControls;</li>
        <li>using System.Xml;</li>
        <li>using Microsoft.Office.RecordsManagement.InformationPolicy;</li>
        <li>using Microsoft.SharePoint;</li>
      </code>
      <p>The <i>m_customData</i> string will hold the custom data being transferred to and from the TextBox control.  The protected <i>TextBoxPrinters</i> control is automatically bound to the template by ASP.NET.
    </p>
      <p>Your <i>PrinterPolicySettings</i> class inherits from a base class that is provided by the SharePoint Information Policy framework for implementing policy feature user interfaces.  The <i>CustomSettingsControl</i> class is an abstract class that declares several abstract methods.  Because they are abstract methods, you must provide an implementation for all of them in your derived class.
    </p>
      <image>InformationPolicy-CustomSettingsControl.png</image>
      <p>Several methods will not be used in this solution, so you can enter stubs for the overrides as follows.</p>
      <snippet language="C#">InformationPolicy-PrinterPolicySettings-UnusedMethods</snippet>
      <p>The custom data consists of a list of printer names that you will embed into an <b>XML</b> fragment so it can be added to the payload of a content type.  Add the following method to the class definition.
    </p>
      <snippet language="C#">InformationPolicy-PrinterPolicySettings-CustomData</snippet>
      <p>The <i>LoadPostData</i> method is called to set the custom data string after the text in the control is modified.
    </p>
      <snippet language="C#">InformationPolicy-PrinterPolicySettings-LoadPostData</snippet>
      <p>Finally, you need to initialize the TextBox with the initial data when the page is loaded.</p>
      <snippet language="C#">InformationPolicy-PrinterPolicySettings-OnLoad</snippet>
      <p>Save and close the file.</p>
      <p>Now that you have created the control template and implemented its code-behind class, you need to tell SharePoint where it is located on the server.  You also need to provide some instructions for the administrator describing the purpose of the feature and how it should be used.</p>
      <p>Reopen the <i>PrinterPolicyFeature.cs</i> file for editing.
    </p>
      <Note>Because the base <i>SharePointPolicyFeature</i> class inherits from the <i>Installer</i> class, Visual Studio treats the class file as a <i>Component</i>, causing the IDE to attempt to load a designer for it.  To go directly to the code editor, you must right-click the file and choose <i>View Code</i>.
    </Note>
      <p>Add the following lines to the <i>PrinterPolicyFeature</i> constructor.
    </p>
      <snippet language="C#">InformationPolicy-PrinterPolicyFeature-Constructor</snippet>
      <p>Save your work and rebuild the project.</p>
      <p>Navigate back to the <i>Policy Settings</i> page for the policy you created earlier.  Now, your custom instructions appear beneath the <i>Document Print Controller</i> caption.  When you click the checkbox next to the <i>Enable Document Print Controller</i> policy feature, you should see a labeled TextBox control where you can enter the list of trusted printers.
    </p>
      <image>InformationPolicy-PrinterControlPolicyFeature-Enable2.png</image>
      <p>To test your work, enter some names into the TextBox control and save the policy.  Whenever you add or update an item to which the policy is attached, you should see the list of printers in the <i>Trusted Printers</i> column of the item.
    </p>
      <Note>It is not necessary to copy the list of trusted printers into a column of each list item.  This was done in the lab only to illustrate the steps that are typically required when writing policy features.  For the purposes of this scenario - managing trusted printers - you can access the policy definition along with its custom data directly from the content type payload.  In the next exercise, you will use this approach to prevent users from printing to untrusted printers.</Note>
    </Exercise>
    <Exercise Title="Create a Print Monitor Add-in for Word 2007">
      <p>To prevent users from violating the printer control policy, you need some additional code that will run on client machines.  This code must be installed on each client and configured as an application-level add-in for the office client applications.  In this exercise, you will use <b>Visual Studio Tools for Office</b> to create a print monitor add-in for Word 2007 that will read the trusted printer list from the document and compare them to the currently active printer.  If the currently active printer name is not in the list, then any attempt to print the document is aborted with a message.
    </p>
      <p>When an information policy is attached to a content type, a copy of the policy is embedded within any document that is associated with the type.  This means that the entire policy definition travels with the document and is accessible from your add-in code.</p>
      <p>Start by creating a new <b>VSTO</b> project called <b>ECM401.PrintMonitorAddin</b>.  From the <b>New Project</b> dialog, select <b>Word 2007 Add-in</b> from the <b>Office/2007</b> section.
    </p>
      <image>InformationPolicy-PrintMonitor-NewProjectDialog.png</image>
      <p>Open the <b>ThisAddIn.cs</b> file for editing. Add the folllwing namespaces to the <i>using</i> statements at the top of the file.
    </p>
      <code>
        <li>using System.Xml;</li>
        <li>using System.Windows.Forms;</li>
      </code>
      <p>The first bit of code to add will handle the <i>Startup</i> event to install a handler for the print event.  This handler will be called whenever the user attempts to print the active document.  Add the following code inside the <b>ThisAddIn_Startup</b> event handler that was auto-generated by the <i>New Project</i> wizard.
    </p>
      <code>
        <li>// install a handler for the print event</li>
        <li>this.Application.DocumentBeforePrint</li>
        <indent>
          <li>+= new Word.ApplicationEvent4_DocumentBeforePrintEventHandler(</li>
          <indent>
            <li>Application_DocumentBeforePrint);</li>
          </indent>
        </indent>
      </code>
      <p>Replace the generated event handler stub with the following code snippet.</p>
      <snippet language="C#">InformationPolicy-PrintMonitorAddin-DocumentBeforePrint</snippet>
      <p>The next routine will return true if the specified printer is a trusted printer as defined by the policy.</p>
      <snippet language="C#">InformationPolicy-PrintMonitorAddin-PrinterIsTrusted</snippet>
      <p>Finally, you need a routine to extract the list of trusted printers from the information policy attached to the document.  The information policy is embedded as a <i>CustomXMLPart</i> object in the active document.  The collection of custom xml parts is exposed as a property of the <i>Microsoft.Office.Interop.Word.Document</i> object.  Add the following code snippet to the class definition.
    </p>
      <snippet language="C#">InformationPolicy-PrintMonitorAddin-GetTrustedPrintersList</snippet>
      <p>To test your work, simply run the project in the debugger and open a document from the document library you used to test the information policy.  Try to print the document.  You should see a dialog like the one shown below.</p>
      <image>InformationPolicy-PrintMonitor-DialogBox.png</image>
    </Exercise>
  </Exercises>
</Lab>
