<?xml version="1.0" encoding="UTF-8" standalone="yes"?>
<w:document xmlns:ve="http://schemas.openxmlformats.org/markup-compatibility/2006" xmlns:o="urn:schemas-microsoft-com:office:office" xmlns:r="http://schemas.openxmlformats.org/officeDocument/2006/relationships" xmlns:m="http://schemas.openxmlformats.org/officeDocument/2006/math" xmlns:v="urn:schemas-microsoft-com:vml" xmlns:wp="http://schemas.openxmlformats.org/drawingml/2006/wordprocessingDrawing" xmlns:w10="urn:schemas-microsoft-com:office:word" xmlns:w="http://schemas.openxmlformats.org/wordprocessingml/2006/main" xmlns:wne="http://schemas.microsoft.com/office/word/2006/wordml"><w:body><w:p w:rsidR="006F30E7" w:rsidRDefault="00891832" w:rsidP="00891832"><w:pPr><w:pStyle w:val="Title"/></w:pPr><w:r><w:t xml:space="preserve">Lab </w:t></w:r><w:sdt><w:sdtPr><w:alias w:val="Lab Number"/><w:tag w:val="Lab Number"/><w:id w:val="955255204"/><w:placeholder><w:docPart w:val="DefaultPlaceholder_22675703"/></w:placeholder><w:text/></w:sdtPr><w:sdtContent><w:r><w:t>1</w:t></w:r></w:sdtContent></w:sdt><w:r><w:t xml:space="preserve">: </w:t></w:r><w:sdt><w:sdtPr><w:alias w:val="Lab Title"/><w:tag w:val="Lab Title"/><w:id w:val="955255207"/><w:placeholder><w:docPart w:val="DefaultPlaceholder_22675703"/></w:placeholder><w:text/></w:sdtPr><w:sdtContent><w:r><w:t>Batch File Upload</w:t></w:r></w:sdtContent></w:sdt></w:p><w:p w:rsidR="00891832" w:rsidRDefault="00891832" w:rsidP="00C06FA2"><w:r w:rsidRPr="00C06FA2"><w:rPr><w:b/></w:rPr><w:t>Lab Time:</w:t></w:r><w:r w:rsidR="00C06FA2"><w:t xml:space="preserve"> 45 Minutes</w:t></w:r></w:p><w:p w:rsidR="00891832" w:rsidRDefault="00891832" w:rsidP="00C06FA2"><w:r w:rsidRPr="00C06FA2"><w:rPr><w:b/></w:rPr><w:t>Lab Directory:</w:t></w:r><w:r><w:tab/></w:r><w:r w:rsidR="00C06FA2"><w:t>Student/Labs/01_BatchFileUpload</w:t></w:r></w:p><w:p w:rsidR="00891832" w:rsidRDefault="00891832" w:rsidP="00C06FA2"><w:r w:rsidRPr="00C06FA2"><w:rPr><w:b/></w:rPr><w:t>Lab Overview</w:t></w:r><w:r w:rsidR="00C06FA2" w:rsidRPr="00C06FA2"><w:rPr><w:b/></w:rPr><w:t>:</w:t></w:r><w:r w:rsidR="00C06FA2"><w:t xml:space="preserve"> </w:t></w:r><w:r w:rsidR="00C06FA2"><w:rPr><w:noProof/></w:rPr><w:t>In this lab, you will create a console application that uploads files into one or more SharePoint document libraries in a batch operation.  Using your solution, an enterprise content administrator can create an XML content manifest that specifies the source files and folders as well as the target sites and document libraries into which the files should be copied.  Your solution will also include the option of creating the target document libraries if they do not already exist.</w:t></w:r></w:p><w:p w:rsidR="00E11427" w:rsidRDefault="004D3DE2" w:rsidP="00C06FA2"><w:pPr><w:pStyle w:val="Heading1"/></w:pPr><w:r><w:t xml:space="preserve">Exercise </w:t></w:r><w:fldSimple w:instr=" SEQ Exercise \* MERGEFORMAT "><w:r w:rsidR="00C435AC"><w:rPr><w:noProof/></w:rPr><w:t>1</w:t></w:r></w:fldSimple><w:r><w:t>: Create the Visual Studio Project</w:t></w:r></w:p><w:p w:rsidR="004D3DE2" w:rsidRDefault="004D3DE2" w:rsidP="00C06FA2"><w:pPr><w:pStyle w:val="ListParagraph"/><w:numPr><w:ilvl w:val="0"/><w:numId w:val="1"/></w:numPr></w:pPr><w:r><w:t>Start by creating a Console Application project named ECM401.BatchFileUpload in Visual Studio.</w:t></w:r></w:p><w:p w:rsidR="004D3DE2" w:rsidRDefault="004D3DE2" w:rsidP="00C06FA2"><w:pPr><w:pStyle w:val="ListParagraph"/><w:numPr><w:ilvl w:val="0"/><w:numId w:val="1"/></w:numPr></w:pPr><w:r><w:t>Add a reference to the Microsoft.SharePoint assembly.</w:t></w:r></w:p><w:p w:rsidR="004D3DE2" w:rsidRDefault="004D3DE2" w:rsidP="00C06FA2"><w:pPr><w:pStyle w:val="ListParagraph"/><w:numPr><w:ilvl w:val="0"/><w:numId w:val="1"/></w:numPr></w:pPr><w:r><w:t>Open the Program.cs file and import the System.Reflection namespace at the top of the file.</w:t></w:r></w:p><w:p w:rsidR="004D3DE2" w:rsidRDefault="00C06FA2" w:rsidP="00C06FA2"><w:pPr><w:pStyle w:val="Code"/></w:pPr><w:r><w:t>using System.Reflection;</w:t></w:r></w:p><w:p w:rsidR="00C06FA2" w:rsidRDefault="00C06FA2" w:rsidP="00E11427"><w:r><w:t>Your program will require a single argument, which will be the path to a file containing file upload instructions.  Insert the highlighted code into the static Main method, as follows:</w:t></w:r></w:p><w:p w:rsidR="00C06FA2" w:rsidRDefault="00C06FA2" w:rsidP="00C06FA2"><w:pPr><w:pStyle w:val="Code"/></w:pPr><w:r><w:t>static void Main(string[] args)</w:t></w:r></w:p><w:p w:rsidR="00C06FA2" w:rsidRDefault="00C06FA2" w:rsidP="00C06FA2"><w:pPr><w:pStyle w:val="Code"/></w:pPr><w:r><w:t>{</w:t></w:r></w:p><w:p w:rsidR="00C06FA2" w:rsidRPr="00C06FA2" w:rsidRDefault="00C06FA2" w:rsidP="00C06FA2"><w:pPr><w:pStyle w:val="Code"/><w:rPr><w:b/></w:rPr></w:pPr><w:r w:rsidRPr="00C06FA2"><w:rPr><w:b/></w:rPr><w:tab/><w:t>If (args.Length &gt; 0)</w:t></w:r></w:p><w:p w:rsidR="00C06FA2" w:rsidRPr="00C06FA2" w:rsidRDefault="00C06FA2" w:rsidP="00C06FA2"><w:pPr><w:pStyle w:val="Code"/><w:rPr><w:b/></w:rPr></w:pPr><w:r w:rsidRPr="00C06FA2"><w:rPr><w:b/></w:rPr><w:tab/><w:t>{</w:t></w:r></w:p><w:p w:rsidR="00C06FA2" w:rsidRPr="00C06FA2" w:rsidRDefault="00C06FA2" w:rsidP="00C06FA2"><w:pPr><w:pStyle w:val="Code"/><w:rPr><w:b/></w:rPr></w:pPr><w:r w:rsidRPr="00C06FA2"><w:rPr><w:b/></w:rPr><w:tab/></w:r><w:r w:rsidRPr="00C06FA2"><w:rPr><w:b/></w:rPr><w:tab/><w:t>ProcessUploadSpecification(args[0]);</w:t></w:r></w:p><w:p w:rsidR="00C06FA2" w:rsidRPr="00C06FA2" w:rsidRDefault="00C06FA2" w:rsidP="00C06FA2"><w:pPr><w:pStyle w:val="Code"/><w:rPr><w:b/></w:rPr></w:pPr><w:r w:rsidRPr="00C06FA2"><w:rPr><w:b/></w:rPr><w:tab/><w:t>}</w:t></w:r></w:p><w:p w:rsidR="00C06FA2" w:rsidRPr="00C06FA2" w:rsidRDefault="00C06FA2" w:rsidP="00C06FA2"><w:pPr><w:pStyle w:val="Code"/><w:rPr><w:b/></w:rPr></w:pPr><w:r w:rsidRPr="00C06FA2"><w:rPr><w:b/></w:rPr><w:tab/><w:t>else</w:t></w:r></w:p><w:p w:rsidR="00C06FA2" w:rsidRPr="00C06FA2" w:rsidRDefault="00C06FA2" w:rsidP="00C06FA2"><w:pPr><w:pStyle w:val="Code"/><w:rPr><w:b/></w:rPr></w:pPr><w:r w:rsidRPr="00C06FA2"><w:rPr><w:b/></w:rPr><w:tab/><w:t>{</w:t></w:r></w:p><w:p w:rsidR="00C06FA2" w:rsidRPr="00C06FA2" w:rsidRDefault="00C06FA2" w:rsidP="00C06FA2"><w:pPr><w:pStyle w:val="Code"/><w:rPr><w:b/></w:rPr></w:pPr><w:r w:rsidRPr="00C06FA2"><w:rPr><w:b/></w:rPr><w:tab/></w:r><w:r w:rsidRPr="00C06FA2"><w:rPr><w:b/></w:rPr><w:tab/><w:t>Console.WriteLine(“No specification file provided.\n”);</w:t></w:r></w:p><w:p w:rsidR="00C06FA2" w:rsidRPr="00C06FA2" w:rsidRDefault="00C06FA2" w:rsidP="00C06FA2"><w:pPr><w:pStyle w:val="Code"/><w:rPr><w:b/></w:rPr></w:pPr><w:r w:rsidRPr="00C06FA2"><w:rPr><w:b/></w:rPr><w:tab/></w:r><w:r w:rsidRPr="00C06FA2"><w:rPr><w:b/></w:rPr><w:tab/><w:t>Console.WriteLine(“Usage:”);</w:t></w:r></w:p><w:p w:rsidR="00C06FA2" w:rsidRPr="00C06FA2" w:rsidRDefault="00C06FA2" w:rsidP="00C06FA2"><w:pPr><w:pStyle w:val="Code"/><w:rPr><w:b/></w:rPr></w:pPr><w:r w:rsidRPr="00C06FA2"><w:rPr><w:b/></w:rPr><w:tab/></w:r><w:r w:rsidRPr="00C06FA2"><w:rPr><w:b/></w:rPr><w:tab/><w:t>Console.WriteLine(“\t{0} &lt;filename&gt;”,Assembly.GetExecutingAssembly().GetName().Name);</w:t></w:r></w:p><w:p w:rsidR="00C06FA2" w:rsidRPr="00C06FA2" w:rsidRDefault="00C06FA2" w:rsidP="00C06FA2"><w:pPr><w:pStyle w:val="Code"/><w:rPr><w:b/></w:rPr></w:pPr><w:r w:rsidRPr="00C06FA2"><w:rPr><w:b/></w:rPr><w:tab/><w:t>}</w:t></w:r></w:p><w:p w:rsidR="00C06FA2" w:rsidRPr="00C06FA2" w:rsidRDefault="00C06FA2" w:rsidP="00C06FA2"><w:pPr><w:pStyle w:val="Code"/><w:rPr><w:b/></w:rPr></w:pPr><w:r w:rsidRPr="00C06FA2"><w:rPr><w:b/></w:rPr><w:tab/><w:t>Console.Write(“\nPress any key…”);</w:t></w:r></w:p><w:p w:rsidR="00C06FA2" w:rsidRPr="00C06FA2" w:rsidRDefault="00C06FA2" w:rsidP="00C06FA2"><w:pPr><w:pStyle w:val="Code"/><w:rPr><w:b/></w:rPr></w:pPr><w:r w:rsidRPr="00C06FA2"><w:rPr><w:b/></w:rPr><w:tab/><w:t>Console.ReadKey();</w:t></w:r></w:p><w:p w:rsidR="00C06FA2" w:rsidRDefault="00C06FA2" w:rsidP="00C06FA2"><w:pPr><w:pStyle w:val="Code"/></w:pPr><w:r><w:t>}</w:t></w:r></w:p><w:p w:rsidR="00C435AC" w:rsidRDefault="00C435AC" w:rsidP="00C435AC"><w:pPr><w:pStyle w:val="ListParagraph"/><w:numPr><w:ilvl w:val="0"/><w:numId w:val="1"/></w:numPr></w:pPr><w:r><w:t>Create a placeholder for the main processing method as follows:</w:t></w:r></w:p><w:p w:rsidR="00C435AC" w:rsidRDefault="00C435AC" w:rsidP="00C435AC"><w:pPr><w:pStyle w:val="Code"/></w:pPr><w:r><w:t>Static void ProcessUploadSpecification(string specificationFile){}</w:t></w:r></w:p><w:p w:rsidR="00C435AC" w:rsidRPr="00891832" w:rsidRDefault="00C435AC" w:rsidP="00C435AC"><w:pPr><w:pStyle w:val="ListParagraph"/><w:numPr><w:ilvl w:val="0"/><w:numId w:val="1"/></w:numPr></w:pPr><w:r><w:t>Save and close the Program.cs file.  Build the project.</w:t></w:r></w:p><w:sectPr w:rsidR="00C435AC" w:rsidRPr="00891832" w:rsidSect="006F30E7"><w:pgSz w:w="12240" w:h="15840"/><w:pgMar w:top="1440" w:right="1440" w:bottom="1440" w:left="1440" w:header="720" w:footer="720" w:gutter="0"/><w:cols w:space="720"/><w:docGrid w:linePitch="360"/></w:sectPr></w:body></w:document>