﻿<?xml version="1.0" encoding="utf-8" ?>
<Solution SolutionId="1e83ae2d-12de-40fa-883e-66dcb4afde21" xmlns="http://schemas.microsoft.com/sharepoint/">
  <FeatureManifests>
    <FeatureManifest Location="DocumentArchiveWorkflowPart3\Feature.xml" />
  </FeatureManifests>
  <Assemblies>
    <Assembly Location="DocumentArchiveWorkflowPart3.dll" DeploymentTarget="GlobalAssemblyCache"/>
  </Assemblies>
<TemplateFiles>
  <TemplateFile Location="LAYOUTS\DocArchivePart3TaskForm.aspx"/>
</TemplateFiles>
</Solution>

